analysis_family,analysis_label,scheme,model_id,outcome,predictor_id,zone,band,n_source_features,source_channels,source_eeg_ids,moderator_id,n,n_w0,n_w1,x_mean_db,x_sd_db,beta_interaction,se_interaction,t_interaction,df_resid,p_raw,p_hc3,r2_full,r2_reduced,delta_r2,cohen_f2_interaction,slope_w0,se_slope_w0,ci95_low_slope_w0,ci95_high_slope_w0,p_slope_w0,slope_w1,se_slope_w1,ci95_low_slope_w1,ci95_high_slope_w1,p_slope_w1,design_rank,condition_number,status,p_FDR_block,hit_FDR_block_0_10,p_FDR_scheme_global,hit_FDR_scheme_global_0_10,p_FDR_aggregation_global_750,hit_FDR_aggregation_global_0_10,p_BY_aggregation_global_750,p_FDR_full_search_2670,hit_FDR_full_search_0_10,p_BY_full_search_2670
DELTA_OC_MINUS_OA,Reactividad OC−OA,ZONE_BAND,MSPSS_ZB_CENTRAL_ALPHA_W3,MSPSS,ZB_CENTRAL_ALPHA,central,alpha,2,C3 | C4,EEG19 | EEG23,W3,25,6,19,0.5205211077237656,2.131580235005688,10.407737453389217,4.043610624293903,2.5738723186797,21.0,0.0176986538517414,0.8024787611928195,0.2469258589137734,0.0093553988164765,0.2375704600972968,0.3154675577555055,-0.5462619120449934,1.0090768871825913,-2.644752177024621,1.552228352934634,0.5939648339222499,9.86147554134422,3.915680109081488,1.7183729749735672,18.004578107714877,0.019964947005798,4,6.737136396330646,ok,0.7955436841346429,False,0.6893072022045257,False,0.6938197114213545,False,1.0,0.7054464477975972,False,1.0
DELTA_OC_MINUS_OA,Reactividad OC−OA,ZONE_BAND,BAI_ZB_FRONTAL_BETA_W4,BAI,ZB_FRONTAL_BETA,frontal,beta,6,Fp1 | Fp2 | F3 | F4 | F7 | F8,EEG4 | EEG8 | EEG12 | EEG16 | EEG44 | EEG48,W4,25,17,8,1.0647398055169004,5.192934095347053,12.723009747632084,5.331571993176937,2.3863524236218354,21.0,0.0265066585208922,0.0539826982695158,0.2895351588699917,0.0968747578123433,0.1926604010576483,0.2711751376059907,-12.953822665405175,5.3133452637496905,-24.003529037717275,-1.9041162930930755,0.0237433173444301,-0.2308129177730897,0.4404793146305513,-1.146839798794944,0.6852139632487643,0.6057627542681661,4,39.48367807110754,ok,0.7955436841346429,False,0.6893072022045257,False,0.6938197114213545,False,1.0,0.7054464477975972,False,1.0
DELTA_OC_MINUS_OA,Reactividad OC−OA,ZONE_BAND,MSPSS_ZB_CENTRAL_ALPHA_W4,MSPSS,ZB_CENTRAL_ALPHA,central,alpha,2,C3 | C4,EEG19 | EEG23,W4,25,17,8,0.5205211077237656,2.131580235005688,-12.767816942680966,5.493113861757547,-2.324331383619972,21.0,0.030219191975412,0.2172665668296369,0.2693749498128658,0.0814123878167802,0.1879625619960855,0.2572626848038442,13.111038717281978,5.403027239793549,1.8748284659665335,24.347248968597423,0.024327820321898,0.3432217746010124,0.9907555421403296,-1.717167167574695,2.40361071677672,0.732470872072223,4,13.334373228796656,ok,0.7955436841346429,False,0.6893072022045257,False,0.6938197114213545,False,1.0,0.7054464477975972,False,1.0
DELTA_OC_MINUS_OA,Reactividad OC−OA,ZONE_BAND,MSPSS_ZB_TEMPORAL_ALPHA_W3,MSPSS,ZB_TEMPORAL_ALPHA,temporal,alpha,2,T7 | T8,EEG51 | EEG55,W3,25,6,19,0.524582497904985,2.1175379213095704,8.62596937049575,3.808649114612512,2.2648369831184483,21.0,0.0342250165737987,0.8612086923363399,0.2037664357415726,0.0092774182860972,0.1944890174554753,0.244261264766718,-0.5692133829454616,1.0543815513514396,-2.761919854761364,1.623493088870441,0.5949759207271019,8.056755987550288,3.659793385207477,0.4457989948300369,15.667712980270538,0.0390255806935192,4,6.680904783042956,ok,0.7955436841346429,False,0.6893072022045257,False,0.6938197114213545,False,1.0,0.7054464477975972,False,1.0
OC,Ojos cerrados,ZONE_BAND,MSPSS_ZB_PARIETAL_THETA_W4,MSPSS,ZB_PARIETAL_THETA,parietal,theta,4,P3 | P4 | P7 | P8,EEG26 | EEG30 | EEG58 | EEG62,W4,25,17,8,17.344982129937286,11.374232926109208,-0.9933469814551809,0.4412165107202649,-2.251382161183382,21.0,0.0351959711422259,0.0405552918464419,0.2522237063038611,0.0717346644697063,0.1804890418341548,0.2413676969378452,0.2952429263127583,0.1959354629659862,-0.112227175144434,0.7027130277699507,0.1467484109520535,-0.6981040551424225,0.3953243019148588,-1.520225946561868,0.124017836277023,0.0919483459381974,4,26.84653431956962,ok,0.5895721906681803,False,0.6893072022045257,False,0.6938197114213545,False,1.0,0.7054464477975972,False,1.0
OC,Ojos cerrados,ZONE_BAND,MSPSS_ZB_CENTRAL_THETA_W4,MSPSS,ZB_CENTRAL_THETA,central,theta,2,C3 | C4,EEG18 | EEG22,W4,25,17,8,17.149842108868302,11.366654659893218,-0.99825674255156,0.4458483609061693,-2.239005074556386,21.0,0.0361113401230306,0.0429977770873864,0.2512441249697722,0.0725002766062954,0.1787438483634768,0.2387211297090133,0.2945064059587635,0.1954664271455208,-0.1119882821125158,0.701001094030043,0.1467872179501734,-0.7037503365927965,0.4007164044329639,-1.5370857190610845,0.1295850458754913,0.0936242074466442,4,26.77794429916722,ok,0.5895721906681803,False,0.6893072022045257,False,0.6938197114213545,False,1.0,0.7054464477975972,False,1.0
OC,Ojos cerrados,ZONE_BAND,MSPSS_ZB_TEMPORAL_THETA_W4,MSPSS,ZB_TEMPORAL_THETA,temporal,theta,2,T7 | T8,EEG50 | EEG54,W4,25,17,8,17.275949836954464,11.393341431240168,-0.9922441550980908,0.4452848634665832,-2.2283356936352603,21.0,0.0369178175936468,0.0485354710983135,0.2499024595432305,0.072540825837021,0.1773616337062095,0.2364514268347096,0.2935824648934056,0.1953394214034807,-0.1126481002783672,0.6998130300651786,0.1477458017780236,-0.6986616902046852,0.4001513714561114,-1.530822022271583,0.1334986418622125,0.095426544329023,4,26.88083098033425,ok,0.5895721906681803,False,0.6893072022045257,False,0.6938197114213545,False,1.0,0.7054464477975972,False,1.0
OC,Ojos cerrados,ZONE_BAND,MSPSS_ZB_FRONTAL_THETA_W4,MSPSS,ZB_FRONTAL_THETA,frontal,theta,6,Fp1 | Fp2 | F3 | F4 | F7 | F8,EEG2 | EEG6 | EEG10 | EEG14 | EEG42 | EEG46,W4,25,17,8,17.247263672443356,11.36328711756634,-0.9866660584734376,0.4433449648832281,-2.225504148295253,21.0,0.0371345923882294,0.0532327863957844,0.2497604962612334,0.0728158407310359,0.1769446555301974,0.2358508911466352,0.2977033859937009,0.1963942579713178,-0.1107208319084711,0.7061276038958728,0.1444672709427579,-0.6889626724797366,0.3974720786712021,-1.515551110177058,0.1376257652175846,0.0976916113907698,4,26.837921244292197,ok,0.5895721906681803,False,0.6893072022045257,False,0.6938197114213545,False,1.0,0.7054464477975972,False,1.0
OC,Ojos cerrados,ZONE_BAND,MSPSS_ZB_FRONTAL_DELTA_W4,MSPSS,ZB_FRONTAL_DELTA,frontal,delta,6,Fp1 | Fp2 | F3 | F4 | F7 | F8,EEG1 | EEG5 | EEG9 | EEG13 | EEG41 | EEG45,W4,25,17,8,21.776643637751437,12.622114375615476,-0.9886009523357028,0.4473943736134177,-2.2096857060386905,21.0,0.0383671163844182,0.0426459700799229,0.2577877297987624,0.0852159223569781,0.1725718074417842,0.232510043784367,0.2782173155703658,0.1715159977742631,-0.0784697279932736,0.6349043591340052,0.1196988267838177,-0.7103836367653369,0.4132117956308137,-1.5697046077639616,0.1489373342332878,0.1002899539572121,4,30.154638793151445,ok,0.5895721906681803,False,0.6893072022045257,False,0.6938197114213545,False,1.0,0.7054464477975972,False,1.0
OC,Ojos cerrados,ZONE_BAND,MSPSS_ZB_CENTRAL_DELTA_W4,MSPSS,ZB_CENTRAL_DELTA,central,delta,2,C3 | C4,EEG17 | EEG21,W4,25,17,8,21.65626321179784,12.53783633299731,-0.9967510926806366,0.4534982975424804,-2.197915842423352,21.0,0.039308251409083,0.0557680974880863,0.2570471264695084,0.0861384579325794,0.170908668536929,0.2300397166845532,0.2804347647159704,0.1724844197093661,-0.0782662225114472,0.6391357519433881,0.1188944358345692,-0.716316327964666,0.4194160593389952,-1.5885397716671663,0.1559071157378344,0.1023991745450285,4,29.94512837830703,ok,0.5895721906681803,False,0.6893072022045257,False,0.6938197114213545,False,1.0,0.7054464477975972,False,1.0
OC,Ojos cerrados,ZONE_BAND,MSPSS_ZB_PARIETAL_DELTA_W4,MSPSS,ZB_PARIETAL_DELTA,parietal,delta,4,P3 | P4 | P7 | P8,EEG25 | EEG29 | EEG57 | EEG61,W4,25,17,8,21.80139740724204,12.686983185554586,-0.970334717705471,0.44208530120363,-2.1949038230034312,21.0,0.0395524503098519,0.05531923199773,0.2550522614162256,0.084154056393827,0.1708982050223986,0.2294096567730972,0.2747954704954735,0.1711687883285764,-0.0811695114978957,0.6307604524888427,0.123338324881112,-0.6955392472099975,0.4076035567097411,-1.5431972469038189,0.152118752483824,0.1026782684073168,4,30.260785582125678,ok,0.5895721906681803,False,0.6893072022045257,False,0.6938197114213545,False,1.0,0.7054464477975972,False,1.0
OC,Ojos cerrados,ZONE_BAND,MSPSS_ZB_OCCIPITAL_THETA_W4,MSPSS,ZB_OCCIPITAL_THETA,occipital,theta,2,O1 | O2,EEG34 | EEG38,W4,25,17,8,17.048187388373652,11.252490706558492,-0.9946323957724208,0.4532016386767005,-2.194679610331152,21.0,0.0395706833981305,0.0726288512246124,0.2467071174144228,0.0739297601055908,0.172777357308832,0.2293627900953967,0.3003552750341533,0.1983609599568205,-0.1121589235455235,0.7128694736138301,0.1448854964096987,-0.6942771207382674,0.40748577259121,-1.5416901749485024,0.1531359334719676,0.1031714293027392,4,26.625686232142268,ok,0.5895721906681803,False,0.6893072022045257,False,0.6938197114213545,False,1.0,0.7054464477975972,False,1.0
DELTA_OC_MINUS_OA,Reactividad OC−OA,ZONE_BAND,MSPSS_ZB_PARIETAL_ALPHA_W3,MSPSS,ZB_PARIETAL_ALPHA,parietal,alpha,4,P3 | P4 | P7 | P8,EEG27 | EEG31 | EEG59 | EEG63,W3,25,6,19,0.5676850949825529,2.179428933916049,8.39522864438784,3.857745074908914,2.1762009882382034,21.0,0.0410999155382899,0.7813080235525875,0.1915751390313098,0.0092618306012957,0.1823133084300141,0.2255167019623299,-0.5062809135198875,1.0252694061784555,-2.6384453651843303,1.625883538144555,0.6265706724755469,7.888947730867953,3.719007892938446,0.1548474280616449,15.62304803367426,0.0459695425775877,4,6.851745498104513,ok,0.7955436841346429,False,0.6893072022045257,False,0.6938197114213545,False,1.0,0.7054464477975972,False,1.0
OC,Ojos cerrados,ZONE_BAND,MSPSS_ZB_TEMPORAL_DELTA_W4,MSPSS,ZB_TEMPORAL_DELTA,temporal,delta,2,T7 | T8,EEG49 | EEG53,W4,25,17,8,21.68530626896891,12.654098636436837,-0.9561398830576758,0.4398136873270534,-2.1739657282349945,21.0,0.0412884936910935,0.0855002157098246,0.2523099036830488,0.0840395064201839,0.1682703972628648,0.2250536660733484,0.2760140140368611,0.1722613426960695,-0.0822230591452645,0.6342510872189867,0.1240258452575162,-0.6801258690208147,0.4046753135203163,-1.521694253637179,0.1614425155955494,0.1076422638865146,4,30.16178350138865,ok,0.5895721906681803,False,0.6893072022045257,False,0.6938197114213545,False,1.0,0.7054464477975972,False,1.0
DELTA_OC_MINUS_OA,Reactividad OC−OA,ZONE_BAND,MSPSS_ZB_OCCIPITAL_BETA_W5,MSPSS,ZB_OCCIPITAL_BETA,occipital,beta,2,O1 | O2,EEG36 | EEG40,W5,25,11,14,1.1281152502932732,5.129693929000322,-8.973374705200971,4.183631286936755,-2.1448770433522726,21.0,0.0438151831405618,0.5585941837390992,0.3776590531736274,0.2413220060604359,0.1363370471131915,0.219071311004751,9.009208270490609,4.168446762065782,0.3404486730883391,17.677967867892875,0.0423731097673959,0.0358335652896357,0.3561212389895187,-0.704761093714542,0.7764282242938135,0.920805160171444,4,35.056573805583334,ok,0.7955436841346429,False,0.6893072022045257,False,0.6938197114213545,False,1.0,0.7054464477975972,False,1.0
OC,Ojos cerrados,ZONE_BAND,MSPSS_ZB_OCCIPITAL_DELTA_W4,MSPSS,ZB_OCCIPITAL_DELTA,occipital,delta,2,O1 | O2,EEG33 | EEG37,W4,25,17,8,21.36993884727363,12.45982274524686,-0.9627967424947296,0.454982976999036,-2.1161159673382013,21.0,0.0464502137941871,0.1629140218088536,0.2462931337441327,0.085576027065136,0.1607171066789967,0.2132355612963684,0.2791166735900338,0.1755299154672922,-0.0859177687796263,0.644151115959694,0.1267464831319618,-0.6836800689046958,0.4197603579841128,-1.5566195208363038,0.1892593830269121,0.1182787943373159,4,29.873334747595425,ok,0.5895721906681803,False,0.6893072022045257,False,0.6938197114213545,False,1.0,0.7054464477975972,False,1.0
DELTA_OC_MINUS_OA,Reactividad OC−OA,ZONE_BAND,MSPSS_ZB_FRONTAL_ALPHA_W3,MSPSS,ZB_FRONTAL_ALPHA,frontal,alpha,6,Fp1 | Fp2 | F3 | F4 | F7 | F8,EEG3 | EEG7 | EEG11 | EEG15 | EEG43 | EEG47,W3,25,6,19,0.47006688644992,2.161725189367838,8.254554074549404,3.948029075608736,2.090803769796618,21.0,0.0488866834752658,0.5198891336071377,0.1797816707961509,0.009041101816049,0.1707405689801019,0.2081647811331313,-0.5287145254630615,1.0400231095961776,-2.691560983016005,1.6341319320898822,0.6164942473443992,7.725839549086342,3.808580511602436,-0.1945372116021122,15.646216309774797,0.0553764948975415,4,6.795409741405594,ok,0.7955436841346429,False,0.6893072022045257,False,0.6938197114213545,False,1.0,0.7054464477975972,False,1.0
OC,Ojos cerrados,ZONE,MSPSS_Z_PARIETAL_W4,MSPSS,Z_PARIETAL,parietal,all_bands,16,P3 | P4 | P7 | P8,EEG25 | EEG26 | EEG27 | EEG28 | EEG29 | EEG30 | EEG31 | EEG32 | EEG57 | EEG58 | EEG59 | EEG60 | EEG61 | EEG62 | EEG63 | EEG64,W4,25,17,8,17.145720979247024,9.642280433611608,-1.091312994824749,0.5324766686714271,-2.049503873188781,21.0,0.0531096870650517,0.1455324941140203,0.2320487284467955,0.0784414283161502,0.1536073001306453,0.2000221964864646,0.3554408402846053,0.2325801529994626,-0.128236065901959,0.8391177464711697,0.1413736259345286,-0.7358721545401438,0.4789967380997154,-1.7320004026717102,0.2602560935914226,0.1394010703607696,4,22.58803763450267,ok,0.521732734045224,False,0.6805321731770124,False,0.6938197114213545,False,1.0,0.7054464477975972,False,1.0
OA,Ojos abiertos,ZONE_BAND,MSPSS_ZB_TEMPORAL_THETA_W4,MSPSS,ZB_TEMPORAL_THETA,temporal,theta,2,T7 | T8,EEG50 | EEG54,W4,25,17,8,15.942730521909976,12.147352547177336,-0.7320007992808596,0.3586151727988492,-2.0411874756103696,21.0,0.0539985958619791,0.2082947881334879,0.2199831463824714,0.0652260824800089,0.1547570639024624,0.1984022052661257,0.2841719217506059,0.198452976136762,-0.1285336349508162,0.6968774784520282,0.1668790615446488,-0.4478288775302536,0.2986992775753069,-1.069008030586018,0.1733502755255108,0.1486892610909373,4,28.61100290300547,ok,0.5938739919768675,False,0.6893072022045257,False,0.6938197114213545,False,1.0,0.7054464477975972,False,1.0
OC,Ojos cerrados,ZONE,MSPSS_Z_CENTRAL_W4,MSPSS,Z_CENTRAL,central,all_bands,8,C3 | C4,EEG17 | EEG18 | EEG19 | EEG20 | EEG21 | EEG22 | EEG23 | EEG24,W4,25,17,8,16.991450626930785,9.578137091582258,-1.099863942301087,0.5406212219828523,-2.034444630691861,21.0,0.0547290614333398,0.1562344603085937,0.2310397718786869,0.0794826558666502,0.1515571160120367,0.1970935693024252,0.3580227198319239,0.2337398602824336,-0.1280659296761385,0.8441113693399864,0.140519708995657,-0.7418412224691631,0.4874802389568023,-1.7556118764348867,0.2719294314965605,0.1429786697260283,4,22.42904292786683,ok,0.521732734045224,False,0.6805321731770124,False,0.6938197114213545,False,1.0,0.7054464477975972,False,1.0
OC,Ojos cerrados,ZONE,MSPSS_Z_TEMPORAL_W4,MSPSS,Z_TEMPORAL,temporal,all_bands,8,T7 | T8,EEG49 | EEG50 | EEG51 | EEG52 | EEG53 | EEG54 | EEG55 | EEG56,W4,25,17,8,17.08676137812887,9.647145283650715,-1.0814791874034926,0.532454772588761,-2.0311193421093967,21.0,0.0550925392105042,0.1577418152274431,0.2301315242239427,0.0788910167953192,0.1512405074286235,0.1964497991376607,0.355684971673404,0.2327895513818173,-0.1284274022881687,0.8397973456349769,0.1414542123900792,-0.7257942157300885,0.4788706606381323,-1.7216602714270386,0.2700718399668617,0.1445197168415762,4,22.59708879435305,ok,0.521732734045224,False,0.6805321731770124,False,0.6938197114213545,False,1.0,0.7054464477975972,False,1.0
OC,Ojos cerrados,ZONE,MSPSS_Z_FRONTAL_W4,MSPSS,Z_FRONTAL,frontal,all_bands,24,Fp1 | Fp2 | F3 | F4 | F7 | F8,EEG1 | EEG2 | EEG3 | EEG4 | EEG5 | EEG6 | EEG7 | EEG8 | EEG9 | EEG10 | EEG11 | EEG12 | EEG13 | EEG14 | EEG15 | EEG16 | EEG41 | EEG42 | EEG43 | EEG44 | EEG45 | EEG46 | EEG47 | EEG48,W4,25,17,8,17.06317338912346,9.61764436161885,-1.0894675575701385,0.5376091486647568,-2.026504869338655,21.0,0.0556005079616426,0.1610189564681142,0.2304689237066418,0.0799808194445734,0.1504881042620683,0.195558189783488,0.3587818626943449,0.2331667704237034,-0.1261149812092291,0.843678706597919,0.1388018617892193,-0.7306856948757936,0.4844139282661315,-1.7380796066769617,0.2767082169253745,0.1463529024924938,4,22.553713084602503,ok,0.521732734045224,False,0.6805321731770124,False,0.6938197114213545,False,1.0,0.7054464477975972,False,1.0
OA,Ojos abiertos,ZONE_BAND,MSPSS_ZB_FRONTAL_THETA_W4,MSPSS,ZB_FRONTAL_THETA,frontal,theta,6,Fp1 | Fp2 | F3 | F4 | F7 | F8,EEG2 | EEG6 | EEG10 | EEG14 | EEG42 | EEG46,W4,25,17,8,15.993578360955702,12.124199158858136,-0.7292508777915765,0.3606211823351714,-2.0222075505087505,21.0,0.0560773217525987,0.2267017215391603,0.2180039750048267,0.0657261356717076,0.1522778393331191,0.1947296846349814,0.2845476617420387,0.1987151329809344,-0.1287030799620144,0.6977984034460919,0.1668785657119176,-0.4447032160495378,0.3009317747815715,-1.0705251012037658,0.1811186691046903,0.1543155870471265,4,28.531043682301224,ok,0.5938739919768675,False,0.6893072022045257,False,0.6938197114213545,False,1.0,0.7054464477975972,False,1.0
OA,Ojos abiertos,ZONE_BAND,MSPSS_ZB_PARIETAL_THETA_W4,MSPSS,ZB_PARIETAL_THETA,parietal,theta,4,P3 | P4 | P7 | P8,EEG26 | EEG30 | EEG58 | EEG62,W4,25,17,8,15.993418325873265,12.171199226815649,-0.7168005803490541,0.357371472807486,-2.00575769161964,21.0,0.0579364334937698,0.2333034944738494,0.2150841041510895,0.0647142556341776,0.1503698485169119,0.1915744722614928,0.2798989507224932,0.1994320329857824,-0.1348426661569271,0.6946405676019136,0.1750882988678232,-0.4369016296265609,0.2965488725248329,-1.0536087705675872,0.1798055113144653,0.1555056068869041,4,28.72001311481184,ok,0.5938739919768675,False,0.6893072022045257,False,0.6938197114213545,False,1.0,0.7054464477975972,False,1.0
OC,Ojos cerrados,ZONE,MSPSS_Z_OCCIPITAL_W4,MSPSS,Z_OCCIPITAL,occipital,all_bands,8,O1 | O2,EEG33 | EEG34 | EEG35 | EEG36 | EEG37 | EEG38 | EEG39 | EEG40,W4,25,17,8,16.84359824516788,9.511652327593085,-1.0873754322401008,0.5474916312797683,-1.986104207106048,21.0,0.0602294596219363,0.1833930464765669,0.2254432509503362,0.079951620614435,0.1454916303359011,0.1878385676897283,0.358370951097464,0.2364550971778643,-0.1333643426500514,0.8501062448449794,0.1445295142190822,-0.7290044811426368,0.4937976036191231,-1.7559128141223164,0.2979038518370427,0.154696206902102,4,22.33444999261681,ok,0.521732734045224,False,0.6805321731770124,False,0.6938197114213545,False,1.0,0.7054464477975972,False,1.0
OA,Ojos abiertos,ZONE_BAND,MSPSS_ZB_OCCIPITAL_THETA_W4,MSPSS,ZB_OCCIPITAL_THETA,occipital,theta,2,O1 | O2,EEG34 | EEG38,W4,25,17,8,15.67752268185539,12.02055724560404,-0.7172138161226443,0.3627075829315143,-1.9773885352103795,21.0,0.0612719141059715,0.2325234531684486,0.212178010752584,0.0654906051989141,0.1466874055536698,0.1861935913895932,0.2851905670116286,0.2022185534967739,-0.1353459365010673,0.7057270705243245,0.1730894692173829,-0.4320232491110157,0.3011053758033784,-1.058206157353652,0.1941596591316207,0.1660727851172308,4,28.35862418305021,ok,0.5938739919768675,False,0.6893072022045257,False,0.6938197114213545,False,1.0,0.7054464477975972,False,1.0
OA,Ojos abiertos,ZONE_BAND,MSPSS_ZB_FRONTAL_DELTA_W4,MSPSS,ZB_FRONTAL_DELTA,frontal,delta,6,Fp1 | Fp2 | F3 | F4 | F7 | F8,EEG1 | EEG5 | EEG9 | EEG13 | EEG41 | EEG45,W4,25,17,8,19.964887563598847,13.704489015715016,-0.665528400660042,0.3367460309850241,-1.9763511353446053,21.0,0.0613970552543108,0.2982772659728844,0.2208580052499894,0.0759389369412579,0.1449190683087314,0.1859982766751381,0.2635367001241979,0.1694683742653019,-0.0888920772414159,0.6159654774898118,0.1348698087392467,-0.4019917005358441,0.2909954630368699,-1.0071498942202606,0.2031664931485722,0.1816675743698952,4,31.728210790847093,ok,0.5938739919768675,False,0.6893072022045257,False,0.6938197114213545,False,1.0,0.7054464477975972,False,1.0
OA,Ojos abiertos,ZONE,MSPSS_Z_TEMPORAL_W4,MSPSS,Z_TEMPORAL,temporal,all_bands,8,T7 | T8,EEG49 | EEG50 | EEG51 | EEG52 | EEG53 | EEG54 | EEG55 | EEG56,W4,25,17,8,15.895680675076449,10.234354561487304,-0.8712181305893136,0.4413915463819307,-1.973798858928438,21.0,0.0617059016324965,0.1947150482069637,0.2156968277439886,0.0701943248509793,0.1455025028930093,0.1855181874051054,0.3393493835275313,0.2308186640402204,-0.140664305832058,0.8193630728871208,0.1563325966082157,-0.5318687470617822,0.3762303038673519,-1.314282495790429,0.2505450016668646,0.1721097171485484,4,23.842682932150428,ok,0.5278926914685387,False,0.6805321731770124,False,0.6938197114213545,False,1.0,0.7054464477975972,False,1.0
OA,Ojos abiertos,ZONE_BAND,MSPSS_ZB_TEMPORAL_DELTA_W4,MSPSS,ZB_TEMPORAL_DELTA,temporal,delta,2,T7 | T8,EEG49 | EEG53,W4,25,17,8,19.86197313976645,13.695071436076708,-0.6570518597541264,0.3341718613907922,-1.9662094139809905,21.0,0.06263244670529,0.2683042008759116,0.218498280038037,0.0746282992267762,0.1438699808112608,0.1840942599822597,0.2624945036391686,0.1707381164697328,-0.0925748471940147,0.617563854472352,0.1391247099360009,-0.3945573561149578,0.2872617770079321,-0.9919509246417288,0.2028362124118131,0.1840803612029475,4,31.783039074449285,ok,0.5938739919768675,False,0.6893072022045257,False,0.6938197114213545,False,1.0,0.7054464477975972,False,1.0
OA,Ojos abiertos,ZONE_BAND,MSPSS_ZB_CENTRAL_THETA_W4,MSPSS,ZB_CENTRAL_THETA,central,theta,2,C3 | C4,EEG18 | EEG22,W4,25,17,8,15.80887082998302,12.193263287605935,-0.6999700120120413,0.3560965358459335,-1.965674870577472,21.0,0.0626981682410623,0.2324862582027419,0.209892047513455,0.064516785813803,0.1453752616996519,0.1839941760390364,0.2773753161068091,0.2005849188914136,-0.1397638582633533,0.6945144904769716,0.1812451543282968,-0.4225946959052322,0.2942285389876367,-1.0344764390979195,0.1892870472874549,0.1656533832701779,4,28.832779715973995,ok,0.5938739919768675,False,0.6893072022045257,False,0.6938197114213545,False,1.0,0.7054464477975972,False,1.0
OA,Ojos abiertos,ZONE_BAND,MSPSS_ZB_PARIETAL_DELTA_W4,MSPSS,ZB_PARIETAL_DELTA,parietal,delta,4,P3 | P4 | P7 | P8,EEG25 | EEG29 | EEG57 | EEG61,W4,25,17,8,19.997860311843755,13.767790509603852,-0.6493955084444644,0.3315347199610958,-1.9587556576899945,21.0,0.0635544112244733,0.3040055878559795,0.2172965166153755,0.0742957058753052,0.1430008107400703,0.1827011298348841,0.2607104968306107,0.1702677713145157,-0.0933807177059826,0.6148017113672042,0.1406513545588885,-0.3886850116138536,0.2844717149230658,-0.980276328401287,0.2029063051735797,0.1862857449921834,4,31.974665916196976,ok,0.5938739919768675,False,0.6893072022045257,False,0.6938197114213545,False,1.0,0.7054464477975972,False,1.0
OA,Ojos abiertos,ZONE,MSPSS_Z_PARIETAL_W4,MSPSS,Z_PARIETAL,parietal,all_bands,16,P3 | P4 | P7 | P8,EEG25 | EEG26 | EEG27 | EEG28 | EEG29 | EEG30 | EEG31 | EEG32 | EEG57 | EEG58 | EEG59 | EEG60 | EEG61 | EEG62 | EEG63 | EEG64,W4,25,17,8,15.937098952027949,10.265794847352648,-0.8572694638221721,0.4377849769991505,-1.9581975372897171,21.0,0.0636239272422945,0.2166192061002787,0.2131999117130621,0.0695325536976836,0.1436673580153785,0.1825970283355949,0.3370017354559549,0.2314627625639496,-0.1443514301109504,0.8183549010228603,0.1601908197140541,-0.5202677283662172,0.3715920823058687,-1.2930357673206891,0.2525003105882548,0.1760833501944251,4,23.96582481338989,ok,0.5278926914685387,False,0.6805321731770124,False,0.6938197114213545,False,1.0,0.7054464477975972,False,1.0
OA,Ojos abiertos,ZONE,MSPSS_Z_FRONTAL_W4,MSPSS,Z_FRONTAL,frontal,all_bands,24,Fp1 | Fp2 | F3 | F4 | F7 | F8,EEG1 | EEG2 | EEG3 | EEG4 | EEG5 | EEG6 | EEG7 | EEG8 | EEG9 | EEG10 | EEG11 | EEG12 | EEG13 | EEG14 | EEG15 | EEG16 | EEG41 | EEG42 | EEG43 | EEG44 | EEG45 | EEG46 | EEG47 | EEG48,W4,25,17,8,15.913111369721689,10.223866031962654,-0.8663375220936121,0.4430673236655517,-1.9553180201290692,21.0,0.0639836530894101,0.2114256508605403,0.2141746659529029,0.0711069853248461,0.1430676806280567,0.1820604076114988,0.3413643781191808,0.2310407924889468,-0.1391112526376878,0.8218400088760496,0.1543812757083707,-0.5249731439744313,0.3780592618971715,-1.3111904191433168,0.2612441311944542,0.1795081968836374,4,23.807633315020453,ok,0.5278926914685387,False,0.6805321731770124,False,0.6938197114213545,False,1.0,0.7054464477975972,False,1.0
OA,Ojos abiertos,ZONE_BAND,MSPSS_ZB_CENTRAL_DELTA_W4,MSPSS,ZB_CENTRAL_DELTA,central,delta,2,C3 | C4,EEG17 | EEG21,W4,25,17,8,19.82149507444428,13.718131930474714,-0.640268900739621,0.3327932104769925,-1.9239241684706356,21.0,0.0680238508204557,0.3020384103747759,0.2136444472273486,0.0750405110888559,0.1386039361384927,0.1762611526678765,0.2621365405481981,0.1714930614381165,-0.0945028042932435,0.6187758853896398,0.1412985445177449,-0.3781323601914228,0.2852042265082449,-0.971247018212818,0.2149822978299723,0.1991380982401493,4,31.87787320120575,ok,0.5938739919768675,False,0.6893072022045257,False,0.6938197114213545,False,1.0,0.7054464477975972,False,1.0
OA,Ojos abiertos,ZONE,MSPSS_Z_CENTRAL_W4,MSPSS,Z_CENTRAL,central,all_bands,8,C3 | C4,EEG17 | EEG18 | EEG19 | EEG20 | EEG21 | EEG22 | EEG23 | EEG24,W4,25,17,8,15.776173399279394,10.247690911917816,-0.8426389307618463,0.4387142974260272,-1.920700865473676,21.0,0.0684511490541901,0.2214176154377422,0.2087993008650024,0.0698082521550258,0.1389910487099765,0.1756710387919682,0.3364339548215284,0.2328868454958424,-0.1478807533265815,0.8207486629696383,0.1633199011343531,-0.5062049759403179,0.3717982678294889,-1.279401801164293,0.2669918492836571,0.1877844459528298,4,23.941843643608784,ok,0.5278926914685387,False,0.6805321731770124,False,0.6938197114213545,False,1.0,0.7054464477975972,False,1.0
OA,Ojos abiertos,ZONE,MSPSS_Z_OCCIPITAL_W4,MSPSS,Z_OCCIPITAL,occipital,all_bands,8,O1 | O2,EEG33 | EEG34 | EEG35 | EEG36 | EEG37 | EEG38 | EEG39 | EEG40,W4,25,17,8,15.637370530471465,10.152310142795791,-0.842265557476666,0.4444014154293002,-1.8952809964905744,21.0,0.0719045974864095,0.2253015106287381,0.2064747390219459,0.0707407295518064,0.1357340094701394,0.1710519074123002,0.3404235237232336,0.2350937270284479,-0.1484806458137566,0.8293276932602238,0.162374158949635,-0.5018420337534324,0.377125387036512,-1.2861172098328473,0.2824331423259825,0.1975560933111175,4,23.70226941554436,ok,0.5278926914685387,False,0.6805321731770124,False,0.6938197114213545,False,1.0,0.7054464477975972,False,1.0
DELTA_OC_MINUS_OA,Reactividad OC−OA,ZONE,MSPSS_Z_CENTRAL_W5,MSPSS,Z_CENTRAL,central,all_bands,8,C3 | C4,EEG17 | EEG18 | EEG19 | EEG20 | EEG21 | EEG22 | EEG23 | EEG24,W5,25,11,14,1.2152772276513937,5.147940763373567,-6.135662325363357,3.26370491283181,-1.87996846811731,21.0,0.0740579751315068,0.7294037391490363,0.3520919741323317,0.2430496259716749,0.1090423481606568,0.1682991162435888,6.191619201907287,3.243461214603613,-0.5535276448196429,12.936766048634215,0.0700284177788581,0.05595687654393,0.3629450473619044,-0.6988286688252298,0.8107424219130898,0.8789442052684491,4,28.102360472686435,ok,0.9169679099607778,False,0.6805321731770124,False,0.6938197114213545,False,1.0,0.7054464477975972,False,1.0
OA,Ojos abiertos,ZONE_BAND,MSPSS_ZB_TEMPORAL_BETA_W4,MSPSS,ZB_TEMPORAL_BETA,temporal,beta,2,T7 | T8,EEG52 | EEG56,W4,25,17,8,9.10263697564856,10.55684675404469,-0.7904532470683316,0.4207406152158519,-1.8787186653297223,21.0,0.0742362032858752,0.149837373860107,0.2012809552989077,0.0670359162672388,0.1342450390316689,0.1680754201646813,0.3186160023438643,0.2306826746050392,-0.1611148815035856,0.7983468861913143,0.1817429764187365,-0.4718372447244673,0.3518638499892809,-1.2035781786213593,0.2599036891724245,0.1942570151746361,4,24.9133031146014,ok,0.5938739919768675,False,0.6893072022045257,False,0.6938197114213545,False,1.0,0.7054464477975972,False,1.0
DELTA_OC_MINUS_OA,Reactividad OC−OA,ZONE_BAND,MSPSS_ZB_CENTRAL_ALPHA_W2,MSPSS,ZB_CENTRAL_ALPHA,central,alpha,2,C3 | C4,EEG19 | EEG23,W2,25,18,7,0.5205211077237656,2.131580235005688,-34.63084293624962,18.450292620338317,-1.8769806879959725,21.0,0.074484672239027,0.062022895287207,0.1683324737504219,0.0288081077133346,0.1395243660370873,0.1677645953861819,0.4084755124337449,0.977966788923273,-1.625317761494966,2.442268786362456,0.6804219712234921,-34.222367423815875,18.42435558536237,-72.53791237932121,4.093177531689463,0.0773269403459083,4,19.84941198397792,ok,0.7955436841346429,False,0.6893072022045257,False,0.6938197114213545,False,1.0,0.7054464477975972,False,1.0
OA,Ojos abiertos,ZONE_BAND,MSPSS_ZB_OCCIPITAL_DELTA_W4,MSPSS,ZB_OCCIPITAL_DELTA,occipital,delta,2,O1 | O2,EEG33 | EEG37,W4,25,17,8,19.59061393265616,13.595827501977174,-0.6319882120140466,0.3367098044379149,-1.876952211323497,21.0,0.0744887494496384,0.3125876554940793,0.2093989446384276,0.0767681029914943,0.1326308416469332,0.1677595049329602,0.2660545421103601,0.17350117077363,-0.0947608947069422,0.6268699789276626,0.1400945840851737,-0.3659336699036865,0.288566865985682,-0.9660413195371876,0.2341739797298148,0.2186391388751002,4,31.5942141255312,ok,0.5938739919768675,False,0.6893072022045257,False,0.6938197114213545,False,1.0,0.7054464477975972,False,1.0
DELTA_OC_MINUS_OA,Reactividad OC−OA,ZONE_BAND,MSPSS_ZB_OCCIPITAL_ALPHA_W3,MSPSS,ZB_OCCIPITAL_ALPHA,occipital,alpha,2,O1 | O2,EEG35 | EEG39,W3,25,6,19,0.5468059873566545,2.249692105295761,7.242419013239861,3.858810573927456,1.8768526919082744,21.0,0.0745029998977771,0.5987039833300302,0.1513975114059538,0.0090514741260211,0.1423460372799326,0.1677417155773014,-0.4608485467722769,1.020169805563968,-2.582407798396249,1.6607107048516954,0.6560894175970481,6.781570466467584,3.721514827764349,-0.9577432927105018,14.52088422564567,0.0826887163821255,4,7.094200158612891,ok,0.7955436841346429,False,0.6893072022045257,False,0.6938197114213545,False,1.0,0.7054464477975972,False,1.0
DELTA_OC_MINUS_OA,Reactividad OC−OA,ZONE,MSPSS_Z_OCCIPITAL_W5,MSPSS,Z_OCCIPITAL,occipital,all_bands,8,O1 | O2,EEG33 | EEG34 | EEG35 | EEG36 | EEG37 | EEG38 | EEG39 | EEG40,W5,25,11,14,1.2062277146964149,5.153889862798359,-5.786893582133505,3.1128502299991703,-1.859033732610723,21.0,0.0770933353816093,0.771131418415471,0.3494009014426436,0.242330679499796,0.1070702219428475,0.1645717342373604,5.827596314969698,3.091519954557096,-0.6015713837791257,12.256764013718522,0.0733405321109115,0.040702732836193,0.3637869224988328,-0.715833587723255,0.7972390533956412,0.9119762120305726,4,27.391322034759085,ok,0.9169679099607778,False,0.6805321731770124,False,0.6938197114213545,False,1.0,0.7054464477975972,False,1.0
OA,Ojos abiertos,ZONE_BAND,MSPSS_ZB_CENTRAL_BETA_W4,MSPSS,ZB_CENTRAL_BETA,central,beta,2,C3 | C4,EEG20 | EEG24,W4,25,17,8,8.89451872745027,10.61090014694074,-0.7704726650249618,0.4157694128507687,-1.8531249322602432,21.0,0.0779695052922794,0.1585245102055823,0.197711266223391,0.0665152048775479,0.1311960613458431,0.1635272387887895,0.3174109715597318,0.2320242276769912,-0.1651098246295864,0.7999317677490501,0.185770918693899,-0.45306169346523,0.3450057426089727,-1.170540412305404,0.2644170253749439,0.2032842863958274,4,25.170304887257544,ok,0.5938739919768675,False,0.6893072022045257,False,0.6938197114213545,False,1.0,0.7054464477975972,False,1.0
OA,Ojos abiertos,ZONE_BAND,MSPSS_ZB_PARIETAL_BETA_W4,MSPSS,ZB_PARIETAL_BETA,parietal,beta,4,P3 | P4 | P7 | P8,EEG28 | EEG32 | EEG60 | EEG64,W4,25,17,8,9.083099232142752,10.579108492458875,-0.7740706414660083,0.4178503596929522,-1.8525068209461788,21.0,0.0780616606056153,0.1599430952991405,0.1975042754191339,0.0663618945228718,0.131142380896262,0.1634181676977234,0.3159274355763363,0.2322899181999959,-0.1671458943030354,0.7990007654557081,0.1882350383019453,-0.458143205889672,0.3473331498693562,-1.1804620330908593,0.2641756213115153,0.2013618594834625,4,25.06378924446153,ok,0.5938739919768675,False,0.6893072022045257,False,0.6938197114213545,False,1.0,0.7054464477975972,False,1.0
DELTA_OC_MINUS_OA,Reactividad OC−OA,ZONE_BAND,MSPSS_ZB_FRONTAL_BETA_W5,MSPSS,ZB_FRONTAL_BETA,frontal,beta,6,Fp1 | Fp2 | F3 | F4 | F7 | F8,EEG4 | EEG8 | EEG12 | EEG16 | EEG44 | EEG48,W5,25,11,14,1.0647398055169004,5.192934095347053,-7.677915218417548,4.144705793947668,-1.852463262803664,21.0,0.0780681583513404,0.4195075824023535,0.3478125747699793,0.2412383126986286,0.1065742620713506,0.1634104828589157,7.717788967620921,4.129004207231427,-0.8689453466763908,16.304523281918232,0.0756111037460493,0.0398737492033731,0.3604308186719492,-0.7096831713733442,0.7894306697800906,0.9129617987930136,4,35.06589003937305,ok,0.7955436841346429,False,0.6893072022045257,False,0.6938197114213545,False,1.0,0.7054464477975972,False,1.0
DELTA_OC_MINUS_OA,Reactividad OC−OA,ZONE,MSPSS_Z_TEMPORAL_W5,MSPSS,Z_TEMPORAL,temporal,all_bands,8,T7 | T8,EEG49 | EEG50 | EEG51 | EEG52 | EEG53 | EEG54 | EEG55 | EEG56,W5,25,11,14,1.1910807030524235,5.008113868867217,-5.719726069236401,3.102812375284663,-1.8434005596976044,21.0,0.0794303865460874,0.7693761642363508,0.3483983781796586,0.2429591321121545,0.1054392460675039,0.1618155058806399,5.770355995350545,3.0800678724658246,-0.6349957949303118,12.175707785631404,0.0749915463669828,0.0506299261141443,0.3750020496257445,-0.7292295280888105,0.8304893803170991,0.8938877884238565,4,26.33427257421083,ok,0.9169679099607778,False,0.6805321731770124,False,0.6938197114213545,False,1.0,0.7054464477975972,False,1.0
DELTA_OC_MINUS_OA,Reactividad OC−OA,ZONE_BAND,MSPSS_ZB_TEMPORAL_BETA_W5,MSPSS,ZB_TEMPORAL_BETA,temporal,beta,2,T7 | T8,EEG52 | EEG56,W5,25,11,14,1.0831878700577655,4.9809001533439465,-7.083993488532581,3.86958198572896,-1.8306870133927615,21.0,0.081376279722359,0.67689898262658,0.3460318450773831,0.2416642905369509,0.1043675545404322,0.1595911876669008,7.127973728747357,3.851170451823609,-0.8809736612711738,15.136921118765889,0.0783077926871346,0.0439802402147755,0.3770290377130352,-0.7400945664776069,0.8280550469071579,0.9082462126441848,4,31.47290775099696,ok,0.7955436841346429,False,0.6893072022045257,False,0.6938197114213545,False,1.0,0.7054464477975972,False,1.0
OA,Ojos abiertos,ZONE_BAND,MSPSS_ZB_FRONTAL_BETA_W4,MSPSS,ZB_FRONTAL_BETA,frontal,beta,6,Fp1 | Fp2 | F3 | F4 | F7 | F8,EEG4 | EEG8 | EEG12 | EEG16 | EEG44 | EEG48,W4,25,17,8,9.026447836441037,10.563593207509305,-0.7659308731017115,0.4199134777676744,-1.8240206939141836,21.0,0.082413087477653,0.1637093153355592,0.1949694118481232,0.0674275918825442,0.127541819965579,0.1584310234203386,0.3184955846248353,0.232673452398314,-0.1653753482832852,0.8023665175329557,0.1855107475130988,-0.4474352884768762,0.3495574249819229,-1.1743797489966403,0.2795091720428878,0.2145032924606913,4,25.0122809211416,ok,0.5938739919768675,False,0.6893072022045257,False,0.6938197114213545,False,1.0,0.7054464477975972,False,1.0
DELTA_OC_MINUS_OA,Reactividad OC−OA,ZONE_BAND,MSPSS_ZB_CENTRAL_BETA_W5,MSPSS,ZB_CENTRAL_BETA,central,beta,2,C3 | C4,EEG20 | EEG24,W5,25,11,14,1.1648483866429604,5.25619916842377,-7.182174199500823,3.941307353317384,-1.8222821910743936,21.0,0.0826853563488229,0.5698670161265276,0.3448118391792024,0.2412074849207823,0.10360435425842,0.1581291611384248,7.219344790314491,3.925097087103612,-0.9433414539264664,15.382031034555448,0.0800568793863891,0.0371705908136679,0.3570945394771997,-0.7054481573597715,0.7797893389871073,0.9180842852685756,4,34.220080567288164,ok,0.7955436841346429,False,0.6893072022045257,False,0.6938197114213545,False,1.0,0.7054464477975972,False,1.0
OA,Ojos abiertos,ZONE_BAND,MSPSS_ZB_OCCIPITAL_BETA_W4,MSPSS,ZB_OCCIPITAL_BETA,occipital,beta,2,O1 | O2,EEG36 | EEG40,W4,25,17,8,8.856748059113755,10.51561976491168,-0.7612472555907761,0.4220538573764678,-1.803673257064326,21.0,0.0856490118588369,0.1692232085126978,0.1921067569941308,0.0669511204932442,0.1251556365008865,0.1549160580118595,0.315510522038301,0.2343302733342343,-0.1718059586263941,0.8028270027029962,0.1925163602459777,-0.445736733552475,0.3510253288944529,-1.1757338673714666,0.2842604002665164,0.2180421776003836,4,24.90417647771848,ok,0.5938739919768675,False,0.6893072022045257,False,0.6938197114213545,False,1.0,0.7054464477975972,False,1.0
DELTA_OC_MINUS_OA,Reactividad OC−OA,ZONE,MSPSS_Z_PARIETAL_W5,MSPSS,Z_PARIETAL,parietal,all_bands,16,P3 | P4 | P7 | P8,EEG25 | EEG26 | EEG27 | EEG28 | EEG29 | EEG30 | EEG31 | EEG32 | EEG57 | EEG58 | EEG59 | EEG60 | EEG61 | EEG62 | EEG63 | EEG64,W5,25,11,14,1.2086220272190764,5.179683058723033,-5.266011607732648,2.9383028925299968,-1.7921949507385198,21.0,0.0875225951447892,0.8245583222798588,0.3434250802518968,0.2430015479088891,0.1004235323430076,0.1529506067358396,5.315576782441942,2.915672067065532,-0.7478952149133091,11.379048779797197,0.0825563733996587,0.0495651747092944,0.3639784136236021,-0.7073693734443663,0.8064997228629552,0.8929790331361532,4,26.375548732340075,ok,0.9169679099607778,False,0.6805321731770124,False,0.6938197114213545,False,1.0,0.7054464477975972,False,1.0
DELTA_OC_MINUS_OA,Reactividad OC−OA,ZONE_BAND,MSPSS_ZB_CENTRAL_THETA_W5,MSPSS,ZB_CENTRAL_THETA,central,theta,2,C3 | C4,EEG18 | EEG22,W5,25,11,14,1.3409712788852872,6.118784127857375,-4.16044824907194,2.3226702858370816,-1.7912349740042977,21.0,0.0876808854383058,0.7040833266082893,0.3447474115013883,0.2446334674317384,0.1001139440696499,0.1527867967664839,4.217859996024654,2.302220600169854,-0.5698698377058422,9.005589829755149,0.0811605539748738,0.057411746952714,0.3075346563626113,-0.5821415821525417,0.6969650760579698,0.8537002599910763,4,27.916825038546914,ok,0.7955436841346429,False,0.6893072022045257,False,0.6938197114213545,False,1.0,0.7054464477975972,False,1.0
OC,Ojos cerrados,ZONE_BAND,MSPSS_ZB_PARIETAL_BETA_W4,MSPSS,ZB_PARIETAL_BETA,parietal,beta,4,P3 | P4 | P7 | P8,EEG28 | EEG32 | EEG60 | EEG64,W4,25,17,8,10.194801346574195,10.08027651159297,-0.8290587009443919,0.4633427119644455,-1.789299107413196,21.0,0.0880008431739075,0.2197972208838229,0.1939306178570418,0.0710399170155486,0.1228907008414931,0.1524567283709309,0.3224054500876971,0.2360238750768622,-0.1684330682084219,0.8132439683838162,0.1863948812315299,-0.5066532508566948,0.3987219571634706,-1.3358409531707651,0.3225344514573756,0.217735004596219,4,23.50910608905856,ok,0.5895721906681803,False,0.6893072022045257,False,0.6938197114213545,False,1.0,0.7054464477975972,False,1.0
DELTA_OC_MINUS_OA,Reactividad OC−OA,ZONE_BAND,MSPSS_ZB_PARIETAL_BETA_W5,MSPSS,ZB_PARIETAL_BETA,parietal,beta,4,P3 | P4 | P7 | P8,EEG28 | EEG32 | EEG60 | EEG64,W5,25,11,14,1.1117021144314434,5.207201183666695,-6.996192910431374,3.9102898890729536,-1.789174999526703,21.0,0.0880213899716732,0.4853218906538853,0.3421488520152046,0.2418689307519527,0.1002799212632519,0.1524355799491128,7.046695153942703,3.893559847016805,-1.05040580918923,15.143796117074636,0.0846578868089074,0.0505022435113291,0.3613291218330517,-0.7009228007559798,0.8019272877786381,0.8901751433533845,4,33.57131441537834,ok,0.7955436841346429,False,0.6893072022045257,False,0.6938197114213545,False,1.0,0.7054464477975972,False,1.0
OC,Ojos cerrados,ZONE_BAND,MSPSS_ZB_TEMPORAL_BETA_W4,MSPSS,ZB_TEMPORAL_BETA,temporal,beta,2,T7 | T8,EEG52 | EEG56,W4,25,17,8,10.185824845706325,10.10937608703711,-0.8214642006256198,0.4621953824575099,-1.7773094059440062,21.0,0.0900050562920613,0.2251466849303104,0.1926812686464384,0.0712440496753958,0.1214372189710425,0.150420415450338,0.3214166405001605,0.2355892474008918,-0.1685180200637085,0.8113513010640296,0.1869138655657694,-0.5000475601254593,0.3976459204796717,-1.3269975216544665,0.3269024014035478,0.2223707961303512,4,23.58106922605637,ok,0.5895721906681803,False,0.6893072022045257,False,0.6938197114213545,False,1.0,0.7054464477975972,False,1.0
DELTA_OC_MINUS_OA,Reactividad OC−OA,ZONE_BAND,MSPSS_ZB_TEMPORAL_DELTA_W5,MSPSS,ZB_TEMPORAL_DELTA,temporal,delta,2,T7 | T8,EEG49 | EEG53,W5,25,11,14,1.8233331292024568,7.0353148202065,-4.429365220666754,2.502483383978112,-1.7699878644650753,21.0,0.0912482106717788,0.6793682462679976,0.3399210865863534,0.2414480927255475,0.0984729938608058,0.1491836685882686,4.453934317425161,2.4880054617215777,-0.7201562865291145,9.628024921379437,0.0878580022020356,0.0245690967584071,0.2687971531287854,-0.5344251843116011,0.5835633778284154,0.9280379906806164,4,38.4689211633133,ok,0.7955436841346429,False,0.6893072022045257,False,0.6938197114213545,False,1.0,0.7054464477975972,False,1.0
OC,Ojos cerrados,ZONE_BAND,MSPSS_ZB_CENTRAL_BETA_W4,MSPSS,ZB_CENTRAL_BETA,central,beta,2,C3 | C4,EEG20 | EEG24,W4,25,17,8,10.05936711409323,10.03028756571393,-0.8238781193804967,0.4658915916153708,-1.7683901882064252,21.0,0.0915214457838183,0.2257124589300777,0.1914005632758922,0.07098840718571,0.1204121560901821,0.1489144694164145,0.3221163458472886,0.2377482504849797,-0.1723082074210595,0.8165408991156369,0.1898584106745714,-0.501761773533208,0.4006628813968606,-1.3349858487546036,0.3314623016881876,0.224218065112898,4,23.403695736652537,ok,0.5895721906681803,False,0.6893072022045257,False,0.6938197114213545,False,1.0,0.7054464477975972,False,1.0
OC,Ojos cerrados,ZONE_BAND,MSPSS_ZB_OCCIPITAL_BETA_W4,MSPSS,ZB_OCCIPITAL_BETA,occipital,beta,2,O1 | O2,EEG36 | EEG40,W4,25,17,8,9.984863309407029,9.960463246486944,-0.8298432943476658,0.4715898172712367,-1.7596717824600063,21.0,0.0930249227405833,0.2298409405520843,0.1911109385715744,0.0718404474541668,0.1192704911174076,0.1474497515231404,0.3254237389034889,0.2388380888811072,-0.1712672573819616,0.8221147351889395,0.1874661874646055,-0.5044195554441768,0.4066365982711573,-1.3500666549818432,0.3412275440934895,0.2284835279468423,4,23.216526998309416,ok,0.5895721906681803,False,0.6893072022045257,False,0.6938197114213545,False,1.0,0.7054464477975972,False,1.0
OC,Ojos cerrados,ZONE_BAND,MSPSS_ZB_FRONTAL_BETA_W4,MSPSS,ZB_FRONTAL_BETA,frontal,beta,6,Fp1 | Fp2 | F3 | F4 | F7 | F8,EEG4 | EEG8 | EEG12 | EEG16 | EEG44 | EEG48,W4,25,17,8,10.091187641957935,10.063610595271342,-0.8184411738934457,0.4657405914155957,-1.757289763827185,21.0,0.093439377889249,0.2298291322245764,0.1912306732579026,0.0723004769474285,0.118930196310474,0.1470508244786574,0.325100410074332,0.2367288420459668,-0.1672041672908126,0.8174049874394766,0.184144209533087,-0.4933407638191137,0.4010907052472351,-1.327454547442853,0.3407730198046255,0.2322997718942981,4,23.480573108217648,ok,0.5895721906681803,False,0.6893072022045257,False,0.6938197114213545,False,1.0,0.7054464477975972,False,1.0
DELTA_OC_MINUS_OA,Reactividad OC−OA,ZONE,MSPSS_Z_FRONTAL_W5,MSPSS,Z_FRONTAL,frontal,all_bands,24,Fp1 | Fp2 | F3 | F4 | F7 | F8,EEG1 | EEG2 | EEG3 | EEG4 | EEG5 | EEG6 | EEG7 | EEG8 | EEG9 | EEG10 | EEG11 | EEG12 | EEG13 | EEG14 | EEG15 | EEG16 | EEG41 | EEG42 | EEG43 | EEG44 | EEG45 | EEG46 | EEG47 | EEG48,W5,25,11,14,1.150062019401767,5.0902557666269415,-5.31046419535228,3.026128859605353,-1.7548704770109604,21.0,0.0938619424367328,0.773245445131016,0.3391364579863216,0.2422233248180993,0.0969131331682222,0.1466462090992702,5.349741056856704,3.003240901501316,-0.8958403009578699,11.595322414671278,0.089329852127252,0.0392768615044243,0.3714834619279327,-0.7332652890082724,0.811819012017121,0.9168002063252196,4,26.168551097417623,ok,0.9169679099607778,False,0.6805321731770124,False,0.6938197114213545,False,1.0,0.7054464477975972,False,1.0
DELTA_OC_MINUS_OA,Reactividad OC−OA,ZONE_BAND,MSPSS_ZB_CENTRAL_DELTA_W5,MSPSS,ZB_CENTRAL_DELTA,central,delta,2,C3 | C4,EEG17 | EEG21,W5,25,11,14,1.8347681373535616,7.149181836460973,-4.301166335815524,2.464755881313017,-1.7450678862055176,21.0,0.0955909680199464,0.6277662275282597,0.3376614781058947,0.2416141312574138,0.0960473468484809,0.1450124727364672,4.328357927306,2.450495778811833,-0.7677270207578246,9.424442875369826,0.091876663132723,0.0271915914904763,0.2647489234963972,-0.5233839351893805,0.5777671181703332,0.91916990888463,4,38.48525807692813,ok,0.7955436841346429,False,0.6893072022045257,False,0.6938197114213545,False,1.0,0.7054464477975972,False,1.0
DELTA_OC_MINUS_OA,Reactividad OC−OA,ZONE_BAND,MSPSS_ZB_OCCIPITAL_ALPHA_W5,MSPSS,ZB_OCCIPITAL_ALPHA,occipital,alpha,2,O1 | O2,EEG35 | EEG39,W5,25,11,14,0.5468059873566545,2.249692105295761,-7.690208839574307,4.413748446241542,-1.7423305685041437,21.0,0.0960786465840784,0.0420943020959696,0.3441547257990816,0.249347113048188,0.0948076127508935,0.1445578957116175,7.887940576637497,4.332998997064922,-1.1230241268498649,16.898905280124858,0.0829755922619876,0.1977317370631901,0.8404136113450339,-1.5500040443875296,1.9454675185139096,0.8162713009266954,4,11.278119940272182,ok,0.7955436841346429,False,0.6893072022045257,False,0.6938197114213545,False,1.0,0.7054464477975972,False,1.0
OA,Ojos abiertos,ZONE_BAND,BAI_ZB_FRONTAL_DELTA_W3,BAI,ZB_FRONTAL_DELTA,frontal,delta,6,Fp1 | Fp2 | F3 | F4 | F7 | F8,EEG1 | EEG5 | EEG9 | EEG13 | EEG41 | EEG45,W3,25,6,19,19.964887563598847,13.704489015715016,-0.7074913048068493,0.406740075038064,-1.7394187301082642,21.0,0.0965997597170716,0.1467500664360025,0.1313337282190001,0.0061805309279829,0.1251531972910171,0.1440751199357831,0.5531127511838241,0.3538218178864384,-0.1826999998595289,1.288925502227177,0.1329383525444462,-0.1543785536230252,0.2006180695488469,-0.5715866685593478,0.2628295613132973,0.4501573514376609,4,51.933963136659735,ok,0.5938739919768675,False,0.6893072022045257,False,0.6938197114213545,False,1.0,0.7054464477975972,False,1.0
DELTA_OC_MINUS_OA,Reactividad OC−OA,ZONE_BAND,MSPSS_ZB_TEMPORAL_ALPHA_W5,MSPSS,ZB_TEMPORAL_ALPHA,temporal,alpha,2,T7 | T8,EEG51 | EEG55,W5,25,11,14,0.524582497904985,2.1175379213095704,-7.911114243733577,4.559617200868195,-1.735039126141384,21.0,0.0973881139555739,0.0027758427189602,0.3449261288639974,0.2510209535009994,0.093905175362998,0.1433505128210219,8.152887056973345,4.471263002134635,-1.1456133856844897,17.45138749963118,0.0825106921701532,0.241772813239768,0.8932615429957086,-1.6158662585369168,2.099411885016453,0.7892926868777905,4,10.841736796008972,ok,0.7955436841346429,False,0.6893072022045257,False,0.6938197114213545,False,1.0,0.7054464477975972,False,1.0
DELTA_OC_MINUS_OA,Reactividad OC−OA,ZONE_BAND,MSPSS_ZB_OCCIPITAL_DELTA_W5,MSPSS,ZB_OCCIPITAL_DELTA,occipital,delta,2,O1 | O2,EEG33 | EEG37,W5,25,11,14,1.779324914617469,7.294047387420073,-4.402353569702575,2.538473017153099,-1.7342526550232231,21.0,0.0975302659031946,0.6893638063734662,0.3355419681353702,0.2403779005323415,0.0951640676030286,0.1432205843550047,4.411515659637225,2.5251076644426,-0.8397331987655798,9.662764518040031,0.0952373172948619,0.0091620899346507,0.2601471541024258,-0.5318435334032592,0.5501677132725606,0.9722378393762138,4,41.42354117038128,ok,0.7955436841346429,False,0.6893072022045257,False,0.6938197114213545,False,1.0,0.7054464477975972,False,1.0
OA,Ojos abiertos,ZONE_BAND,MSPSS_ZB_PARIETAL_ALPHA_W4,MSPSS,ZB_PARIETAL_ALPHA,parietal,alpha,4,P3 | P4 | P7 | P8,EEG27 | EEG31 | EEG59 | EEG63,W4,25,17,8,18.674017938252018,5.097584198490498,-1.5987985895557475,0.9301692445744826,-1.7188254706132946,21.0,0.1003548267185679,0.1747854407529879,0.1921292130343591,0.078474834711433,0.1136543783229261,0.1406838570680485,0.6693678453186245,0.4617981971026774,-0.2909940788463853,1.6297297694836343,0.1619737785899042,-0.9294307442371232,0.8074386965615287,-2.6085914363753497,0.7497299479011035,0.2626354179789365,4,11.776335617952428,ok,0.5938739919768675,False,0.6893072022045257,False,0.6938197114213545,False,1.0,0.7054464477975972,False,1.0
OA,Ojos abiertos,ZONE_BAND,BAI_ZB_TEMPORAL_DELTA_W3,BAI,ZB_TEMPORAL_DELTA,temporal,delta,2,T7 | T8,EEG49 | EEG53,W3,25,6,19,19.86197313976645,13.695071436076708,-0.6924201159032838,0.4066185870431654,-1.702873744504401,21.0,0.1033486622670445,0.1348858261287064,0.1267164925808137,0.0061293893958007,0.1205871031850129,0.1380847137963064,0.538668814181782,0.3530538857998059,-0.1955469346623994,1.2728845630259635,0.1419951007942293,-0.1537513017215017,0.2017216623237026,-0.5732544634713557,0.2657518600283521,0.4544196859216065,4,51.86781093389904,ok,0.5938739919768675,False,0.6893072022045257,False,0.6938197114213545,False,1.0,0.7054464477975972,False,1.0
DELTA_OC_MINUS_OA,Reactividad OC−OA,ZONE_BAND,MSPSS_ZB_PARIETAL_DELTA_W5,MSPSS,ZB_PARIETAL_DELTA,parietal,delta,4,P3 | P4 | P7 | P8,EEG25 | EEG29 | EEG57 | EEG61,W5,25,11,14,1.8035370953982863,7.27385328551566,-4.139258286859722,2.438104531624254,-1.6977361852906967,21.0,0.1043289571898481,0.688744055615153,0.33282003837012,0.241247741029394,0.0915722973407259,0.1372527692783524,4.161938452975777,2.4240858555133995,-0.8792240529584303,9.203100958909983,0.1007102718763963,0.0226801661160553,0.2610775214884991,-0.5202602621186158,0.5656205943507265,0.931596756477283,4,38.95523326470491,ok,0.7955436841346429,False,0.6893072022045257,False,0.6938197114213545,False,1.0,0.7054464477975972,False,1.0
OA,Ojos abiertos,ZONE_BAND,BAI_ZB_OCCIPITAL_DELTA_W3,BAI,ZB_OCCIPITAL_DELTA,occipital,delta,2,O1 | O2,EEG33 | EEG37,W3,25,6,19,19.59061393265616,13.595827501977174,-0.688936387859757,0.4069022179634436,-1.6931251722045206,21.0,0.1052155147422189,0.1555088491504862,0.125237057963128,0.0058247162949357,0.1194123416681922,0.1365082308929805,0.5228310246731007,0.3519805039701369,-0.209152504457422,1.2548145538036235,0.1522966609164169,-0.1661053631866562,0.2041546957787113,-0.5906682949942319,0.2584575686209194,0.4249894971538608,4,51.37893028796093,ok,0.5938739919768675,False,0.6893072022045257,False,0.6938197114213545,False,1.0,0.7054464477975972,False,1.0
DELTA_OC_MINUS_OA,Reactividad OC−OA,ZONE_BAND,MSPSS_ZB_PARIETAL_ALPHA_W5,MSPSS,ZB_PARIETAL_ALPHA,parietal,alpha,4,P3 | P4 | P7 | P8,EEG27 | EEG31 | EEG59 | EEG63,W5,25,11,14,0.5676850949825529,2.179428933916049,-7.172370378991227,4.241485385063965,-1.6910043835699935,21.0,0.1056254256695714,0.0084835108839742,0.3413170185630012,0.2516264835351794,0.0896905350278217,0.1361664678691875,7.412103498818305,4.150669237356279,-1.219685712073093,16.043892709709702,0.0885882163972115,0.2397331198270782,0.8730081063629636,-1.575786624724835,2.055252864378992,0.7863024515195081,4,10.501011887047794,ok,0.7955436841346429,False,0.6893072022045257,False,0.6938197114213545,False,1.0,0.7054464477975972,False,1.0
OA,Ojos abiertos,ZONE_BAND,BAI_ZB_CENTRAL_DELTA_W3,BAI,ZB_CENTRAL_DELTA,central,delta,2,C3 | C4,EEG17 | EEG21,W3,25,6,19,19.82149507444428,13.718131930474714,-0.6811382810173031,0.4034043020157717,-1.6884755011627837,21.0,0.1061159889222993,0.1507882146993891,0.1247739573931294,0.0059537067105265,0.1188202506826029,0.1357595008584245,0.5218099670010319,0.3489510589504365,-0.2038734863246805,1.2474934203267445,0.1496957774501991,-0.1593283140162712,0.2024060012504596,-0.5802546364726953,0.2615980084401527,0.4399755220940507,4,51.850252647845984,ok,0.5938739919768675,False,0.6893072022045257,False,0.6938197114213545,False,1.0,0.7054464477975972,False,1.0
DELTA_OC_MINUS_OA,Reactividad OC−OA,ZONE_BAND,MSPSS_ZB_FRONTAL_DELTA_W5,MSPSS,ZB_FRONTAL_DELTA,frontal,delta,6,Fp1 | Fp2 | F3 | F4 | F7 | F8,EEG1 | EEG5 | EEG9 | EEG13 | EEG41 | EEG45,W5,25,11,14,1.8117560741525915,7.041477936572528,-3.974281183821073,2.373254821964697,-1.6746120758035443,21.0,0.1088398148878581,0.7188078492641602,0.3301131613906545,0.2406569321725168,0.0894562292181376,0.1335393144965271,3.9852077627958367,2.357781422651226,-0.9180671265913776,8.88848265218305,0.1057742161614157,0.0109265789747641,0.2705646188610609,-0.551743348302166,0.5735965062516942,0.9681681858891948,4,36.53587219180215,ok,0.7955436841346429,False,0.6893072022045257,False,0.6938197114213545,False,1.0,0.7054464477975972,False,1.0
OA,Ojos abiertos,ZONE_BAND,BAI_ZB_PARIETAL_DELTA_W3,BAI,ZB_PARIETAL_DELTA,parietal,delta,4,P3 | P4 | P7 | P8,EEG25 | EEG29 | EEG57 | EEG61,W3,25,6,19,19.997860311843755,13.767790509603852,-0.6721647841854408,0.4019608409349144,-1.6722145933968673,21.0,0.1093168281932603,0.1547565303112771,0.1229582348727053,0.0061737905031707,0.1167844443695345,0.1331572212556881,0.5200859267772959,0.3475692401678237,-0.2027238770771902,1.242895730631782,0.1494408426781776,-0.1520788574081448,0.2019112204268634,-0.5719762268137123,0.2678185119974225,0.4596931953091588,4,51.99365215311305,ok,0.5938739919768675,False,0.6893072022045257,False,0.6938197114213545,False,1.0,0.7054464477975972,False,1.0
OA,Ojos abiertos,ZONE_BAND,MSPSS_ZB_TEMPORAL_ALPHA_W4,MSPSS,ZB_TEMPORAL_ALPHA,temporal,alpha,2,T7 | T8,EEG51 | EEG55,W4,25,17,8,18.675382062980805,5.089654391770822,-1.5786946255164631,0.9447576926521376,-1.671004785454277,21.0,0.109558208880479,0.1840559494551784,0.1880676710545002,0.0801093985140309,0.1079582725404693,0.132964618714814,0.6640988795155208,0.4611982779569782,-0.2950154444883757,1.6232132035194171,0.1646259942916594,-0.9145957460009424,0.8245382018044456,-2.6293168059803325,0.800125313978448,0.2798760748543672,4,11.731033112161056,ok,0.5938739919768675,False,0.6893072022045257,False,0.6938197114213545,False,1.0,0.7054464477975972,False,1.0
DELTA_OC_MINUS_OA,Reactividad OC−OA,ZONE_BAND,MSPSS_ZB_PARIETAL_THETA_W5,MSPSS,ZB_PARIETAL_THETA,parietal,theta,4,P3 | P4 | P7 | P8,EEG26 | EEG30 | EEG58 | EEG62,W5,25,11,14,1.351563804064023,6.124929596407467,-3.317512706208233,1.990674180999385,-1.6665272187047355,21.0,0.1104555059227772,0.8543453766222675,0.3324499433323132,0.2441644466197496,0.0882854967125635,0.1322529986039878,3.36109247701551,1.9660782657666411,-0.7275911042909833,7.449776058322003,0.1020881005254571,0.0435797708072764,0.3119614523905394,-0.6051795846054441,0.692339126219997,0.8902313134868273,4,26.28142079187144,ok,0.7955436841346429,False,0.6893072022045257,False,0.6938197114213545,False,1.0,0.7054464477975972,False,1.0
OA,Ojos abiertos,ZONE_BAND,MSPSS_ZB_FRONTAL_ALPHA_W4,MSPSS,ZB_FRONTAL_ALPHA,frontal,alpha,6,Fp1 | Fp2 | F3 | F4 | F7 | F8,EEG3 | EEG7 | EEG11 | EEG15 | EEG43 | EEG47,W4,25,17,8,18.667531717891176,5.079671545364602,-1.5613815093156471,0.9429667423766882,-1.6558182162186164,21.0,0.1126268433220638,0.1829431884612352,0.188395201353962,0.0824330850332089,0.1059621163207531,0.1305587602457806,0.6809925880726346,0.4627813715864426,-0.2814139593605962,1.6433991355058657,0.1559780924962286,-0.8803889212430127,0.8215958126360394,-2.588990947971209,0.8282131054851833,0.2960789375664906,4,11.71625789387281,ok,0.5938739919768675,False,0.6893072022045257,False,0.6938197114213545,False,1.0,0.7054464477975972,False,1.0
DELTA_OC_MINUS_OA,Reactividad OC−OA,ZONE_BAND,MSPSS_ZB_TEMPORAL_THETA_W5,MSPSS,ZB_TEMPORAL_THETA,temporal,theta,2,T7 | T8,EEG50 | EEG54,W5,25,11,14,1.3332193150444869,5.9651941571679385,-3.5137600129249646,2.149061958873654,-1.6350203391839682,21.0,0.1169469214652675,0.8106594340985894,0.3293612711869855,0.2439892321532684,0.0853720390337171,0.1272995956926316,3.56176118003087,2.125006854588819,-0.8574324949132572,7.980954854974997,0.1085411922119016,0.0480011671059052,0.3206449298342294,-0.6188164682190936,0.7148188024309042,0.8824282252761955,4,26.33934423872792,ok,0.7955436841346429,False,0.6893072022045257,False,0.6938197114213545,False,1.0,0.7054464477975972,False,1.0
DELTA_OC_MINUS_OA,Reactividad OC−OA,ZONE_BAND,MSPSS_ZB_FRONTAL_THETA_W5,MSPSS,ZB_FRONTAL_THETA,frontal,theta,6,Fp1 | Fp2 | F3 | F4 | F7 | F8,EEG2 | EEG6 | EEG10 | EEG14 | EEG42 | EEG46,W5,25,11,14,1.2536853114876576,6.036632114049067,-3.298249277075395,2.036615892660077,-1.61947537037407,21.0,0.1202662881333554,0.815219497384849,0.3276055108253778,0.2436298276676367,0.083975683157741,0.1248904988213435,3.33824049897659,2.0116786496676164,-0.8452742720152684,7.521755269968448,0.1118904647089447,0.0399912219011953,0.3177314978202284,-0.6207675998718144,0.700750043674205,0.9010361555243046,4,26.10479422754768,ok,0.7955436841346429,False,0.6893072022045257,False,0.6938197114213545,False,1.0,0.7054464477975972,False,1.0
DELTA_OC_MINUS_OA,Reactividad OC−OA,ZONE_BAND,MSPSS_ZB_OCCIPITAL_THETA_W5,MSPSS,ZB_OCCIPITAL_THETA,occipital,theta,2,O1 | O2,EEG34 | EEG38,W5,25,11,14,1.3706647065182616,6.008191973921184,-3.439064533138164,2.130819660242925,-1.6139632073537804,21.0,0.1214621639576403,0.7732468979501234,0.3277542147723367,0.244367655626766,0.0833865591455707,0.124041773080557,3.492043977340186,2.1068746931368643,-0.8894418036136185,7.873529758293991,0.1122932358616828,0.0529794442020219,0.318545839554072,-0.6094728939150283,0.7154317823190722,0.8694987581152275,4,26.261311383579766,ok,0.7955436841346429,False,0.6893072022045257,False,0.6938197114213545,False,1.0,0.7054464477975972,False,1.0
OA,Ojos abiertos,ZONE_BAND,BAI_ZB_OCCIPITAL_ALPHA_W1,BAI,ZB_OCCIPITAL_ALPHA,occipital,alpha,2,O1 | O2,EEG35 | EEG39,W1,25,8,17,18.424597448260545,5.052775848091443,1.2988468799702135,0.8073892446051543,1.6086997549805135,21.0,0.1226133738076173,0.0186284345044031,0.5192993248517113,0.4600606372107025,0.0592386876410087,0.1232340429368743,-0.5373373867522533,0.694020424883493,-1.980631870863752,0.9059570973592452,0.447419425141571,0.7615094932179602,0.4125688332249754,-0.0964743642598437,1.6194933506957645,0.0790713984400903,4,17.04119706136457,ok,0.5938739919768675,False,0.6893072022045257,False,0.6938197114213545,False,1.0,0.7054464477975972,False,1.0
DELTA_OC_MINUS_OA,Reactividad OC−OA,ZONE_BAND,MSPSS_ZB_FRONTAL_ALPHA_W5,MSPSS,ZB_FRONTAL_ALPHA,frontal,alpha,6,Fp1 | Fp2 | F3 | F4 | F7 | F8,EEG3 | EEG7 | EEG11 | EEG15 | EEG43 | EEG47,W5,25,11,14,0.47006688644992,2.161725189367838,-7.696008633232363,4.801604294457026,-1.6027994314559904,21.0,0.1239147318009085,0.0889705891502677,0.330431020630908,0.2485214989949528,0.0819095216359552,0.1223317151178886,7.9119107834548625,4.719908191689137,-1.903675637825453,17.72749720473518,0.1085080313409659,0.2159021502224991,0.8819696494630381,-1.6182541434304534,2.050058443875452,0.808990954927673,4,11.518456080489678,ok,0.7955436841346429,False,0.6893072022045257,False,0.6938197114213545,False,1.0,0.7054464477975972,False,1.0
OA,Ojos abiertos,ZONE_BAND,MSPSS_ZB_OCCIPITAL_ALPHA_W4,MSPSS,ZB_OCCIPITAL_ALPHA,occipital,alpha,2,O1 | O2,EEG35 | EEG39,W4,25,17,8,18.424597448260545,5.052775848091443,-1.5083545925017452,0.943624989220878,-1.5984682577632316,21.0,0.1248773425400892,0.2053317002335872,0.1785675000945151,0.0786226041947109,0.0999448958998042,0.1216714652893622,0.6537842401321108,0.4704477747158324,-0.3245654653882626,1.6321339456524842,0.179176597730064,-0.8545703523696344,0.817989615794127,-2.555672882218576,0.8465321774793073,0.3080297101064473,4,11.6805012983492,ok,0.5938739919768675,False,0.6893072022045257,False,0.6938197114213545,False,1.0,0.7054464477975972,False,1.0
DELTA_OC_MINUS_OA,Reactividad OC−OA,ZONE_BAND,MSPSS_ZB_TEMPORAL_ALPHA_W4,MSPSS,ZB_TEMPORAL_ALPHA,temporal,alpha,2,T7 | T8,EEG51 | EEG55,W4,25,17,8,0.524582497904985,2.1175379213095704,-8.274401789872336,5.179377272369118,-1.5975669187132822,21.0,0.1250784507625523,0.3172828695819505,0.1790088912427881,0.0792303209256185,0.0997785703171696,0.1215342885603365,8.649237173209363,5.070958593472731,-1.8963985238173289,19.19487287023605,0.10282381945381,0.374835383337027,1.0541953674812188,-1.8174838979246992,2.5671546645987533,0.7257127613234581,4,11.652937861028104,ok,0.7955436841346429,False,0.6893072022045257,False,0.6938197114213545,False,1.0,0.7054464477975972,False,1.0
OA,Ojos abiertos,ZONE_BAND,MSPSS_ZB_CENTRAL_ALPHA_W4,MSPSS,ZB_CENTRAL_ALPHA,central,alpha,2,C3 | C4,EEG19 | EEG23,W4,25,17,8,18.57980896524,5.058929387368242,-1.5031586697869677,0.9503482135413126,-1.5816925295052642,21.0,0.1286649559085843,0.2079858420300266,0.1777425538304473,0.0797861919130012,0.097956361917446,0.1191310122806076,0.6522849756713748,0.4683246138306619,-0.3216493750776138,1.6262193264203637,0.1782502233967473,-0.8508736941155929,0.8269424303187768,-2.5705946209992754,0.8688472327680897,0.3152143265168862,4,11.674731779265924,ok,0.5938739919768675,False,0.6893072022045257,False,0.6938197114213545,False,1.0,0.7054464477975972,False,1.0
DELTA_OC_MINUS_OA,Reactividad OC−OA,ZONE_BAND,MSPSS_ZB_PARIETAL_ALPHA_W4,MSPSS,ZB_PARIETAL_ALPHA,parietal,alpha,4,P3 | P4 | P7 | P8,EEG27 | EEG31 | EEG59 | EEG63,W4,25,17,8,0.5676850949825529,2.179428933916049,-8.952082394382224,5.694827924288478,-1.5719671451707145,21.0,0.1309042642482518,0.4269349620137756,0.1765316466137237,0.0796337056785081,0.0968979409352156,0.1176705097855318,9.369429529362668,5.601909601143348,-2.2803792340879507,21.019238292813284,0.1092515659611587,0.417347134980444,1.0245359475751847,-1.713292006018102,2.54798627597899,0.6878717750647924,4,13.32328877971138,ok,0.7955436841346429,False,0.6893072022045257,False,0.6938197114213545,False,1.0,0.7054464477975972,False,1.0
DELTA_OC_MINUS_OA,Reactividad OC−OA,ZONE_BAND,MSPSS_ZB_CENTRAL_THETA_W3,MSPSS,ZB_CENTRAL_THETA,central,theta,2,C3 | C4,EEG18 | EEG22,W3,25,6,19,1.3409712788852872,6.118784127857375,4.13086051239625,2.631435699863627,1.569812445962609,21.0,0.1314047550673033,0.3709788562252934,0.1146465322134159,0.010751942127123,0.1038945900862928,0.1173481483570998,-0.1630286085616354,0.3792112458015684,-0.9516415654070084,0.6255843482837373,0.6716367975399629,3.967831903834615,2.603968639130356,-1.4474173293375685,9.383081137006798,0.1424863978571642,4,20.51113101791388,ok,0.7955436841346429,False,0.6893072022045257,False,0.6938197114213545,False,1.0,0.7054464477975972,False,1.0
OA,Ojos abiertos,ZONE_BAND,BAI_ZB_OCCIPITAL_BETA_W1,BAI,ZB_OCCIPITAL_BETA,occipital,beta,2,O1 | O2,EEG36 | EEG40,W1,25,8,17,8.856748059113755,10.51561976491168,0.6098091836675931,0.3923400112532704,1.5542875214782466,21.0,0.1350580606261061,0.0472938533308002,0.5178464069483861,0.4623801532957319,0.0554662536526542,0.1150385571153809,-0.2446914241916238,0.3388682101018646,-0.9494064454575496,0.4600235970743019,0.4782069586790068,0.3651177594759692,0.1977347228297926,-0.0460941077042579,0.7763296266561964,0.078961738252969,4,35.61983400416706,ok,0.5938739919768675,False,0.6893072022045257,False,0.6938197114213545,False,1.0,0.7054464477975972,False,1.0
OC,Ojos cerrados,ZONE_BAND,MSPSS_ZB_PARIETAL_ALPHA_W4,MSPSS,ZB_PARIETAL_ALPHA,parietal,alpha,4,P3 | P4 | P7 | P8,EEG27 | EEG31 | EEG59 | EEG63,W4,25,17,8,19.241703033234568,4.994852396993947,-1.5471085769444353,0.9971005192980388,-1.5516074327527216,21.0,0.135697180059797,0.3212567995448598,0.1916895328971828,0.0990230647834213,0.0926664681137614,0.1146421726368344,0.7578099746098058,0.4692702608328968,-0.2180909567372556,1.7337109059568672,0.1212649784072314,-0.7892986023346295,0.8797697811826936,-2.6188800194552,1.040282814785941,0.3798015224760102,4,11.742972953468168,ok,0.5895721906681803,False,0.6893072022045257,False,0.6938197114213545,False,1.0,0.7054464477975972,False,1.0
OC,Ojos cerrados,ZONE_BAND,MSPSS_ZB_TEMPORAL_ALPHA_W4,MSPSS,ZB_TEMPORAL_ALPHA,temporal,alpha,2,T7 | T8,EEG51 | EEG55,W4,25,17,8,19.199964560885796,4.996790816512311,-1.542061347646618,0.994162458809782,-1.5511160514879876,21.0,0.1358146308263645,0.3183626295401796,0.1929612353389099,0.1004991497462344,0.0924620855926755,0.114569571675413,0.7655659438631802,0.4688104251012991,-0.2093787067301502,1.740510594456511,0.1173745917719309,-0.7764954037834378,0.876684538373439,-2.5996607072435363,1.0466698996766604,0.385799637480249,4,11.740484321862002,ok,0.5895721906681803,False,0.6893072022045257,False,0.6938197114213545,False,1.0,0.7054464477975972,False,1.0
OC,Ojos cerrados,ZONE_BAND,MSPSS_ZB_FRONTAL_ALPHA_W2,MSPSS,ZB_FRONTAL_ALPHA,frontal,alpha,6,Fp1 | Fp2 | F3 | F4 | F7 | F8,EEG3 | EEG7 | EEG11 | EEG15 | EEG43 | EEG47,W2,25,18,7,19.137598604341093,4.9731899272265085,-2.192846899221519,1.413837253264523,-1.550989616491062,21.0,0.1358448651432832,0.7268650973893437,0.1407827846179246,0.042358683782129,0.0984241008357955,0.1145508947839557,0.5205018163060732,0.4621340795323046,-0.4405586136097901,1.4815622462219364,0.272745245724612,-1.6723450829154456,1.3361765868527262,-4.451076411935352,1.1063862461044605,0.2244820916346677,4,12.98531909499467,ok,0.5895721906681803,False,0.6893072022045257,False,0.6938197114213545,False,1.0,0.7054464477975972,False,1.0
OA,Ojos abiertos,ZONE_BAND,BAI_ZB_PARIETAL_ALPHA_W1,BAI,ZB_PARIETAL_ALPHA,parietal,alpha,4,P3 | P4 | P7 | P8,EEG27 | EEG31 | EEG59 | EEG63,W1,25,8,17,18.674017938252018,5.097584198490498,1.2599169483951442,0.8142079924423079,1.547414125248123,21.0,0.1367021798773686,0.0277040545237258,0.5152827020598332,0.4600136090601234,0.0552690929997097,0.1140233559532098,-0.5270646254968674,0.7051178570338402,-1.993437483149154,0.9393082321554194,0.4630597499335437,0.7328523228982768,0.4071160309407357,-0.1137918114566595,1.5794964572532133,0.0862274076629596,4,17.24525244935256,ok,0.5938739919768675,False,0.6893072022045257,False,0.6938197114213545,False,1.0,0.7054464477975972,False,1.0
OC,Ojos cerrados,ZONE_BAND,MSPSS_ZB_CENTRAL_ALPHA_W2,MSPSS,ZB_CENTRAL_ALPHA,central,alpha,2,C3 | C4,EEG19 | EEG23,W2,25,18,7,19.100330072963768,4.985768157295781,-2.2021852206634898,1.4236588611172831,-1.5468489543451591,21.0,0.1368381028792221,0.6259758722742956,0.1398376896917655,0.0418307269326554,0.0980069627591101,0.1139400803599379,0.5070085402255333,0.4575847761004973,-0.4445910952896763,1.458608175740743,0.2803871245140154,-1.6951766804379564,1.3481174746730409,-4.498740445087329,1.1083870842114163,0.2223990966257436,4,12.747711877609747,ok,0.5895721906681803,False,0.6893072022045257,False,0.6938197114213545,False,1.0,0.7054464477975972,False,1.0
OA,Ojos abiertos,ZONE_BAND,BAI_ZB_CENTRAL_ALPHA_W1,BAI,ZB_CENTRAL_ALPHA,central,alpha,2,C3 | C4,EEG19 | EEG23,W1,25,8,17,18.57980896524,5.058929387368242,1.2601406724921462,0.8170201051873062,1.542361888638288,21.0,0.1379212096120762,0.0261843420698333,0.5137653091784448,0.4586846388750131,0.0550806703034316,0.11328000931066,-0.5267012222550732,0.7053450159398095,-1.9935464827131664,0.9401440382030204,0.4635063749365593,0.733439450237073,0.4123230053843058,-0.1240331802598547,1.5909120807340007,0.0897540513039537,4,17.089642395189546,ok,0.5938739919768675,False,0.6893072022045257,False,0.6938197114213545,False,1.0,0.7054464477975972,False,1.0
OA,Ojos abiertos,ZONE_BAND,BAI_ZB_PARIETAL_BETA_W1,BAI,ZB_PARIETAL_BETA,parietal,beta,4,P3 | P4 | P7 | P8,EEG28 | EEG32 | EEG60 | EEG64,W1,25,8,17,9.083099232142752,10.579108492458875,0.6036563024204809,0.3914236634767318,1.542206970980346,21.0,0.1379587304965293,0.0490303550769658,0.5175222572822573,0.4628781528572817,0.0546441044249755,0.1132572543495405,-0.241514002464356,0.3386805885451093,-0.9458388433432842,0.462810838414572,0.4836319945870447,0.3621422999561248,0.1962344089916048,-0.0459494937947704,0.77023409370702,0.0791193702161964,4,35.87242646223393,ok,0.5938739919768675,False,0.6893072022045257,False,0.6938197114213545,False,1.0,0.7054464477975972,False,1.0
OA,Ojos abiertos,ZONE_BAND,BAI_ZB_CENTRAL_BETA_W1,BAI,ZB_CENTRAL_BETA,central,beta,2,C3 | C4,EEG20 | EEG24,W1,25,8,17,8.89451872745027,10.61090014694074,0.6014712250820162,0.3907207735734924,1.5393889083015002,21.0,0.1386427359626158,0.0501135362599702,0.5178768819431483,0.4634723137143747,0.0544045682287736,0.1128437243334144,-0.2396058359810167,0.3383764215263695,-0.943298126916664,0.4640864549546304,0.4866663804292253,0.3618653891009994,0.1953563929255373,-0.0444004702830085,0.7681312484850075,0.0780873671304462,4,35.98882838954382,ok,0.5938739919768675,False,0.6893072022045257,False,0.6938197114213545,False,1.0,0.7054464477975972,False,1.0
OA,Ojos abiertos,ZONE,BAI_Z_FRONTAL_W3,BAI,Z_FRONTAL,frontal,all_bands,24,Fp1 | Fp2 | F3 | F4 | F7 | F8,EEG1 | EEG2 | EEG3 | EEG4 | EEG5 | EEG6 | EEG7 | EEG8 | EEG9 | EEG10 | EEG11 | EEG12 | EEG13 | EEG14 | EEG15 | EEG16 | EEG41 | EEG42 | EEG43 | EEG44 | EEG45 | EEG46 | EEG47 | EEG48,W3,25,6,19,15.913111369721689,10.223866031962654,-0.8335408680999202,0.5427844074222605,-1.5356757797418912,21.0,0.1395482685020894,0.1508740894021198,0.1093928190371267,0.009377628353404,0.1000151906837226,0.1123000047850411,0.689712928294957,0.4683109854108738,-0.2841930806035585,1.6636189371934726,0.1556446639303185,-0.1438279398049632,0.2744079697899296,-0.7144905528837157,0.4268346732737892,0.6056704306519184,4,38.49344793399585,ok,0.5278926914685387,False,0.6805321731770124,False,0.6938197114213545,False,1.0,0.7054464477975972,False,1.0
OC,Ojos cerrados,ZONE_BAND,MSPSS_ZB_TEMPORAL_ALPHA_W2,MSPSS,ZB_TEMPORAL_ALPHA,temporal,alpha,2,T7 | T8,EEG51 | EEG55,W2,25,18,7,19.199964560885796,4.996790816512311,-2.1110239319384205,1.3850818678683916,-1.524114914006662,21.0,0.142398955984181,0.6882345112216453,0.1367842788121342,0.0412992085087203,0.0954850703034139,0.1106155367189298,0.5088427107857265,0.4606536509477298,-0.4491389993495245,1.4668244209209775,0.2818246706260711,-1.602181221152694,1.3062350456814107,-4.318645706620249,1.1142832643148604,0.233561896173634,4,12.859097999412704,ok,0.5895721906681803,False,0.6893072022045257,False,0.6938197114213545,False,1.0,0.7054464477975972,False,1.0
OA,Ojos abiertos,ZONE_BAND,BAI_ZB_FRONTAL_BETA_W1,BAI,ZB_FRONTAL_BETA,frontal,beta,6,Fp1 | Fp2 | F3 | F4 | F7 | F8,EEG4 | EEG8 | EEG12 | EEG16 | EEG44 | EEG48,W1,25,8,17,9.026447836441037,10.563593207509305,0.5956462985787114,0.3910380929925637,1.523243666672747,21.0,0.1426157184514896,0.0556418412011038,0.5158789791425697,0.4623888793826296,0.0534900997599401,0.1104891080027953,-0.2352319981899276,0.3377459421931936,-0.9376131355754878,0.4671491391956324,0.4937684130668161,0.3604143003887837,0.1970747794703646,-0.0494251394444408,0.7702537402220084,0.0816655029944622,4,35.72383907364681,ok,0.5938739919768675,False,0.6893072022045257,False,0.6938197114213545,False,1.0,0.7054464477975972,False,1.0
OA,Ojos abiertos,ZONE_BAND,MSPSS_ZB_OCCIPITAL_DELTA_W5,MSPSS,ZB_OCCIPITAL_DELTA,occipital,delta,2,O1 | O2,EEG33 | EEG37,W5,25,11,14,19.59061393265616,13.595827501977174,0.4670009088731697,0.3078960496731187,1.5167486213901298,21.0,0.1442402295143709,0.0314657949399332,0.3166827305975584,0.2418260922878504,0.074856638309708,0.1095488752613699,-0.2897021022961159,0.2593760514717421,-0.8291041299275501,0.2496999253353182,0.2766455059230706,0.1772988065770537,0.1659037110110556,-0.1677168477332375,0.5223144608873451,0.2973428074805455,4,40.26109353954547,ok,0.5938739919768675,False,0.6893072022045257,False,0.6938197114213545,False,1.0,0.7054464477975972,False,1.0
DELTA_OC_MINUS_OA,Reactividad OC−OA,ZONE_BAND,BAI_ZB_TEMPORAL_BETA_W4,BAI,ZB_TEMPORAL_BETA,temporal,beta,2,T7 | T8,EEG52 | EEG56,W4,25,17,8,1.0831878700577655,4.9809001533439465,12.013683202141346,7.930847984112163,1.5148043722699402,21.0,0.144729464471506,0.0947736607714997,0.1820843547424057,0.0927121810740464,0.0893721736683592,0.1092682041070536,-12.256102492359288,7.915730143852162,-28.717764490642477,4.205559505923896,0.1364839688092889,-0.242419290217942,0.4894548363292966,-1.2602963442172677,0.7754577637813835,0.6255422981030863,4,49.12513764751914,ok,0.7955436841346429,False,0.6893072022045257,False,0.6938197114213545,False,1.0,0.7054464477975972,False,1.0
OA,Ojos abiertos,ZONE_BAND,BAI_ZB_TEMPORAL_BETA_W1,BAI,ZB_TEMPORAL_BETA,temporal,beta,2,T7 | T8,EEG52 | EEG56,W1,25,8,17,9.10263697564856,10.55684675404469,0.5944035696845317,0.3924706244309112,1.5145173490281638,21.0,0.1448018040303326,0.0549205458838534,0.5132406964714834,0.4600735353650755,0.0531671611064078,0.1092268000241582,-0.2411974983567139,0.3389846250114218,-0.9461546176802876,0.4637596209668597,0.4845859339419603,0.3532060713278178,0.1977943756709353,-0.0581298507267271,0.7645419933823627,0.0885944646796178,4,35.72201757257732,ok,0.5938739919768675,False,0.6893072022045257,False,0.6938197114213545,False,1.0,0.7054464477975972,False,1.0
OC,Ojos cerrados,ZONE_BAND,MSPSS_ZB_FRONTAL_ALPHA_W3,MSPSS,ZB_FRONTAL_ALPHA,frontal,alpha,6,Fp1 | Fp2 | F3 | F4 | F7 | F8,EEG3 | EEG7 | EEG11 | EEG15 | EEG43 | EEG47,W3,25,6,19,19.137598604341093,4.9731899272265085,2.250579742538871,1.4908758522441623,1.5095688478360914,21.0,0.1460536711198594,0.4297757591019312,0.1271802756077555,0.0324669453631725,0.094713330244583,0.1085141955408182,-1.71579399307364,1.4198822443872392,-4.668600766384353,1.237012780237073,0.2403230972746,0.5347857494652308,0.4545824665323227,-0.4105702415058445,1.4801417404363062,0.2525858467942478,4,21.981173321591445,ok,0.5895721906681803,False,0.6893072022045257,False,0.6938197114213545,False,1.0,0.7054464477975972,False,1.0
OA,Ojos abiertos,ZONE_BAND,MSPSS_ZB_CENTRAL_DELTA_W5,MSPSS,ZB_CENTRAL_DELTA,central,delta,2,C3 | C4,EEG17 | EEG21,W5,25,11,14,19.82149507444428,13.718131930474714,0.4595881390775766,0.3047588055498869,1.5080389170325228,21.0,0.1464425046372903,0.0314311021907532,0.3154864088099087,0.2413574535616374,0.0741289552482713,0.1082943512040296,-0.2876381430400679,0.2564618464227213,-0.8209797495051832,0.2457034634250472,0.2747097386386801,0.1719499960375087,0.1646367240005776,-0.1704308145447024,0.5143308066197199,0.3081650352357957,4,40.55740075952233,ok,0.5938739919768675,False,0.6893072022045257,False,0.6938197114213545,False,1.0,0.7054464477975972,False,1.0
OA,Ojos abiertos,ZONE,BAI_Z_TEMPORAL_W3,BAI,Z_TEMPORAL,temporal,all_bands,8,T7 | T8,EEG49 | EEG50 | EEG51 | EEG52 | EEG53 | EEG54 | EEG55 | EEG56,W3,25,6,19,15.895680675076449,10.234354561487304,-0.8181413850322977,0.5438718274427494,-1.50429079748283,21.0,0.1473986829430384,0.1478551918997663,0.1053375167243519,0.0089316355079756,0.0964058812163763,0.1077567049234068,0.6742594976317421,0.4694317957502844,-0.3019773639659255,1.6504963592294095,0.1656391288031499,-0.1438818874005556,0.2746458698480265,-0.715039240733788,0.4272754659326767,0.6058464802482361,4,38.543558501749445,ok,0.5278926914685387,False,0.6805321731770124,False,0.6938197114213545,False,1.0,0.7054464477975972,False,1.0
OA,Ojos abiertos,ZONE_BAND,MSPSS_ZB_FRONTAL_DELTA_W5,MSPSS,ZB_FRONTAL_DELTA,frontal,delta,6,Fp1 | Fp2 | F3 | F4 | F7 | F8,EEG1 | EEG5 | EEG9 | EEG13 | EEG41 | EEG45,W5,25,11,14,19.964887563598847,13.704489015715016,0.459932791878231,0.305776877005993,1.5041451020811385,21.0,0.1474359542334851,0.0304819444144847,0.3156595918068879,0.2419316080338424,0.0737279837730455,0.1077358327673681,-0.285087792435131,0.2578902472140779,-0.8213999209617714,0.2512243360915093,0.2814641241940492,0.1748449994430999,0.1642927840880423,-0.1668205489352483,0.5165105478214482,0.299309959163712,4,40.53606820600434,ok,0.5938739919768675,False,0.6893072022045257,False,0.6938197114213545,False,1.0,0.7054464477975972,False,1.0
OC,Ojos cerrados,ZONE_BAND,MSPSS_ZB_CENTRAL_DELTA_W5,MSPSS,ZB_CENTRAL_DELTA,central,delta,2,C3 | C4,EEG17 | EEG21,W5,25,11,14,21.65626321179784,12.53783633299731,0.4802725618591866,0.3201801927421003,1.5000070983342744,21.0,0.1484977533503726,0.0397966370753851,0.318735386780493,0.2457420588133458,0.0729933279671471,0.1071438711930108,-0.2558446609557843,0.2631971172028193,-0.8031930297831811,0.2915037078716124,0.3420826390241369,0.2244279009034023,0.1823256244209626,-0.1547389918910506,0.6035947936978553,0.2319624774445881,4,36.07975077702435,ok,0.5895721906681803,False,0.6893072022045257,False,0.6938197114213545,False,1.0,0.7054464477975972,False,1.0
DELTA_OC_MINUS_OA,Reactividad OC−OA,ZONE_BAND,MSPSS_ZB_CENTRAL_ALPHA_W5,MSPSS,ZB_CENTRAL_ALPHA,central,alpha,2,C3 | C4,EEG19 | EEG23,W5,25,11,14,0.5205211077237656,2.131580235005688,-7.449947847588737,4.970817600193708,-1.498736917503957,21.0,0.1488249314165479,0.0853272952669998,0.3236693299853646,0.251327315592836,0.0723420143925285,0.106962492756632,7.754885792814157,4.888852498334408,-2.412039547553583,17.921811133181897,0.1276292385307007,0.3049379452254204,0.898971002827633,-1.5645745982636512,2.174450488714492,0.7378219092780588,4,11.714166912341264,ok,0.7955436841346429,False,0.6893072022045257,False,0.6938197114213545,False,1.0,0.7054464477975972,False,1.0
OA,Ojos abiertos,ZONE_BAND,BAI_ZB_TEMPORAL_ALPHA_W1,BAI,ZB_TEMPORAL_ALPHA,temporal,alpha,2,T7 | T8,EEG51 | EEG55,W1,25,8,17,18.675382062980805,5.089654391770822,1.2274924593096277,0.8202224950141317,1.4965359603902095,21.0,0.1493932596812098,0.0352990762215852,0.508427877727202,0.4560024159243343,0.0524254618028676,0.106648565749573,-0.5279178821539859,0.7099476002327689,-2.004334740629244,0.9484989763212722,0.4653567749748276,0.6995745771556415,0.4107789505937952,-0.1546870156219225,1.5538361699332055,0.1033163338750438,4,17.206021415626605,ok,0.5938739919768675,False,0.6893072022045257,False,0.6938197114213545,False,1.0,0.7054464477975972,False,1.0
OC,Ojos cerrados,ZONE_BAND,MSPSS_ZB_PARIETAL_ALPHA_W2,MSPSS,ZB_PARIETAL_ALPHA,parietal,alpha,4,P3 | P4 | P7 | P8,EEG27 | EEG31 | EEG59 | EEG63,W2,25,18,7,19.241703033234568,4.994852396993947,-2.0951248506655653,1.4005325968964688,-1.4959486521829544,21.0,0.1495452134923003,0.6483836587920188,0.1327020845023292,0.0402785907573807,0.0924234937449485,0.1065648747603806,0.4935761666832054,0.4609805324416532,-0.4650853307323938,1.4522376640988046,0.2964523774641059,-1.6015486839823598,1.322493290599002,-4.351824040671511,1.148726672706791,0.2393455677059127,4,12.838029453869934,ok,0.5895721906681803,False,0.6893072022045257,False,0.6938197114213545,False,1.0,0.7054464477975972,False,1.0
OC,Ojos cerrados,ZONE_BAND,MSPSS_ZB_CENTRAL_ALPHA_W4,MSPSS,ZB_CENTRAL_ALPHA,central,alpha,2,C3 | C4,EEG19 | EEG23,W4,25,17,8,19.100330072963768,4.985768157295781,-1.5165793908953933,1.0149126489482947,-1.494295486874611,21.0,0.1499736148053053,0.3373497685676621,0.1875324661072744,0.1011432187256864,0.086389247381588,0.1063294762901805,0.7513011305243993,0.4691290650222662,-0.2243061680600574,1.726908429108856,0.1242071686466294,-0.765278260370994,0.8999808916563605,-2.6368909826499234,1.1063344619079352,0.4047343827092595,4,11.713399653406093,ok,0.5895721906681803,False,0.6893072022045257,False,0.6938197114213545,False,1.0,0.7054464477975972,False,1.0
OC,Ojos cerrados,ZONE_BAND,MSPSS_ZB_FRONTAL_ALPHA_W4,MSPSS,ZB_FRONTAL_ALPHA,frontal,alpha,6,Fp1 | Fp2 | F3 | F4 | F7 | F8,EEG3 | EEG7 | EEG11 | EEG15 | EEG43 | EEG47,W4,25,17,8,19.137598604341093,4.9731899272265085,-1.5173235220701908,1.0189661896642397,-1.4890813232676203,21.0,0.1513313928003935,0.335048795907198,0.1895366989159854,0.1039609137500368,0.0855757851659486,0.1055887232049729,0.7660217919923714,0.4699099674059222,-0.211209482000517,1.74325306598526,0.1179793844373277,-0.7513017300778194,0.9041441910510865,-2.6315725074177667,1.128969047262128,0.4153481728720253,4,11.70704725041481,ok,0.5895721906681803,False,0.6893072022045257,False,0.6938197114213545,False,1.0,0.7054464477975972,False,1.0
OA,Ojos abiertos,ZONE_BAND,MSPSS_ZB_TEMPORAL_DELTA_W5,MSPSS,ZB_TEMPORAL_DELTA,temporal,delta,2,T7 | T8,EEG49 | EEG53,W5,25,11,14,19.86197313976645,13.695071436076708,0.452876369445733,0.3046532791399723,1.486530428046566,21.0,0.151999300285128,0.0341690067674391,0.313406197768232,0.2411578049379605,0.0722483928302714,0.1052272720718255,-0.2829159339402111,0.2557711044376268,-0.814821063809989,0.2489891959295668,0.2811816570366898,0.1699604355055219,0.1655136327481654,-0.1742440066487355,0.5141648776597796,0.3161667152687611,4,40.41147886691188,ok,0.5938739919768675,False,0.6893072022045257,False,0.6938197114213545,False,1.0,0.7054464477975972,False,1.0
OC,Ojos cerrados,ZONE_BAND,MSPSS_ZB_TEMPORAL_ALPHA_W3,MSPSS,ZB_TEMPORAL_ALPHA,temporal,alpha,2,T7 | T8,EEG51 | EEG55,W3,25,6,19,19.199964560885796,4.996790816512311,2.133358785028408,1.4358948977925123,1.4857346371995257,21.0,0.152208156177656,0.3967377676044014,0.1228624858151949,0.0306624929433952,0.0921999928717997,0.1051146386749729,-1.6063547836809706,1.361519366819674,-4.437789308784029,1.2250797414220875,0.2512629948815915,0.5270040013474373,0.4561350362354598,-0.4215807350731868,1.4755887377680614,0.2609167635780359,4,22.006393796672263,ok,0.5895721906681803,False,0.6893072022045257,False,0.6938197114213545,False,1.0,0.7054464477975972,False,1.0
OA,Ojos abiertos,ZONE_BAND,BAI_ZB_FRONTAL_ALPHA_W3,BAI,ZB_FRONTAL_ALPHA,frontal,alpha,6,Fp1 | Fp2 | F3 | F4 | F7 | F8,EEG3 | EEG7 | EEG11 | EEG15 | EEG43 | EEG47,W3,25,6,19,18.667531717891176,5.079671545364602,-1.8444089038538705,1.2423336376162075,-1.4846325077319211,21.0,0.1524977977204719,0.1646992757752359,0.1091599073610841,0.0156584476294137,0.0935014597316704,0.1049587468102082,1.7441828136662283,1.12555896679447,-0.5965451967369342,4.084910824069391,0.1361739881961389,-0.1002260901876417,0.525842066994723,-1.1937745328500875,0.9933223524748044,0.8506686756489733,4,19.745808497634496,ok,0.5938739919768675,False,0.6893072022045257,False,0.6938197114213545,False,1.0,0.7054464477975972,False,1.0
OC,Ojos cerrados,ZONE_BAND,MSPSS_ZB_OCCIPITAL_DELTA_W5,MSPSS,ZB_OCCIPITAL_DELTA,occipital,delta,2,O1 | O2,EEG33 | EEG37,W5,25,11,14,21.36993884727363,12.45982274524686,0.4779981982635823,0.3229682624795336,1.4800160071266226,21.0,0.1537159137544037,0.0448573047868293,0.3166227601348247,0.2453417179663681,0.0712810421684565,0.1043070181595742,-0.2565593355167956,0.2657397605554136,-0.8091954206624523,0.296076749628861,0.3453052615492825,0.2214388627467867,0.1835507510989815,-0.1602758204488196,0.603153545942393,0.2410722953814393,4,35.86879859882633,ok,0.5895721906681803,False,0.6893072022045257,False,0.6938197114213545,False,1.0,0.7054464477975972,False,1.0
OA,Ojos abiertos,ZONE,BAI_Z_OCCIPITAL_W3,BAI,Z_OCCIPITAL,occipital,all_bands,8,O1 | O2,EEG33 | EEG34 | EEG35 | EEG36 | EEG37 | EEG38 | EEG39 | EEG40,W3,25,6,19,15.637370530471465,10.152310142795791,-0.8061278814121645,0.544736738359858,-1.4798485665558858,21.0,0.1537602435193231,0.1633040351608204,0.1021251155723728,0.0084916536050646,0.0936334619673081,0.1042834180922625,0.655788710348257,0.4680726715696951,-0.3176216977867531,1.629199118483267,0.1758070383465732,-0.1503391710639074,0.278650476849663,-0.7298245605604365,0.4291462184326216,0.5951990112374075,4,38.13591740922061,ok,0.5278926914685387,False,0.6805321731770124,False,0.6938197114213545,False,1.0,0.7054464477975972,False,1.0
OA,Ojos abiertos,ZONE_BAND,BAI_ZB_FRONTAL_ALPHA_W1,BAI,ZB_FRONTAL_ALPHA,frontal,alpha,6,Fp1 | Fp2 | F3 | F4 | F7 | F8,EEG3 | EEG7 | EEG11 | EEG15 | EEG43 | EEG47,W1,25,8,17,18.667531717891176,5.079671545364602,1.2177264990637555,0.8231587599583154,1.4793337060829204,21.0,0.1538966177402391,0.0393535767071387,0.5084530378675114,0.4572285026097192,0.0512245352577921,0.1042108673310961,-0.5137411319634664,0.7132877504064552,-1.997104212983392,0.9696219490564592,0.4793156926555139,0.7039853671002894,0.4108660721162189,-0.1504574048014806,1.5584281390020591,0.101361277790973,4,17.164458150730812,ok,0.5938739919768675,False,0.6893072022045257,False,0.6938197114213545,False,1.0,0.7054464477975972,False,1.0
OA,Ojos abiertos,ZONE_BAND,MSPSS_ZB_PARIETAL_DELTA_W5,MSPSS,ZB_PARIETAL_DELTA,parietal,delta,4,P3 | P4 | P7 | P8,EEG25 | EEG29 | EEG57 | EEG61,W5,25,11,14,19.997860311843755,13.767790509603852,0.4508266284246383,0.3047763393536246,1.479204814195091,21.0,0.1539307735445854,0.034321349759102,0.3127838698022056,0.241180959746411,0.0716029100557945,0.104192708682763,-0.2838621413521417,0.2568325462796131,-0.8179746603718876,0.2502503776676041,0.2815570776655491,0.1669644870724965,0.1640904025265525,-0.1742801858086598,0.5082091599536529,0.32048865438735,4,40.72583650096744,ok,0.5938739919768675,False,0.6893072022045257,False,0.6938197114213545,False,1.0,0.7054464477975972,False,1.0
OA,Ojos abiertos,ZONE,BAI_Z_CENTRAL_W3,BAI,Z_CENTRAL,central,all_bands,8,C3 | C4,EEG17 | EEG18 | EEG19 | EEG20 | EEG21 | EEG22 | EEG23 | EEG24,W3,25,6,19,15.776173399279394,10.247690911917816,-0.7942930183949077,0.5378962231754049,-1.47666591467383,21.0,0.154604831628164,0.162764233234031,0.1022307720982396,0.0090105955052779,0.0932201765929616,0.1038353439790235,0.6497871702967812,0.461348533515415,-0.3096396272466877,1.6092139678402502,0.1736311979960073,-0.1445058480981265,0.2765680341788268,-0.7196605609855329,0.4306488647892799,0.6067934378744585,4,38.45500581997227,ok,0.5278926914685387,False,0.6805321731770124,False,0.6938197114213545,False,1.0,0.7054464477975972,False,1.0
OA,Ojos abiertos,ZONE,BAI_Z_PARIETAL_W3,BAI,Z_PARIETAL,parietal,all_bands,16,P3 | P4 | P7 | P8,EEG25 | EEG26 | EEG27 | EEG28 | EEG29 | EEG30 | EEG31 | EEG32 | EEG57 | EEG58 | EEG59 | EEG60 | EEG61 | EEG62 | EEG63 | EEG64,W3,25,6,19,15.937098952027949,10.265794847352648,-0.7909980733844658,0.5373248683963345,-1.4721039726771403,21.0,0.155822032422286,0.1632738695405071,0.1019626602026935,0.0092899061918738,0.0926727540108196,0.1031947669700867,0.6504400829141741,0.4610397439617267,-0.3083445515983373,1.6092247174266854,0.1729430402145086,-0.1405579904702917,0.2759716809472372,-0.7144725189209362,0.4333565379803528,0.6158381059715066,4,38.51978714835232,ok,0.5278926914685387,False,0.6805321731770124,False,0.6938197114213545,False,1.0,0.7054464477975972,False,1.0
OC,Ojos cerrados,ZONE_BAND,MSPSS_ZB_OCCIPITAL_ALPHA_W2,MSPSS,ZB_OCCIPITAL_ALPHA,occipital,alpha,2,O1 | O2,EEG35 | EEG39,W2,25,18,7,18.971403435617194,4.946349119009303,-2.1422256361612355,1.4578405789489983,-1.4694512329363416,21.0,0.1565334055854947,0.5662787336955529,0.1292018710534703,0.0396636322439239,0.0895382388095463,0.1028231869513403,0.480965595965181,0.4643395853296275,-0.4846814343414219,1.4466126262717842,0.3120738943470159,-1.6612600401960544,1.381914578809508,-4.535108730519328,1.2125886501272185,0.2426887373267473,4,12.752571083510734,ok,0.5895721906681803,False,0.6893072022045257,False,0.6938197114213545,False,1.0,0.7054464477975972,False,1.0
OC,Ojos cerrados,ZONE_BAND,MSPSS_ZB_CENTRAL_ALPHA_W3,MSPSS,ZB_CENTRAL_ALPHA,central,alpha,2,C3 | C4,EEG19 | EEG23,W3,25,6,19,19.100330072963768,4.985768157295781,2.1580988757478026,1.479776209745291,1.4583954394828855,21.0,0.1595266735072844,0.363279817680317,0.1199364273405809,0.030802027305229,0.0891344000353518,0.1012817741859275,-1.6395613982403667,1.4076655910805944,-4.566962250198343,1.28783945371761,0.2571863153755082,0.5185374775074358,0.4563060536699671,-0.4304029091376794,1.467477864152551,0.2685994091314658,4,22.10493593471518,ok,0.5895721906681803,False,0.6893072022045257,False,0.6938197114213545,False,1.0,0.7054464477975972,False,1.0
OA,Ojos abiertos,ZONE_BAND,MSPSS_ZB_FRONTAL_ALPHA_W2,MSPSS,ZB_FRONTAL_ALPHA,frontal,alpha,6,Fp1 | Fp2 | F3 | F4 | F7 | F8,EEG3 | EEG7 | EEG11 | EEG15 | EEG43 | EEG47,W2,25,18,7,18.667531717891176,5.079671545364602,-2.1391603842918405,1.4682327977733292,-1.4569626748128883,21.0,0.1599179604133085,0.7284535622971919,0.1250845586863967,0.0366455962960493,0.0884389623903474,0.1010828683713304,0.4392723014214897,0.457239527607126,-0.5116093505470336,1.390153953390013,0.3476324917961484,-1.6998880828703509,1.3952202560351925,-4.601407443765635,1.2016312780249334,0.2365965940263352,4,13.782799543240412,ok,0.5938739919768675,False,0.6893072022045257,False,0.6938197114213545,False,1.0,0.7054464477975972,False,1.0
OC,Ojos cerrados,ZONE_BAND,MSPSS_ZB_TEMPORAL_DELTA_W5,MSPSS,ZB_TEMPORAL_DELTA,temporal,delta,2,T7 | T8,EEG49 | EEG53,W5,25,11,14,21.68530626896891,12.654098636436837,0.4622346305680922,0.3174170426089033,1.4562375944558903,21.0,0.1601162756873354,0.051133769495925,0.3142748130675413,0.2450287185557976,0.0692460945117436,0.1009822824526994,-0.2464825286882975,0.2603084340805899,-0.7878235521016749,0.2948584947250797,0.354465944388225,0.2157521018797946,0.1816400233568952,-0.1619890054498637,0.593493209209453,0.2481733923823703,4,36.35450067096243,ok,0.5895721906681803,False,0.6893072022045257,False,0.6938197114213545,False,1.0,0.7054464477975972,False,1.0
OC,Ojos cerrados,ZONE_BAND,MSPSS_ZB_FRONTAL_DELTA_W5,MSPSS,ZB_FRONTAL_DELTA,frontal,delta,6,Fp1 | Fp2 | F3 | F4 | F7 | F8,EEG1 | EEG5 | EEG9 | EEG13 | EEG41 | EEG45,W5,25,11,14,21.776643637751437,12.622114375615476,0.4644200381863489,0.3190526904671031,1.455621757981177,21.0,0.1602848684415199,0.0499818484617918,0.3147630901468456,0.2456248166278324,0.0691382735190132,0.1008968905861033,-0.2464960064875136,0.2623948578433985,-0.7921759856439965,0.2991839726689693,0.3582015066531139,0.2179240316988353,0.1815036029164153,-0.1595333737940973,0.595381437191768,0.2432520203805319,4,36.32086563182104,ok,0.5895721906681803,False,0.6893072022045257,False,0.6938197114213545,False,1.0,0.7054464477975972,False,1.0
OA,Ojos abiertos,ZONE_BAND,BAI_ZB_FRONTAL_THETA_W3,BAI,ZB_FRONTAL_THETA,frontal,theta,6,Fp1 | Fp2 | F3 | F4 | F7 | F8,EEG2 | EEG6 | EEG10 | EEG14 | EEG42 | EEG46,W3,25,6,19,15.993578360955702,12.124199158858136,-0.6436088642439124,0.4439292753210814,-1.44980045251219,21.0,0.1618856400443263,0.1620797740437458,0.098677085766067,0.0084623296437145,0.0902147561223525,0.1000914929573596,0.5089446458295181,0.3746721234558194,-0.2702286893427224,1.288117981001759,0.1887599677474311,-0.1346642184143942,0.2381050217702421,-0.6298307181869752,0.3605022813581867,0.5776820311127872,4,45.06002236413693,ok,0.5938739919768675,False,0.6893072022045257,False,0.6938197114213545,False,1.0,0.7054464477975972,False,1.0
OC,Ojos cerrados,ZONE_BAND,MSPSS_ZB_PARIETAL_ALPHA_W3,MSPSS,ZB_PARIETAL_ALPHA,parietal,alpha,4,P3 | P4 | P7 | P8,EEG27 | EEG31 | EEG59 | EEG63,W3,25,6,19,19.241703033234568,4.994852396993947,2.1144495732925224,1.4586818907922623,1.4495618178574146,21.0,0.1619515361916035,0.3755617521810274,0.1177062055275205,0.0294251714006288,0.0882810341268917,0.1000585458947658,-1.6043862975351175,1.3853185489047486,-4.485313931195492,1.2765413361252569,0.2598109685913035,0.5100632757574048,0.4567771629424259,-0.4398568362530951,1.4599833877679047,0.276755244823728,4,22.04287227905981,ok,0.5895721906681803,False,0.6893072022045257,False,0.6938197114213545,False,1.0,0.7054464477975972,False,1.0
OC,Ojos cerrados,ZONE_BAND,MSPSS_ZB_PARIETAL_DELTA_W5,MSPSS,ZB_PARIETAL_DELTA,parietal,delta,4,P3 | P4 | P7 | P8,EEG25 | EEG29 | EEG57 | EEG61,W5,25,11,14,21.80139740724204,12.686983185554586,0.4594086544608425,0.3170484588961902,1.4490171504390268,21.0,0.16210202101673,0.0529482905555729,0.3136722854048991,0.245050929788971,0.068621355615928,0.0999833667745899,-0.2452090983149441,0.2602489919174766,-0.7864265049829503,0.2960083083530621,0.3567991893281482,0.2141995561458984,0.1810806104871154,-0.162378188434847,0.5907773007266439,0.2500699092565917,4,36.46967377202207,ok,0.5895721906681803,False,0.6893072022045257,False,0.6938197114213545,False,1.0,0.7054464477975972,False,1.0
OA,Ojos abiertos,ZONE_BAND,BAI_ZB_TEMPORAL_THETA_W3,BAI,ZB_TEMPORAL_THETA,temporal,theta,2,T7 | T8,EEG50 | EEG54,W3,25,6,19,15.942730521909976,12.147352547177336,-0.6374872754018509,0.4423533702085648,-1.4411267514505035,21.0,0.1642947585507657,0.1593857255108925,0.0974886716001595,0.008232608481042,0.0892560631191174,0.0988974435117276,0.5007746484850487,0.3727094024819703,-0.2743169849766377,1.275866281946735,0.1934150996030743,-0.1367126269168022,0.2382523985952882,-0.6321856135751411,0.3587603597415368,0.5721886062915779,4,45.11316752456448,ok,0.5938739919768675,False,0.6893072022045257,False,0.6938197114213545,False,1.0,0.7054464477975972,False,1.0
OC,Ojos cerrados,ZONE_BAND,MSPSS_ZB_FRONTAL_THETA_W3,MSPSS,ZB_FRONTAL_THETA,frontal,theta,6,Fp1 | Fp2 | F3 | F4 | F7 | F8,EEG2 | EEG6 | EEG10 | EEG14 | EEG42 | EEG46,W3,25,6,19,17.247263672443356,11.36328711756634,0.7481590010111074,0.5192250157397952,1.440914783246962,21.0,0.1643539933607681,0.8346992224607874,0.1008811063553356,0.0119867022075,0.0888944041478355,0.0988683529799864,-0.5762411081914797,0.4753437603807138,-1.5647725732841289,0.4122903569011694,0.2388750858912943,0.1719178928196277,0.208908895064603,-0.2625319376434827,0.6063677232827382,0.419793658764882,4,45.80525313234718,ok,0.5895721906681803,False,0.6893072022045257,False,0.6938197114213545,False,1.0,0.7054464477975972,False,1.0
DELTA_OC_MINUS_OA,Reactividad OC−OA,ZONE_BAND,MSPSS_ZB_TEMPORAL_ALPHA_W2,MSPSS,ZB_TEMPORAL_ALPHA,temporal,alpha,2,T7 | T8,EEG51 | EEG55,W2,25,18,7,0.524582497904985,2.1175379213095704,-20.91215109275108,14.515048172723215,-1.440722128091131,21.0,0.1644078460772537,0.4130994835168053,0.1158037355127258,0.0284080820056571,0.0873956535070686,0.0988419166843545,0.3992962330267185,1.0152383427592762,-1.7120074802738574,2.5105999463272943,0.698060214259994,-20.512854859724364,14.479499803648846,-50.62462311612422,9.598913396675492,0.1712401619051185,4,14.916784963019571,ok,0.7955436841346429,False,0.6893072022045257,False,0.6938197114213545,False,1.0,0.7054464477975972,False,1.0
OC,Ojos cerrados,ZONE_BAND,MSPSS_ZB_PARIETAL_THETA_W3,MSPSS,ZB_PARIETAL_THETA,parietal,theta,4,P3 | P4 | P7 | P8,EEG26 | EEG30 | EEG58 | EEG62,W3,25,6,19,17.344982129937286,11.374232926109208,0.7364091887525064,0.5134891988350319,1.4341279045853734,21.0,0.1662597308038738,0.8434820071810264,0.0996197819840363,0.0114372788831011,0.0881825031009351,0.0979391831766917,-0.5675840355289979,0.468701729842453,-1.542302641957176,0.40713457089918,0.2393592242370223,0.1688251532235084,0.2097375640245087,-0.267347988681318,0.6049982951283349,0.4298767677680629,4,45.91517371406802,ok,0.5895721906681803,False,0.6893072022045257,False,0.6938197114213545,False,1.0,0.7054464477975972,False,1.0
OA,Ojos abiertos,ZONE_BAND,BAI_ZB_OCCIPITAL_THETA_W3,BAI,ZB_OCCIPITAL_THETA,occipital,theta,2,O1 | O2,EEG34 | EEG38,W3,25,6,19,15.67752268185539,12.02055724560404,-0.6384457099173968,0.4465789401922191,-1.4296368513091844,21.0,0.1675305768535574,0.1667607222105193,0.0956812132860923,0.0076668144305993,0.088014398855493,0.0973267393629161,0.4946782534270431,0.375698599108781,-0.2866297547243722,1.2759862615784583,0.202132310534754,-0.1437674564903536,0.2414193704964554,-0.6458265217602235,0.3582916087795162,0.5578670960054863,4,44.61650566160972,ok,0.5938739919768675,False,0.6893072022045257,False,0.6938197114213545,False,1.0,0.7054464477975972,False,1.0
DELTA_OC_MINUS_OA,Reactividad OC−OA,ZONE_BAND,MSPSS_ZB_FRONTAL_BETA_W1,MSPSS,ZB_FRONTAL_BETA,frontal,beta,6,Fp1 | Fp2 | F3 | F4 | F7 | F8,EEG4 | EEG8 | EEG12 | EEG16 | EEG44 | EEG48,W1,25,8,17,1.0647398055169004,5.192934095347053,-7.290924085204756,5.104226456879274,-1.4284092108370972,21.0,0.1678793244829546,0.104633011681267,0.2063092231434841,0.1291944966047982,0.0771147265386859,0.0971596606478227,7.273872627122232,5.088903658630097,-3.309081875850259,17.85682713009472,0.1676093246673203,-0.0170514580825233,0.3952053596392145,-0.8389259954988156,0.8048230793337688,0.9659929159181564,4,40.28861767741711,ok,0.7955436841346429,False,0.6893072022045257,False,0.6938197114213545,False,1.0,0.7054464477975972,False,1.0
OC,Ojos cerrados,ZONE_BAND,MSPSS_ZB_OCCIPITAL_ALPHA_W4,MSPSS,ZB_OCCIPITAL_ALPHA,occipital,alpha,2,O1 | O2,EEG35 | EEG39,W4,25,17,8,18.971403435617194,4.946349119009303,-1.4810955949351252,1.038197320491549,-1.4266031761995688,21.0,0.168393444583052,0.3559807008665042,0.1790273053136778,0.0994634550631475,0.0795638502505302,0.0969141248734588,0.7325243550409007,0.4749558222597563,-0.2552003485645076,1.720249058646309,0.1379362028703108,-0.7485712398942245,0.9231850535929352,-2.6684396585917574,1.1712971788033082,0.4265423650390889,4,11.66238191183382,ok,0.5895721906681803,False,0.6893072022045257,False,0.6938197114213545,False,1.0,0.7054464477975972,False,1.0
OA,Ojos abiertos,ZONE_BAND,MSPSS_ZB_OCCIPITAL_ALPHA_W2,MSPSS,ZB_OCCIPITAL_ALPHA,occipital,alpha,2,O1 | O2,EEG35 | EEG39,W2,25,18,7,18.424597448260545,5.052775848091443,-2.1239153834665885,1.4902149020528994,-1.4252410041939,21.0,0.1687820490973988,0.5159656079078933,0.1194971238089862,0.0343268386645836,0.0851702851444026,0.0967291390493153,0.4081756768418868,0.4577422503694286,-0.5437514443431807,1.3601027980269542,0.3826495304721551,-1.7157397066247015,1.418172234436729,-4.664990319567711,1.2335109063183085,0.2397895406508941,4,13.420630332821435,ok,0.5938739919768675,False,0.6893072022045257,False,0.6938197114213545,False,1.0,0.7054464477975972,False,1.0
OC,Ojos cerrados,ZONE_BAND,MSPSS_ZB_OCCIPITAL_ALPHA_W3,MSPSS,ZB_OCCIPITAL_ALPHA,occipital,alpha,2,O1 | O2,EEG35 | EEG39,W3,25,6,19,18.971403435617194,4.946349119009303,2.1593326626968183,1.5154366858094477,1.4248913748207457,21.0,0.168881908715398,0.3275475885570882,0.1141621028179846,0.0285178003817205,0.085644302436264,0.0966816871446927,-1.660195736047396,1.44354294673414,-4.662207633534705,1.341816161439913,0.2630383434739618,0.4991369266494223,0.4612289123973465,-0.4600411051607894,1.458314958459634,0.291439087679725,4,22.13317646615349,ok,0.5895721906681803,False,0.6893072022045257,False,0.6938197114213545,False,1.0,0.7054464477975972,False,1.0
OC,Ojos cerrados,ZONE_BAND,MSPSS_ZB_TEMPORAL_THETA_W3,MSPSS,ZB_TEMPORAL_THETA,temporal,theta,2,T7 | T8,EEG50 | EEG54,W3,25,6,19,17.275949836954464,11.393341431240168,0.7351784861525036,0.5169192031905577,1.422230943665458,21.0,0.1696433274020261,0.8448548179251769,0.0986125118194753,0.0117899737033245,0.0868225381161508,0.0963209931961719,-0.5657166811873857,0.4727027100572644,-1.5487557814627668,0.4173224190879954,0.2447325794385244,0.1694618049651178,0.2091831984928011,-0.2655584707049296,0.6044820806351654,0.426961096911767,4,46.13397409994132,ok,0.5895721906681803,False,0.6893072022045257,False,0.6938197114213545,False,1.0,0.7054464477975972,False,1.0
DELTA_OC_MINUS_OA,Reactividad OC−OA,ZONE_BAND,BAI_ZB_FRONTAL_ALPHA_W4,BAI,ZB_FRONTAL_ALPHA,frontal,alpha,6,Fp1 | Fp2 | F3 | F4 | F7 | F8,EEG3 | EEG7 | EEG11 | EEG15 | EEG43 | EEG47,W4,25,17,8,0.47006688644992,2.161725189367838,7.980604540157548,5.61864430513623,1.420379028596303,21.0,0.1701749755610843,0.134966113980032,0.1867730321914028,0.1086460623940845,0.0781269697973182,0.0960703135655314,-8.632869555862401,5.495715614983783,-20.06183583546877,2.7960967237439665,0.1311667386385706,-0.6522650157048533,1.1688771136707563,-3.083078044079888,1.7785480126701816,0.582726862491644,4,11.714740505707066,ok,0.7955436841346429,False,0.6893072022045257,False,0.6938197114213545,False,1.0,0.7054464477975972,False,1.0
OA,Ojos abiertos,ZONE_BAND,BAI_ZB_PARIETAL_THETA_W3,BAI,ZB_PARIETAL_THETA,parietal,theta,4,P3 | P4 | P7 | P8,EEG26 | EEG30 | EEG58 | EEG62,W3,25,6,19,15.993418325873265,12.171199226815649,-0.6232868269615446,0.4394144223271679,-1.4184487246926858,21.0,0.1707305521262209,0.1690053727520803,0.0949970043552119,0.008289236865942,0.0867077674892699,0.0958093706943955,0.4873617570228269,0.3686472232174419,-0.2792821122005805,1.2540056262462342,0.2003794421035258,-0.1359250699387176,0.2391323051433836,-0.6332279224365422,0.3613777825591069,0.5757854478334342,4,45.07690066151581,ok,0.5938739919768675,False,0.6893072022045257,False,0.6938197114213545,False,1.0,0.7054464477975972,False,1.0
OC,Ojos cerrados,ZONE_BAND,MSPSS_ZB_CENTRAL_THETA_W3,MSPSS,ZB_CENTRAL_THETA,central,theta,2,C3 | C4,EEG18 | EEG22,W3,25,6,19,17.149842108868302,11.366654659893218,0.73370379144902,0.5191627165689611,1.4132443799083194,21.0,0.1722357189838837,0.8258207869975352,0.0977449237451414,0.0119336055317385,0.0858113182134029,0.0951076036829788,-0.5638746184546719,0.4750246593351944,-1.5517424765951917,0.4239932396858479,0.248465659310181,0.169829172994348,0.2094791142303842,-0.2658064931404501,0.6054648391291462,0.4266187162312831,4,45.91434383153595,ok,0.5895721906681803,False,0.6893072022045257,False,0.6938197114213545,False,1.0,0.7054464477975972,False,1.0
OA,Ojos abiertos,ZONE,BAI_Z_OCCIPITAL_W1,BAI,Z_OCCIPITAL,occipital,all_bands,8,O1 | O2,EEG33 | EEG34 | EEG35 | EEG36 | EEG37 | EEG38 | EEG39 | EEG40,W1,25,8,17,15.637370530471465,10.152310142795791,0.6804428976189514,0.4817424933031702,1.4124618589349456,21.0,0.1724629527147008,0.0317446989711562,0.5140684701330803,0.4679038524571164,0.0461646176759639,0.0950023096640937,-0.3281145221083942,0.4393546545328219,-1.2418025444203975,0.5855735002036091,0.4634581103858216,0.3523283755105572,0.1975938192208935,-0.0585904665738312,0.7632472175949456,0.0890332098817302,4,37.59852668299709,ok,0.5278926914685387,False,0.6805321731770124,False,0.6938197114213545,False,1.0,0.7054464477975972,False,1.0
DELTA_OC_MINUS_OA,Reactividad OC−OA,ZONE_BAND,BAI_ZB_CENTRAL_BETA_W2,BAI,ZB_CENTRAL_BETA,central,beta,2,C3 | C4,EEG20 | EEG24,W2,25,18,7,1.1648483866429604,5.25619916842377,-22.747235528110803,16.10677203826184,-1.4122777347363245,21.0,0.1725164548787317,0.6668850657848473,0.1453234725910573,0.0641483960787795,0.0811750765122778,0.094977542858665,-0.4681339549575831,0.453824385544284,-1.4119134302105083,0.475645520295342,0.3140263868721953,-23.215369483068383,16.100377291219573,-56.69793700322774,10.26719803709097,0.1640747373847551,4,49.20648348301412,ok,0.7955436841346429,False,0.6893072022045257,False,0.6938197114213545,False,1.0,0.7054464477975972,False,1.0
DELTA_OC_MINUS_OA,Reactividad OC−OA,ZONE,MSPSS_Z_PARIETAL_W1,MSPSS,Z_PARIETAL,parietal,all_bands,16,P3 | P4 | P7 | P8,EEG25 | EEG26 | EEG27 | EEG28 | EEG29 | EEG30 | EEG31 | EEG32 | EEG57 | EEG58 | EEG59 | EEG60 | EEG61 | EEG62 | EEG63 | EEG64,W1,25,8,17,1.2086220272190764,5.179683058723033,-5.154661745507387,3.652950343092614,-1.411095487584267,21.0,0.1728603053526292,0.0352651974851596,0.2057715627871277,0.1304639390149148,0.0753076237722129,0.09481859405146,5.17061065115357,3.631085838670699,-2.3806457303406328,12.721867032647772,0.1691410928908195,0.0159489056461827,0.3990762349545986,-0.8139755576671968,0.8458733689595623,0.9684988967095698,4,33.02326715322234,ok,0.9169679099607778,False,0.6805321731770124,False,0.6938197114213545,False,1.0,0.7054464477975972,False,1.0
OA,Ojos abiertos,ZONE_BAND,BAI_ZB_FRONTAL_BETA_W3,BAI,ZB_FRONTAL_BETA,frontal,beta,6,Fp1 | Fp2 | F3 | F4 | F7 | F8,EEG4 | EEG8 | EEG12 | EEG16 | EEG44 | EEG48,W3,25,6,19,9.026447836441037,10.563593207509305,-0.743527297877953,0.5283661950319436,-1.407219661040202,21.0,0.1739914246343173,0.1653985130841282,0.1003289166601909,0.0154913397977622,0.0848375768624286,0.0942984368770527,0.6636905888369812,0.4560332448263523,-0.2846824607599886,1.612063638433951,0.1603577456060843,-0.0798367090409718,0.2668417427346823,-0.634764491583279,0.4750910735013353,0.7677350726996831,4,39.78370570952833,ok,0.5938739919768675,False,0.6893072022045257,False,0.6938197114213545,False,1.0,0.7054464477975972,False,1.0
OA,Ojos abiertos,ZONE_BAND,BAI_ZB_CENTRAL_THETA_W3,BAI,ZB_CENTRAL_THETA,central,theta,2,C3 | C4,EEG18 | EEG22,W3,25,6,19,15.80887082998302,12.193263287605935,-0.6163186138155728,0.4379874635921268,-1.407160398521168,21.0,0.1740087656972589,0.1715036723842671,0.0936497399967675,0.0081895256757851,0.0854602143209823,0.0942904946269641,0.4798219176750534,0.366772499517989,-0.2829232501879327,1.2425670855380395,0.2049351889422643,-0.1364966961405194,0.239397059006979,-0.6343501344385222,0.3613567421574833,0.5746134854787783,4,45.13515809846261,ok,0.5938739919768675,False,0.6893072022045257,False,0.6938197114213545,False,1.0,0.7054464477975972,False,1.0
DELTA_OC_MINUS_OA,Reactividad OC−OA,ZONE_BAND,MSPSS_ZB_CENTRAL_THETA_W1,MSPSS,ZB_CENTRAL_THETA,central,theta,2,C3 | C4,EEG18 | EEG22,W1,25,8,17,1.3409712788852872,6.118784127857375,-4.503196972995969,3.202550215041889,-1.4061284509592202,21.0,0.1743109503616167,0.473662009663888,0.2071664282492636,0.1325193647034772,0.0746470635457864,0.0941522485998551,4.555343080255268,3.18466708926382,-2.067534689426372,11.178220849936908,0.1673144968152073,0.0521461072592988,0.3379695406760042,-0.6507000286267742,0.7549922431453718,0.878852465402501,4,39.97470784509269,ok,0.7955436841346429,False,0.6893072022045257,False,0.6938197114213545,False,1.0,0.7054464477975972,False,1.0
DELTA_OC_MINUS_OA,Reactividad OC−OA,ZONE,MSPSS_Z_CENTRAL_W1,MSPSS,Z_CENTRAL,central,all_bands,8,C3 | C4,EEG17 | EEG18 | EEG19 | EEG20 | EEG21 | EEG22 | EEG23 | EEG24,W1,25,8,17,1.2152772276513937,5.147940763373567,-5.779957049268317,4.112388380178038,-1.4054988281573944,21.0,0.1744955288212353,0.2346211464144045,0.2054012608630037,0.130654986174597,0.0747462746884066,0.0940679502834193,5.807915092093772,4.092783292815203,-2.7034937071148644,14.319323891302409,0.1705537526634555,0.0279580428254551,0.4010774332670554,-0.8061281402045555,0.8620442258554657,0.9450861283307714,4,35.82309533246292,ok,0.9169679099607778,False,0.6805321731770124,False,0.6938197114213545,False,1.0,0.7054464477975972,False,1.0
DELTA_OC_MINUS_OA,Reactividad OC−OA,ZONE_BAND,MSPSS_ZB_TEMPORAL_BETA_W1,MSPSS,ZB_TEMPORAL_BETA,temporal,beta,2,T7 | T8,EEG52 | EEG56,W1,25,8,17,1.0831878700577655,4.9809001533439465,-6.2951826362278815,4.481441570387042,-1.4047226851792236,21.0,0.1747232760610914,0.378440620452423,0.2041307648891503,0.1293476390203158,0.0747831258688345,0.0939640867741528,6.279749174656788,4.46230554955815,-3.0001232256094976,15.559621574923073,0.1739714213660843,-0.015433461571094,0.4137000497651015,-0.8757698126271293,0.8449028894849412,0.9705934491703068,4,34.91052160223961,ok,0.7955436841346429,False,0.6893072022045257,False,0.6938197114213545,False,1.0,0.7054464477975972,False,1.0
OA,Ojos abiertos,ZONE_BAND,MSPSS_ZB_PARIETAL_ALPHA_W2,MSPSS,ZB_PARIETAL_ALPHA,parietal,alpha,4,P3 | P4 | P7 | P8,EEG27 | EEG31 | EEG59 | EEG63,W2,25,18,7,18.674017938252018,5.097584198490498,-2.0233664578403543,1.44223559702742,-1.4029375380906548,21.0,0.1752480031776701,0.6985752803646716,0.1169523380720545,0.03418832861912,0.0827640094529345,0.0937254159897066,0.4083336409377806,0.4571756656720481,-0.5424152028664035,1.359082484741965,0.3818900797216931,-1.6150328169025736,1.367857422413008,-4.459648050166183,1.2295824163610354,0.2509216684596191,4,13.59471942248219,ok,0.5938739919768675,False,0.6893072022045257,False,0.6938197114213545,False,1.0,0.7054464477975972,False,1.0
DELTA_OC_MINUS_OA,Reactividad OC−OA,ZONE_BAND,MSPSS_ZB_CENTRAL_BETA_W1,MSPSS,ZB_CENTRAL_BETA,central,beta,2,C3 | C4,EEG20 | EEG24,W1,25,8,17,1.1648483866429604,5.25619916842377,-6.25041886962053,4.455977207493575,-1.4027044077131408,21.0,0.1753166226514313,0.3470727114809275,0.2038414251819907,0.1292459292630197,0.074595495918971,0.0936942693056123,6.232120013746508,4.438716843561958,-2.998696986950886,15.462937014443902,0.1749248543521364,-0.018298855874022,0.3918235015687863,-0.8331404344261478,0.7965427226781038,0.963192193642474,4,37.44567313718525,ok,0.7955436841346429,False,0.6893072022045257,False,0.6938197114213545,False,1.0,0.7054464477975972,False,1.0
OC,Ojos cerrados,ZONE_BAND,MSPSS_ZB_OCCIPITAL_THETA_W3,MSPSS,ZB_OCCIPITAL_THETA,occipital,theta,2,O1 | O2,EEG34 | EEG38,W3,25,6,19,17.048187388373652,11.252490706558492,0.7427101375854055,0.5298008052962553,1.401866758526528,21.0,0.1755633532904131,0.8323992496521823,0.0967947660022866,0.0122706521396794,0.0845241138626071,0.0935824004124639,-0.5707662675450139,0.4858107688992335,-1.581065068465659,0.4395325333756313,0.2531956191076495,0.1719438700403915,0.2113688484949848,-0.2676217136339263,0.6115094537147094,0.4250719797301002,4,45.64735063688481,ok,0.5895721906681803,False,0.6893072022045257,False,0.6938197114213545,False,1.0,0.7054464477975972,False,1.0
OA,Ojos abiertos,ZONE,BAI_Z_PARIETAL_W1,BAI,Z_PARIETAL,parietal,all_bands,16,P3 | P4 | P7 | P8,EEG25 | EEG26 | EEG27 | EEG28 | EEG29 | EEG30 | EEG31 | EEG32 | EEG57 | EEG58 | EEG59 | EEG60 | EEG61 | EEG62 | EEG63 | EEG64,W1,25,8,17,15.937098952027949,10.265794847352648,0.6643207487214287,0.4753020623278801,1.397681182925642,21.0,0.1768003841717733,0.034130593835785,0.513348951860439,0.4680785233982202,0.0452704284622188,0.0930244137668769,-0.3170313820342011,0.4333700703273462,-1.2182737801775585,0.5842110161091563,0.4725291094924314,0.3472893666872275,0.1951984441475049,-0.0586480202312264,0.7532267536056814,0.0896930713672438,4,37.78090036305164,ok,0.5278926914685387,False,0.6805321731770124,False,0.6938197114213545,False,1.0,0.7054464477975972,False,1.0
OA,Ojos abiertos,ZONE,BAI_Z_CENTRAL_W1,BAI,Z_CENTRAL,central,all_bands,8,C3 | C4,EEG17 | EEG18 | EEG19 | EEG20 | EEG21 | EEG22 | EEG23 | EEG24,W1,25,8,17,15.776173399279394,10.247690911917816,0.6694642742729964,0.4806028699849044,1.392967699701885,21.0,0.1782017640719319,0.0338817707057685,0.51313216024072,0.4681465221106796,0.0449856381300403,0.092398048210131,-0.3228699118467578,0.4391251920458728,-1.2360807407940562,0.5903409171005405,0.4703154126980929,0.3465943624262385,0.1953156019072775,-0.0595866673914557,0.7527753922439329,0.0904744117925567,4,37.90081369797601,ok,0.5278926914685387,False,0.6805321731770124,False,0.6938197114213545,False,1.0,0.7054464477975972,False,1.0
DELTA_OC_MINUS_OA,Reactividad OC−OA,ZONE_BAND,MSPSS_ZB_FRONTAL_THETA_W1,MSPSS,ZB_FRONTAL_THETA,frontal,theta,6,Fp1 | Fp2 | F3 | F4 | F7 | F8,EEG2 | EEG6 | EEG10 | EEG14 | EEG42 | EEG46,W1,25,8,17,1.2536853114876576,6.036632114049067,-3.748959504525661,2.693876635148578,-1.3916596831535644,21.0,0.1785922221314339,0.0191890579214808,0.2044893347318531,0.1311236790393299,0.0733656556925231,0.0922246035102413,3.768160208327316,2.6717818675052767,-1.788114353429032,9.324434770083665,0.1730760292450045,0.0192007038016557,0.3443152303768056,-0.6968420162405499,0.7352434238438613,0.9560562610572712,4,34.92706908805687,ok,0.7955436841346429,False,0.6893072022045257,False,0.6938197114213545,False,1.0,0.7054464477975972,False,1.0
OA,Ojos abiertos,ZONE_BAND,MSPSS_ZB_CENTRAL_ALPHA_W2,MSPSS,ZB_CENTRAL_ALPHA,central,alpha,2,C3 | C4,EEG19 | EEG23,W2,25,18,7,18.57980896524,5.058929387368242,-2.1106849127146767,1.5167433086122593,-1.391590060579099,21.0,0.178613024394711,0.6426233631075772,0.1167010269111901,0.035247279957843,0.081453746953347,0.0922153760334525,0.4099860903325606,0.4578395106393111,-0.5421432946562966,1.362115475321418,0.3806805910085918,-1.7006988223821162,1.4459921323152556,-4.70780408011222,1.3064064353479878,0.2526976876418359,4,13.587780951377804,ok,0.5938739919768675,False,0.6893072022045257,False,0.6938197114213545,False,1.0,0.7054464477975972,False,1.0
DELTA_OC_MINUS_OA,Reactividad OC−OA,ZONE_BAND,MSPSS_ZB_CENTRAL_THETA_W4,MSPSS,ZB_CENTRAL_THETA,central,theta,2,C3 | C4,EEG18 | EEG22,W4,25,17,8,1.3409712788852872,6.118784127857375,-5.237008266008528,3.763468575903653,-1.3915376627666038,21.0,0.1786286814120781,0.2114750511735345,0.14508104686113,0.0662503109128198,0.0788307359483101,0.0922084317570453,5.326161548756202,3.745826646870789,-2.463711406026152,13.116034503538556,0.1697404850287715,0.0891532827476737,0.3639758967390753,-0.6677760312580795,0.846082596753427,0.8088783428615216,4,38.3767562509974,ok,0.7955436841346429,False,0.6893072022045257,False,0.6938197114213545,False,1.0,0.7054464477975972,False,1.0
OA,Ojos abiertos,ZONE_BAND,BAI_ZB_TEMPORAL_ALPHA_W3,BAI,ZB_TEMPORAL_ALPHA,temporal,alpha,2,T7 | T8,EEG51 | EEG55,W3,25,6,19,18.675382062980805,5.089654391770822,-1.7494236641728071,1.258216399194916,-1.390399668365629,21.0,0.1789689963272862,0.1731479316944213,0.097473586216129,0.0143891002384903,0.0830844859776386,0.0920576779900593,1.6568807088859268,1.1424486264338782,-0.7189712715360874,4.032732689307941,0.1617507931735338,-0.0925429552868803,0.5271808448363473,-1.1888755388837828,1.003789628310022,0.8623345621107371,4,19.827994150606976,ok,0.5938739919768675,False,0.6893072022045257,False,0.6938197114213545,False,1.0,0.7054464477975972,False,1.0
DELTA_OC_MINUS_OA,Reactividad OC−OA,ZONE,MSPSS_Z_CENTRAL_W3,MSPSS,Z_CENTRAL,central,all_bands,8,C3 | C4,EEG17 | EEG18 | EEG19 | EEG20 | EEG21 | EEG22 | EEG23 | EEG24,W3,25,6,19,1.2152772276513937,5.147940763373567,5.152291955706916,3.7062743084445633,1.3901539732144683,21.0,0.1790425388022136,0.6738720016571342,0.0954039493167111,0.012158365541821,0.0832455837748901,0.0920251461544745,-0.1988684024899661,0.4521656280383488,-1.1391983026685026,0.7414614976885704,0.6645655158919955,4.95342355321695,3.678588791134029,-2.6966206258854357,12.603467732319336,0.1924782428254,4,17.84709421956547,ok,0.9169679099607778,False,0.6805321731770124,False,0.6938197114213545,False,1.0,0.7054464477975972,False,1.0
DELTA_OC_MINUS_OA,Reactividad OC−OA,ZONE_BAND,MSPSS_ZB_PARIETAL_BETA_W1,MSPSS,ZB_PARIETAL_BETA,parietal,beta,4,P3 | P4 | P7 | P8,EEG28 | EEG32 | EEG60 | EEG64,W1,25,8,17,1.1117021144314434,5.207201183666695,-6.2515625757782205,4.504868476925619,-1.3877347602486825,21.0,0.1797679551643256,0.0254756691371312,0.2026751293004837,0.1295563470593773,0.0731187822411063,0.0917051316572592,6.250049162927054,4.4874126555002265,-3.0820363224574177,15.582134648311524,0.1782530615716922,-0.0015134128511666,0.3961914356148301,-0.8254386075183026,0.8224117818159692,0.9969882212447838,4,38.02307641795161,ok,0.7955436841346429,False,0.6893072022045257,False,0.6938197114213545,False,1.0,0.7054464477975972,False,1.0
OA,Ojos abiertos,ZONE_BAND,BAI_ZB_TEMPORAL_BETA_W3,BAI,ZB_TEMPORAL_BETA,temporal,beta,2,T7 | T8,EEG52 | EEG56,W3,25,6,19,9.10263697564856,10.55684675404469,-0.7394973417083197,0.5335494324758767,-1.3859959297056408,21.0,0.1802908001831782,0.1653191004498338,0.0967322817214575,0.0141054492301427,0.0826268324913147,0.0914754627219335,0.6567617554771634,0.4622362725783269,-0.3045111965120426,1.6180347074663697,0.1700437763676334,-0.0827355862311562,0.2664819416174856,-0.6369151213887926,0.47144394892648,0.7592613392544154,4,39.833482568570496,ok,0.5938739919768675,False,0.6893072022045257,False,0.6938197114213545,False,1.0,0.7054464477975972,False,1.0
OA,Ojos abiertos,ZONE_BAND,BAI_ZB_CENTRAL_THETA_W1,BAI,ZB_CENTRAL_THETA,central,theta,2,C3 | C4,EEG18 | EEG22,W1,25,8,17,15.80887082998302,12.193263287605935,0.6003147337623594,0.4335451423823044,1.3846648827932109,21.0,0.1806918477735863,0.1700462769935035,0.5135631402065677,0.469151528159242,0.0444116120473256,0.0912998494114637,-0.3149861663859453,0.40209531895484,-1.1511891585846228,0.5212168258127321,0.4421604280356436,0.2853285673764141,0.1621133706943947,-0.0518046427351197,0.622461777487948,0.0929582663234118,4,46.57476994006803,ok,0.5938739919768675,False,0.6893072022045257,False,0.6938197114213545,False,1.0,0.7054464477975972,False,1.0
OA,Ojos abiertos,ZONE,BAI_Z_TEMPORAL_W1,BAI,Z_TEMPORAL,temporal,all_bands,8,T7 | T8,EEG49 | EEG50 | EEG51 | EEG52 | EEG53 | EEG54 | EEG55 | EEG56,W1,25,8,17,15.895680675076449,10.234354561487304,0.6595835768490924,0.4768310534255343,1.383264726805588,21.0,0.1811144845678662,0.0367155739704028,0.5109026075287211,0.4663383517814345,0.0445642557472865,0.0911153002106905,-0.3170008621465274,0.4345376928608065,-1.220671464275885,0.58666973998283,0.4737471151863603,0.3425827147025649,0.1963284161656487,-0.0657045776689756,0.7508700070741056,0.095612429381716,4,37.60457415815325,ok,0.5278926914685387,False,0.6805321731770124,False,0.6938197114213545,False,1.0,0.7054464477975972,False,1.0
DELTA_OC_MINUS_OA,Reactividad OC−OA,ZONE,MSPSS_Z_TEMPORAL_W1,MSPSS,Z_TEMPORAL,temporal,all_bands,8,T7 | T8,EEG49 | EEG50 | EEG51 | EEG52 | EEG53 | EEG54 | EEG55 | EEG56,W1,25,8,17,1.1910807030524235,5.008113868867217,-5.210591752091278,3.772117275677409,-1.3813440493192364,21.0,0.1816955205180909,0.0024688740220353,0.2026985760668421,0.1302538178591369,0.0724447582077052,0.0908624467899842,5.222056510452452,3.749411852217371,-2.5752722870048457,13.01938530790975,0.1782616776481172,0.0114647583611739,0.4132547687756922,-0.8479455801844915,0.8708750969068395,0.978129409383688,4,31.681296515472237,ok,0.9169679099607778,False,0.6805321731770124,False,0.6938197114213545,False,1.0,0.7054464477975972,False,1.0
OA,Ojos abiertos,ZONE_BAND,BAI_ZB_OCCIPITAL_THETA_W1,BAI,ZB_OCCIPITAL_THETA,occipital,theta,2,O1 | O2,EEG34 | EEG38,W1,25,8,17,15.67752268185539,12.02055724560404,0.6115280312242117,0.4427590306836455,1.381175738595274,21.0,0.1817465078404122,0.1565304326238341,0.5131525230526015,0.4689271493899726,0.0442253736626289,0.0908403057563904,-0.3228588903043914,0.4110030765513317,-1.1775865785262112,0.5318687979174284,0.4409112016318157,0.2886691409198202,0.1646573117637403,-0.0537544842596959,0.6310927660993365,0.0941632620710656,4,46.26116559485087,ok,0.5938739919768675,False,0.6893072022045257,False,0.6938197114213545,False,1.0,0.7054464477975972,False,1.0
OA,Ojos abiertos,ZONE_BAND,BAI_ZB_PARIETAL_THETA_W1,BAI,ZB_PARIETAL_THETA,parietal,theta,4,P3 | P4 | P7 | P8,EEG26 | EEG30 | EEG58 | EEG62,W1,25,8,17,15.993418325873265,12.171199226815649,0.5899854948723848,0.4281332001975654,1.3780419145259732,21.0,0.1826979357854026,0.1517200893969428,0.5131167268523188,0.4690885791798231,0.0440281476724956,0.0904285484852568,-0.3030002141794232,0.3959252385810823,-1.1263718218097516,0.5203713934509053,0.4526107556498904,0.2869852806929616,0.1629148322465488,-0.0518146599584488,0.6257852213443721,0.0926964173374192,4,46.21766903667717,ok,0.5938739919768675,False,0.6893072022045257,False,0.6938197114213545,False,1.0,0.7054464477975972,False,1.0
DELTA_OC_MINUS_OA,Reactividad OC−OA,ZONE_BAND,MSPSS_ZB_TEMPORAL_DELTA_W1,MSPSS,ZB_TEMPORAL_DELTA,temporal,delta,2,T7 | T8,EEG49 | EEG53,W1,25,8,17,1.8233331292024568,7.0353148202065,-4.539228445348275,3.307253394895351,-1.3725070030480404,21.0,0.1843880015112088,0.1112040336529813,0.2011400934153853,0.1294794887144603,0.0716606047009249,0.0897035939721862,4.535414526224911,3.294111100247411,-2.315064523920734,11.385893576370556,0.1830684554200303,-0.0038139191233641,0.2945455436322945,-0.6163549095639246,0.6087270713171963,0.989791118868658,4,51.131497864142034,ok,0.7955436841346429,False,0.6893072022045257,False,0.6938197114213545,False,1.0,0.7054464477975972,False,1.0
OA,Ojos abiertos,ZONE,BAI_Z_FRONTAL_W1,BAI,Z_FRONTAL,frontal,all_bands,24,Fp1 | Fp2 | F3 | F4 | F7 | F8,EEG1 | EEG2 | EEG3 | EEG4 | EEG5 | EEG6 | EEG7 | EEG8 | EEG9 | EEG10 | EEG11 | EEG12 | EEG13 | EEG14 | EEG15 | EEG16 | EEG41 | EEG42 | EEG43 | EEG44 | EEG45 | EEG46 | EEG47 | EEG48,W1,25,8,17,15.913111369721689,10.223866031962654,0.6576796691764231,0.4807577039282165,1.3680065109775617,21.0,0.18577134040867,0.0396464327841066,0.5103133859731741,0.4666743381025269,0.0436390478706472,0.0891162768608099,-0.3164611674274304,0.4389449945338703,-1.229297255133983,0.596374920279122,0.4788849475131844,0.3412185017489926,0.1961001317184449,-0.0665940471256069,0.7490310506235922,0.096491635729958,4,37.56311161296059,ok,0.5278926914685387,False,0.6805321731770124,False,0.6938197114213545,False,1.0,0.7054464477975972,False,1.0
OA,Ojos abiertos,ZONE_BAND,BAI_ZB_TEMPORAL_THETA_W1,BAI,ZB_TEMPORAL_THETA,temporal,theta,2,T7 | T8,EEG50 | EEG54,W1,25,8,17,15.942730521909976,12.147352547177336,0.5893840046054801,0.4313573204561498,1.3663475189947418,21.0,0.1862833444123026,0.1310259209555662,0.5114940721054768,0.4680657661811881,0.0434283059242887,0.0889002639363377,-0.3056429070278233,0.3992712457824396,-1.135972917558653,0.5246871035030063,0.4524911093072546,0.2837410975776568,0.1632532088580434,-0.0557625357597498,0.6232447309150635,0.0968468067222251,4,46.10455895178507,ok,0.5938739919768675,False,0.6893072022045257,False,0.6938197114213545,False,1.0,0.7054464477975972,False,1.0
DELTA_OC_MINUS_OA,Reactividad OC−OA,ZONE_BAND,BAI_ZB_CENTRAL_BETA_W4,BAI,ZB_CENTRAL_BETA,central,beta,2,C3 | C4,EEG20 | EEG24,W4,25,17,8,1.1648483866429604,5.25619916842377,9.22685870772691,6.7630820807811824,1.3642979040498566,21.0,0.1869174475949386,0.2480846891041511,0.1669207094563954,0.0930817670553022,0.0738389424010932,0.0886337509997536,-9.459971066016337,6.74674662604507,-23.490598756409423,4.570656624376753,0.1754790073481134,-0.233112358289425,0.4697756861876145,-1.210064379201634,0.743839662622784,0.6248927776453382,4,46.13501232821333,ok,0.7955436841346429,False,0.6893072022045257,False,0.6938197114213545,False,1.0,0.7054464477975972,False,1.0
DELTA_OC_MINUS_OA,Reactividad OC−OA,ZONE_BAND,MSPSS_ZB_PARIETAL_DELTA_W1,MSPSS,ZB_PARIETAL_DELTA,parietal,delta,4,P3 | P4 | P7 | P8,EEG25 | EEG29 | EEG57 | EEG61,W1,25,8,17,1.8035370953982863,7.27385328551566,-4.392511986890686,3.2240484038199893,-1.3624212284425543,21.0,0.1874995457667652,0.2258005368658581,0.20023126226004,0.1295396424551169,0.0706916198049231,0.0883900763671861,4.391288545327541,3.211418610333089,-2.287222057937276,11.069799148592358,0.1859589000191806,-0.0012234415631455,0.285094053569206,-0.594108982415201,0.5916620992889099,0.9966165052049708,4,53.13657908227479,ok,0.7955436841346429,False,0.6893072022045257,False,0.6938197114213545,False,1.0,0.7054464477975972,False,1.0
OA,Ojos abiertos,ZONE_BAND,BAI_ZB_FRONTAL_THETA_W1,BAI,ZB_FRONTAL_THETA,frontal,theta,6,Fp1 | Fp2 | F3 | F4 | F7 | F8,EEG2 | EEG6 | EEG10 | EEG14 | EEG42 | EEG46,W1,25,8,17,15.993578360955702,12.124199158858136,0.592328822766323,0.4350924849816413,1.3613860115081424,21.0,0.1878212580637743,0.1404352123704702,0.5106816680920341,0.4674964855694788,0.0431851825225552,0.0882558034442857,-0.3108210469681457,0.4032869717268348,-1.1495022167695716,0.5278601228332803,0.449458215971764,0.2815077757981773,0.1632944852801183,-0.058081696558037,0.6210972481543917,0.0994131387458536,4,45.95952001625466,ok,0.5938739919768675,False,0.6893072022045257,False,0.6938197114213545,False,1.0,0.7054464477975972,False,1.0
DELTA_OC_MINUS_OA,Reactividad OC−OA,ZONE_BAND,MSPSS_ZB_OCCIPITAL_THETA_W1,MSPSS,ZB_OCCIPITAL_THETA,occipital,theta,2,O1 | O2,EEG34 | EEG38,W1,25,8,17,1.3706647065182616,6.008191973921184,-3.787483216868497,2.785658631929836,-1.3596365231028402,21.0,0.1883659360033853,0.5004225684371862,0.202548204837708,0.132349226777678,0.07019897806003,0.0880291178550092,3.8306406399694506,2.7639768791945354,-1.9173639445107105,9.578645224449613,0.1803147695447998,0.0431574231009537,0.3468801304820278,-0.6782192987104153,0.7645341449123227,0.9021691873504796,4,36.47320091142759,ok,0.7955436841346429,False,0.6893072022045257,False,0.6938197114213545,False,1.0,0.7054464477975972,False,1.0
DELTA_OC_MINUS_OA,Reactividad OC−OA,ZONE,MSPSS_Z_FRONTAL_W1,MSPSS,Z_FRONTAL,frontal,all_bands,24,Fp1 | Fp2 | F3 | F4 | F7 | F8,EEG1 | EEG2 | EEG3 | EEG4 | EEG5 | EEG6 | EEG7 | EEG8 | EEG9 | EEG10 | EEG11 | EEG12 | EEG13 | EEG14 | EEG15 | EEG16 | EEG41 | EEG42 | EEG43 | EEG44 | EEG45 | EEG46 | EEG47 | EEG48,W1,25,8,17,1.150062019401767,5.0902557666269415,-5.218496115775435,3.843152956096208,-1.357868441717259,21.0,0.1889176715022046,0.0823854810625553,0.2000981853956787,0.1298665506757523,0.0702316347199263,0.0878003192862702,5.2202687555757725,3.821555676369177,-2.7270913373992194,13.167628848550764,0.1863888214491399,0.0017726398003379,0.4068622080772908,-0.84434364101367,0.8478889206143458,0.99656486710918,4,32.57298309210151,ok,0.9169679099607778,False,0.6805321731770124,False,0.6938197114213545,False,1.0,0.7054464477975972,False,1.0
OA,Ojos abiertos,ZONE_BAND,BAI_ZB_OCCIPITAL_BETA_W3,BAI,ZB_OCCIPITAL_BETA,occipital,beta,2,O1 | O2,EEG36 | EEG40,W3,25,6,19,8.856748059113755,10.51561976491168,-0.7202601559532387,0.5316382694997727,-1.3547936581596045,21.0,0.1898802103338185,0.1800699766189182,0.0939051042328741,0.0147095688210581,0.079195535411816,0.0874031360090234,0.6412914968703577,0.4584133276399777,-0.3120312058974258,1.594614199638141,0.1764284179322493,-0.0789686590828809,0.2692516864176629,-0.6389081938733285,0.4809708757075666,0.7721797202847626,4,39.570103333290085,ok,0.5938739919768675,False,0.6893072022045257,False,0.6938197114213545,False,1.0,0.7054464477975972,False,1.0
OA,Ojos abiertos,ZONE_BAND,BAI_ZB_CENTRAL_BETA_W3,BAI,ZB_CENTRAL_BETA,central,beta,2,C3 | C4,EEG20 | EEG24,W3,25,6,19,8.89451872745027,10.61090014694074,-0.707150947179368,0.522654088717827,-1.3529999333099028,21.0,0.1904435100982086,0.1823208958560829,0.0944893272354449,0.0155542880093816,0.0789350392260632,0.0871718485493626,0.6309834664640572,0.4487490422579081,-0.302241254623775,1.5642081875518894,0.1743209605516696,-0.0761674807153107,0.2679395333392831,-0.6333782437975577,0.4810432823669361,0.7789867517907714,4,39.83590987711274,ok,0.5938739919768675,False,0.6893072022045257,False,0.6938197114213545,False,1.0,0.7054464477975972,False,1.0
OC,Ojos cerrados,ZONE_BAND,MSPSS_ZB_OCCIPITAL_DELTA_W2,MSPSS,ZB_OCCIPITAL_DELTA,occipital,delta,2,O1 | O2,EEG33 | EEG37,W2,25,18,7,21.36993884727363,12.45982274524686,-0.7086104610425147,0.5237348055370981,-1.3529947858168865,21.0,0.1904451285094316,0.8008696336390327,0.1090118664745717,0.0313433748230902,0.0776684916514814,0.0871711852594105,0.1584685930733158,0.1865837352861424,-0.2295535260287503,0.546490712175382,0.4052839215830555,-0.5501418679691988,0.4893716953989597,-1.5678460209387324,0.4675622850003348,0.2736232808287214,4,30.010309500750605,ok,0.5895721906681803,False,0.6893072022045257,False,0.6938197114213545,False,1.0,0.7054464477975972,False,1.0
OA,Ojos abiertos,ZONE_BAND,MSPSS_ZB_TEMPORAL_ALPHA_W2,MSPSS,ZB_TEMPORAL_ALPHA,temporal,alpha,2,T7 | T8,EEG51 | EEG55,W2,25,18,7,18.675382062980805,5.089654391770822,-1.9698872624407069,1.4570308214431542,-1.3519873659841872,21.0,0.1907620781414268,0.6102037834611626,0.1123075442669055,0.0350415316449944,0.0772660126219111,0.087041420846707,0.4102529776001177,0.4591585445294952,-0.5446194885284313,1.3651254437286666,0.3817211275060623,-1.5596342848405889,1.3827914685956328,-4.435306567303387,1.3160379976222094,0.2720891089349108,4,13.636450466476097,ok,0.5938739919768675,False,0.6893072022045257,False,0.6938197114213545,False,1.0,0.7054464477975972,False,1.0
OA,Ojos abiertos,ZONE_BAND,BAI_ZB_CENTRAL_ALPHA_W3,BAI,ZB_CENTRAL_ALPHA,central,alpha,2,C3 | C4,EEG19 | EEG23,W3,25,6,19,18.57980896524,5.058929387368242,-1.6860650598617166,1.2477427546654205,-1.3512922063120547,21.0,0.1909810286995522,0.197571989095742,0.0940325519201846,0.0152569296146785,0.0787756223055061,0.0869519346114145,1.6039252189453106,1.1277899692642277,-0.7414424150815813,3.9492928529722016,0.1696566935896459,-0.082139840916406,0.5338087363907073,-1.1922558795511091,1.027976197718297,0.8791774100877201,4,19.644189342736244,ok,0.5938739919768675,False,0.6893072022045257,False,0.6938197114213545,False,1.0,0.7054464477975972,False,1.0
OA,Ojos abiertos,ZONE_BAND,BAI_ZB_PARIETAL_ALPHA_W3,BAI,ZB_PARIETAL_ALPHA,parietal,alpha,4,P3 | P4 | P7 | P8,EEG27 | EEG31 | EEG59 | EEG63,W3,25,6,19,18.674017938252018,5.097584198490498,-1.6437160281060352,1.2183751955650457,-1.349104967081778,21.0,0.1916712253195014,0.1907651896387163,0.094883450616434,0.0164363867241366,0.0784470638922973,0.0866706767716534,1.5686205103801245,1.096100282326785,-0.7108448119565756,3.8480858327168246,0.1671179122461365,-0.0750955177259107,0.5319795938297864,-1.1814076461669425,1.0312166107151208,0.8890870198210569,4,19.72767769545631,ok,0.5938739919768675,False,0.6893072022045257,False,0.6938197114213545,False,1.0,0.7054464477975972,False,1.0
DELTA_OC_MINUS_OA,Reactividad OC−OA,ZONE_BAND,MSPSS_ZB_OCCIPITAL_BETA_W1,MSPSS,ZB_OCCIPITAL_BETA,occipital,beta,2,O1 | O2,EEG36 | EEG40,W1,25,8,17,1.1281152502932732,5.129693929000322,-7.525752964712673,5.580516116766712,-1.348576512860787,21.0,0.1918382770667454,0.0002426627155173,0.1989029684730451,0.1295257296794782,0.0693772387935668,0.0866027910018943,7.532726971090392,5.565954632554679,-4.042309341896482,19.107763284077265,0.1903310853606856,0.0069740063777192,0.4028761073036663,-0.8308527240809794,0.844800736836418,0.9863522850302656,4,45.25351909778928,ok,0.7955436841346429,False,0.6893072022045257,False,0.6938197114213545,False,1.0,0.7054464477975972,False,1.0
OC,Ojos cerrados,ZONE_BAND,MSPSS_ZB_TEMPORAL_DELTA_W2,MSPSS,ZB_TEMPORAL_DELTA,temporal,delta,2,T7 | T8,EEG49 | EEG53,W2,25,18,7,21.68530626896891,12.654098636436837,-0.6789215647004383,0.5035741953038031,-1.3482056289457989,21.0,0.19195558721056,0.8266466029589508,0.1080746437338986,0.0308738993541671,0.0772007443797314,0.0865551627581479,0.1564947294395919,0.1847891967138692,-0.2277954424026773,0.5407849012818611,0.4066087637377433,-0.5224268352608463,0.4684441513710206,-1.4966097779337295,0.4517561074120368,0.277348670915621,4,30.53416428838548,ok,0.5895721906681803,False,0.6893072022045257,False,0.6938197114213545,False,1.0,0.7054464477975972,False,1.0
OA,Ojos abiertos,ZONE_BAND,BAI_ZB_PARIETAL_BETA_W3,BAI,ZB_PARIETAL_BETA,parietal,beta,4,P3 | P4 | P7 | P8,EEG28 | EEG32 | EEG60 | EEG64,W3,25,6,19,9.083099232142752,10.579108492458875,-0.7079085466728993,0.5265423265457981,-1.3444475609717694,21.0,0.1931474527896305,0.1837021777687718,0.0931123374032428,0.0150535259638562,0.0780588114393866,0.0860732973429974,0.6311407626440997,0.4530058204012049,-0.3109364132044668,1.5732179384926663,0.1781238995837274,-0.0767677840287995,0.268388800673376,-0.63491284967901,0.4813772816214108,0.7776562057512927,4,39.7638574522152,ok,0.5938739919768675,False,0.6893072022045257,False,0.6938197114213545,False,1.0,0.7054464477975972,False,1.0
DELTA_OC_MINUS_OA,Reactividad OC−OA,ZONE_BAND,MSPSS_ZB_PARIETAL_THETA_W1,MSPSS,ZB_PARIETAL_THETA,parietal,theta,4,P3 | P4 | P7 | P8,EEG26 | EEG30 | EEG58 | EEG62,W1,25,8,17,1.351563804064023,6.124929596407467,-3.517474793834892,2.6290398676878,-1.3379313250690477,21.0,0.1952278772118769,0.3080248602457143,0.2000110446875768,0.1318192154578233,0.0681918292297534,0.0852409633619531,3.549945719393872,2.6068574651536376,-1.8713111563713376,8.971202595159081,0.1877012284658429,0.0324709255589796,0.3408002087215205,-0.6762619067843774,0.7412037579023367,0.9249969710329348,4,35.703763059899224,ok,0.7955436841346429,False,0.6893072022045257,False,0.6938197114213545,False,1.0,0.7054464477975972,False,1.0
OC,Ojos cerrados,ZONE_BAND,MSPSS_ZB_FRONTAL_DELTA_W2,MSPSS,ZB_FRONTAL_DELTA,frontal,delta,6,Fp1 | Fp2 | F3 | F4 | F7 | F8,EEG1 | EEG5 | EEG9 | EEG13 | EEG41 | EEG45,W2,25,18,7,21.776643637751437,12.622114375615476,-0.6756512495159258,0.508368641572894,-1.329057684253417,21.0,0.1980892346589713,0.8169064303728337,0.106180074697523,0.0309972915369062,0.0751827831606167,0.0841140156225251,0.1563292980287243,0.1858131417257942,-0.2300902840365837,0.5427488800940325,0.4096442330402452,-0.5193219514872014,0.4731935672604386,-1.503381845198088,0.4647379422236852,0.2848555250794585,4,30.72409085727844,ok,0.5895721906681803,False,0.6893072022045257,False,0.6938197114213545,False,1.0,0.7054464477975972,False,1.0
OC,Ojos cerrados,ZONE,MSPSS_Z_FRONTAL_W3,MSPSS,Z_FRONTAL,frontal,all_bands,24,Fp1 | Fp2 | F3 | F4 | F7 | F8,EEG1 | EEG2 | EEG3 | EEG4 | EEG5 | EEG6 | EEG7 | EEG8 | EEG9 | EEG10 | EEG11 | EEG12 | EEG13 | EEG14 | EEG15 | EEG16 | EEG41 | EEG42 | EEG43 | EEG44 | EEG45 | EEG46 | EEG47 | EEG48,W3,25,6,19,17.06317338912346,9.61764436161885,0.8614150440988391,0.6488365137840252,1.327630344160276,21.0,0.1985525458155063,0.4005887952683689,0.0926222622265434,0.016462923395274,0.0761593388312694,0.0839334443207202,-0.6432167344398655,0.6005323356784079,-1.892092093923333,0.6056586250436019,0.2962906047300805,0.2181983096589735,0.2456618314350902,-0.2926834361145976,0.7290800554325447,0.3844907554598828,4,39.50143741763518,ok,0.521732734045224,False,0.6805321731770124,False,0.6938197114213545,False,1.0,0.7054464477975972,False,1.0
OC,Ojos cerrados,ZONE,MSPSS_Z_FRONTAL_W2,MSPSS,Z_FRONTAL,frontal,all_bands,24,Fp1 | Fp2 | F3 | F4 | F7 | F8,EEG1 | EEG2 | EEG3 | EEG4 | EEG5 | EEG6 | EEG7 | EEG8 | EEG9 | EEG10 | EEG11 | EEG12 | EEG13 | EEG14 | EEG15 | EEG16 | EEG41 | EEG42 | EEG43 | EEG44 | EEG45 | EEG46 | EEG47 | EEG48,W2,25,18,7,17.06317338912346,9.61764436161885,-0.8473758964237789,0.638458014376577,-1.3272225852645925,21.0,0.1986850593112969,0.96008877696753,0.1048032709679801,0.0297124731164604,0.0750907978515197,0.0838818948017334,0.2043506633774879,0.2470818368024017,-0.3094841452175316,0.7181854719725076,0.4175041698072713,-0.6430252330462909,0.5887097774319981,-1.867314236720425,0.5812637706278432,0.2870908828041076,4,23.57891702008419,ok,0.521732734045224,False,0.6805321731770124,False,0.6938197114213545,False,1.0,0.7054464477975972,False,1.0
DELTA_OC_MINUS_OA,Reactividad OC−OA,ZONE_BAND,MSPSS_ZB_OCCIPITAL_ALPHA_W4,MSPSS,ZB_OCCIPITAL_ALPHA,occipital,alpha,2,O1 | O2,EEG35 | EEG39,W4,25,17,8,0.5468059873566545,2.249692105295761,-6.857693105529507,5.177937884846729,-1.3244062130599503,21.0,0.1996022182503046,0.4624953491939337,0.1492228465300671,0.0781605983362941,0.0710622481937729,0.0835262770091349,7.254393102159006,5.077615612427144,-3.305086623649898,17.81387282796791,0.1677964586184458,0.3966999966294988,1.0143275761642272,-1.7127096738506975,2.5061096671096954,0.6996656559193425,4,12.49307291509923,ok,0.7955436841346429,False,0.6893072022045257,False,0.6938197114213545,False,1.0,0.7054464477975972,False,1.0
OC,Ojos cerrados,ZONE,MSPSS_Z_TEMPORAL_W2,MSPSS,Z_TEMPORAL,temporal,all_bands,8,T7 | T8,EEG49 | EEG50 | EEG51 | EEG52 | EEG53 | EEG54 | EEG55 | EEG56,W2,25,18,7,17.08676137812887,9.647145283650715,-0.8408579538819627,0.6361963840512412,-1.3216955879683805,21.0,0.200488069626713,0.9584960475055402,0.1040743694407249,0.02954704214599,0.0745273272947348,0.0831847251073861,0.2012677177879431,0.2458190282863492,-0.3099409367338537,0.71247637230974,0.4221158035091013,-0.6395902360940195,0.5867868815952081,-1.859880358963996,0.5806998867759567,0.2880686493249469,4,23.493359006217123,ok,0.521732734045224,False,0.6805321731770124,False,0.6938197114213545,False,1.0,0.7054464477975972,False,1.0
OC,Ojos cerrados,ZONE,MSPSS_Z_OCCIPITAL_W2,MSPSS,Z_OCCIPITAL,occipital,all_bands,8,O1 | O2,EEG33 | EEG34 | EEG35 | EEG36 | EEG37 | EEG38 | EEG39 | EEG40,W2,25,18,7,16.84359824516788,9.511652327593085,-0.8659474203324798,0.6562122581247813,-1.319614819154775,21.0,0.2011701653388569,0.9479285070101702,0.1041086302623203,0.0298186186511606,0.0742900116111596,0.0829230129015664,0.2029955486919399,0.2483657277047001,-0.3135092571986195,0.7195003545824994,0.4229190927000032,-0.6629518716405399,0.607395252710243,-1.926099448398629,0.6001957051175489,0.2874322933058749,4,23.160076531944505,ok,0.521732734045224,False,0.6805321731770124,False,0.6938197114213545,False,1.0,0.7054464477975972,False,1.0
OC,Ojos cerrados,ZONE,MSPSS_Z_TEMPORAL_W3,MSPSS,Z_TEMPORAL,temporal,all_bands,8,T7 | T8,EEG49 | EEG50 | EEG51 | EEG52 | EEG53 | EEG54 | EEG55 | EEG56,W3,25,6,19,17.08676137812887,9.647145283650715,0.8439836826056684,0.6395949791120957,1.319559580935596,21.0,0.2011882976602138,0.5466410648401825,0.0912353204742635,0.0158841239298649,0.0753511965443985,0.0829160708399479,-0.6283457050306687,0.5903973281178789,-1.8561441624748405,0.5994527524135029,0.2992887746190295,0.2156379775749997,0.245993358155605,-0.295933215756451,0.7272091709064504,0.3906212859563128,4,39.64761962617611,ok,0.521732734045224,False,0.6805321731770124,False,0.6938197114213545,False,1.0,0.7054464477975972,False,1.0
OC,Ojos cerrados,ZONE,MSPSS_Z_CENTRAL_W2,MSPSS,Z_CENTRAL,central,all_bands,8,C3 | C4,EEG17 | EEG18 | EEG19 | EEG20 | EEG21 | EEG22 | EEG23 | EEG24,W2,25,18,7,16.991450626930785,9.578137091582258,-0.8509400145042569,0.6455654529187865,-1.3181312764753954,21.0,0.2016575924221377,0.954320850568995,0.1040034115681037,0.0298716378502533,0.0741317737178504,0.0827366696201266,0.2034821917653787,0.2471059695193582,-0.3104028035619346,0.7173671870926921,0.4194996178857682,-0.6474578227388782,0.5964003637072466,-1.887740276105092,0.5928246306273354,0.2899573455690535,4,23.305951533417264,ok,0.521732734045224,False,0.6805321731770124,False,0.6938197114213545,False,1.0,0.7054464477975972,False,1.0
DELTA_OC_MINUS_OA,Reactividad OC−OA,ZONE,MSPSS_Z_OCCIPITAL_W1,MSPSS,Z_OCCIPITAL,occipital,all_bands,8,O1 | O2,EEG33 | EEG34 | EEG35 | EEG36 | EEG37 | EEG38 | EEG39 | EEG40,W1,25,8,17,1.2062277146964149,5.153889862798359,-5.246494347080146,3.9809436235323448,-1.3179021968728262,21.0,0.2017329401913711,0.0931482513601267,0.196729043617981,0.1302921781893581,0.0664368654286229,0.0827079143105815,5.2657532001439655,3.960435330633502,-2.9704229445901102,13.50192934487804,0.1979168280986243,0.0192588530638193,0.4035642769283714,-0.819999004473937,0.8585167106015757,0.9623888266108164,4,35.7561207098939,ok,0.9169679099607778,False,0.6805321731770124,False,0.6938197114213545,False,1.0,0.7054464477975972,False,1.0
OC,Ojos cerrados,ZONE_BAND,MSPSS_ZB_PARIETAL_DELTA_W2,MSPSS,ZB_PARIETAL_DELTA,parietal,delta,4,P3 | P4 | P7 | P8,EEG25 | EEG29 | EEG57 | EEG61,W2,25,18,7,21.80139740724204,12.686983185554586,-0.666998820369866,0.5068487745044057,-1.315972049102919,21.0,0.2023686696355782,0.811108139026077,0.1046145591237611,0.0307758554005798,0.0738387037231813,0.082465830191433,0.1529497182945474,0.1846328185239045,-0.2310152472988575,0.5369146838879525,0.4167604372714003,-0.5140491020753186,0.472023730908242,-1.4956761879121117,0.4675779837614743,0.2884798692447355,4,30.719449880042163,ok,0.5895721906681803,False,0.6893072022045257,False,0.6938197114213545,False,1.0,0.7054464477975972,False,1.0
DELTA_OC_MINUS_OA,Reactividad OC−OA,ZONE_BAND,MSPSS_ZB_CENTRAL_DELTA_W1,MSPSS,ZB_CENTRAL_DELTA,central,delta,2,C3 | C4,EEG17 | EEG21,W1,25,8,17,1.8347681373535616,7.149181836460973,-4.722675494480463,3.590513981141912,-1.3153201795856768,21.0,0.202583728140908,0.0828876348276219,0.1961449057462072,0.1299199861326556,0.0662249196135515,0.082384151182157,4.736074218990617,3.5786808540909862,-2.7062000310388745,12.178348469020108,0.1999263179948467,0.0133987245101536,0.2912627565243175,-0.5923153364113644,0.6191127854316717,0.9637431642773784,4,58.657945131240176,ok,0.7955436841346429,False,0.6893072022045257,False,0.6938197114213545,False,1.0,0.7054464477975972,False,1.0
OC,Ojos cerrados,ZONE,MSPSS_Z_PARIETAL_W3,MSPSS,Z_PARIETAL,parietal,all_bands,16,P3 | P4 | P7 | P8,EEG25 | EEG26 | EEG27 | EEG28 | EEG29 | EEG30 | EEG31 | EEG32 | EEG57 | EEG58 | EEG59 | EEG60 | EEG61 | EEG62 | EEG63 | EEG64,W3,25,6,19,17.145720979247024,9.642280433611608,0.8424587613828861,0.6407414394092682,1.3148185985279668,21.0,0.2027493264687662,0.5473903241026172,0.0904619541448007,0.0155875717865904,0.0748743823582103,0.0823213308111912,-0.6292026522727581,0.5915543614002468,-1.8594072921497524,0.6010019876042363,0.2995689050245437,0.213256109110128,0.2461971358172299,-0.2987388630676842,0.7252510812879404,0.396169112048464,4,39.6460603990835,ok,0.521732734045224,False,0.6805321731770124,False,0.6938197114213545,False,1.0,0.7054464477975972,False,1.0
OC,Ojos cerrados,ZONE,MSPSS_Z_PARIETAL_W2,MSPSS,Z_PARIETAL,parietal,all_bands,16,P3 | P4 | P7 | P8,EEG25 | EEG26 | EEG27 | EEG28 | EEG29 | EEG30 | EEG31 | EEG32 | EEG57 | EEG58 | EEG59 | EEG60 | EEG61 | EEG62 | EEG63 | EEG64,W2,25,18,7,17.145720979247024,9.642280433611608,-0.8363042301445502,0.6374700573104846,-1.311911391843181,21.0,0.2037112322101307,0.9607590416925992,0.1028207351469132,0.0292899946543786,0.0735307404925346,0.0819576904784745,0.1983643575592875,0.2461158745967025,-0.3134616226592764,0.7101903377778516,0.4292875864265451,-0.6379398725852627,0.5880434084648277,-1.8608430861295724,0.5849633409590469,0.2902851351230134,4,23.492458902726717,ok,0.521732734045224,False,0.6805321731770124,False,0.6938197114213545,False,1.0,0.7054464477975972,False,1.0
OC,Ojos cerrados,ZONE_BAND,MSPSS_ZB_CENTRAL_DELTA_W2,MSPSS,ZB_CENTRAL_DELTA,central,delta,2,C3 | C4,EEG17 | EEG21,W2,25,18,7,21.65626321179784,12.53783633299731,-0.6802077324176902,0.5185446124593225,-1.3117631850259546,21.0,0.2037603645942662,0.7893180692740317,0.1051024607925074,0.0317752956327067,0.0733271651598006,0.0819391739804514,0.1582451258315239,0.1863316346723738,-0.2292527213438848,0.5457429730069328,0.4053112212029371,-0.5219626065861662,0.4839101538828363,-1.5283088622052146,0.4843836490328821,0.2929844729163217,4,30.34038469647118,ok,0.5895721906681803,False,0.6893072022045257,False,0.6938197114213545,False,1.0,0.7054464477975972,False,1.0
OC,Ojos cerrados,ZONE,MSPSS_Z_CENTRAL_W3,MSPSS,Z_CENTRAL,central,all_bands,8,C3 | C4,EEG17 | EEG18 | EEG19 | EEG20 | EEG21 | EEG22 | EEG23 | EEG24,W3,25,6,19,16.991450626930785,9.578137091582258,0.8493671822105135,0.6499627223715649,1.3067936867384755,21.0,0.2054131747330625,0.3310727501310153,0.0902407202003241,0.0162595400624228,0.0739811801379013,0.0813195114142629,-0.6324887494854579,0.6010535491353299,-1.8824480316899983,0.6174705327190828,0.3046204001246227,0.2168784327250557,0.2473583868488791,-0.2975314931753785,0.7312883586254899,0.3905271204401175,4,39.3919733435256,ok,0.521732734045224,False,0.6805321731770124,False,0.6938197114213545,False,1.0,0.7054464477975972,False,1.0
DELTA_OC_MINUS_OA,Reactividad OC−OA,ZONE_BAND,BAI_ZB_FRONTAL_BETA_W3,BAI,ZB_FRONTAL_BETA,frontal,beta,6,Fp1 | Fp2 | F3 | F4 | F7 | F8,EEG4 | EEG8 | EEG12 | EEG16 | EEG44 | EEG48,W3,25,6,19,1.0647398055169004,5.192934095347053,-5.770649509845439,4.41995162241018,-1.3055911020805993,21.0,0.2058147099448392,0.8519563975833556,0.1181958365060296,0.0466198712528009,0.0715759652532286,0.0811699107539063,-0.4141879503883311,0.4969359481718583,-1.447622828149404,0.619246927372742,0.4139521199434054,-6.18483746023377,4.391927482081292,-15.318350657010004,2.948675736542463,0.1736964355477935,4,18.315090645832257,ok,0.7955436841346429,False,0.6893072022045257,False,0.6938197114213545,False,1.0,0.7054464477975972,False,1.0
OC,Ojos cerrados,ZONE,MSPSS_Z_OCCIPITAL_W3,MSPSS,Z_OCCIPITAL,occipital,all_bands,8,O1 | O2,EEG33 | EEG34 | EEG35 | EEG36 | EEG37 | EEG38 | EEG39 | EEG40,W3,25,6,19,16.84359824516788,9.511652327593085,0.8595769324210499,0.6589221990600406,1.3045196134646024,21.0,0.2061729880368472,0.3210866216432106,0.0899032719365927,0.0161520051272776,0.0737512668093151,0.0810367343768505,-0.6429753323407486,0.6100710575147184,-1.9116875498160133,0.6257368851345162,0.3038885441769364,0.2166016000803013,0.2489814635610319,-0.3011836986217808,0.7343868987823836,0.394162821660931,4,39.27260155172485,ok,0.521732734045224,False,0.6805321731770124,False,0.6938197114213545,False,1.0,0.7054464477975972,False,1.0
OC,Ojos cerrados,ZONE_BAND,BAI_ZB_FRONTAL_DELTA_W3,BAI,ZB_FRONTAL_DELTA,frontal,delta,6,Fp1 | Fp2 | F3 | F4 | F7 | F8,EEG1 | EEG5 | EEG9 | EEG13 | EEG41 | EEG45,W3,25,6,19,21.776643637751437,12.622114375615476,-0.7592168239376605,0.5822979708494972,-1.3038287302118907,21.0,0.206404259036116,0.7610522165202797,0.0836923958929192,0.0095164506913324,0.0741759452015867,0.080950921796474,0.6025121136872891,0.5429681119256108,-0.5266518891188594,1.7316761164934376,0.2796897848074758,-0.1567047102503714,0.2103724228300344,-0.5941981133166164,0.2807886928158735,0.4645925501225733,4,52.17860056028918,ok,0.5895721906681803,False,0.6893072022045257,False,0.6938197114213545,False,1.0,0.7054464477975972,False,1.0
OA,Ojos abiertos,ZONE_BAND,BAI_ZB_OCCIPITAL_ALPHA_W3,BAI,ZB_OCCIPITAL_ALPHA,occipital,alpha,2,O1 | O2,EEG35 | EEG39,W3,25,6,19,18.424597448260545,5.052775848091443,-1.6035479474740062,1.2353005699618544,-1.298103462806241,21.0,0.2083285548417723,0.2151252844286668,0.0882793903397796,0.015121513276442,0.0731578770633375,0.0802415523880742,1.5240769021471925,1.1118233418338512,-0.78808631242188,3.836240116716264,0.1849146364685517,-0.0794710453268139,0.5383459433315063,-1.1990227223319974,1.0400806316783695,0.88405023255643,4,19.552309402278052,ok,0.5938739919768675,False,0.6893072022045257,False,0.6938197114213545,False,1.0,0.7054464477975972,False,1.0
OC,Ojos cerrados,ZONE_BAND,BAI_ZB_CENTRAL_DELTA_W3,BAI,ZB_CENTRAL_DELTA,central,delta,2,C3 | C4,EEG17 | EEG21,W3,25,6,19,21.65626321179784,12.53783633299731,-0.7645051134981163,0.5898558803121848,-1.296087975071974,21.0,0.2090092821484756,0.8020555535587608,0.083116002431847,0.0097720920563703,0.0733439103754767,0.0799925732917211,0.6061084723963235,0.5505666195400465,-0.5388574920440741,1.751074436836721,0.2834074933133553,-0.1583966411017928,0.2116751213230016,-0.5985991539895181,0.2818058717859324,0.4625777781185669,4,51.93672334353006,ok,0.5895721906681803,False,0.6893072022045257,False,0.6938197114213545,False,1.0,0.7054464477975972,False,1.0
DELTA_OC_MINUS_OA,Reactividad OC−OA,ZONE_BAND,MSPSS_ZB_OCCIPITAL_THETA_W3,MSPSS,ZB_OCCIPITAL_THETA,occipital,theta,2,O1 | O2,EEG34 | EEG38,W3,25,6,19,1.3706647065182616,6.008191973921184,3.216274249649456,2.486436914302072,1.2935273889915866,21.0,0.2098766066355735,0.5974089087366686,0.0844273137587005,0.0114773986072753,0.0729499151514251,0.0796768145748279,-0.1745165934817686,0.3945975930478328,-0.9951272110802604,0.6460940241167232,0.6628190325274269,3.041757656167688,2.454925919119528,-2.0635402730141066,8.14705558534948,0.229000162133029,4,19.93294206893364,ok,0.7955436841346429,False,0.6893072022045257,False,0.6938197114213545,False,1.0,0.7054464477975972,False,1.0
DELTA_OC_MINUS_OA,Reactividad OC−OA,ZONE_BAND,MSPSS_ZB_PARIETAL_THETA_W3,MSPSS,ZB_PARIETAL_THETA,parietal,theta,4,P3 | P4 | P7 | P8,EEG26 | EEG30 | EEG58 | EEG62,W3,25,6,19,1.351563804064023,6.124929596407467,2.9395540746765434,2.299367002913246,1.2784188304660349,21.0,0.2150511719590069,0.8709223861529175,0.083077907627234,0.0117171487325936,0.0713607588946403,0.0778264145757208,-0.178515540183329,0.3862270660065409,-0.981718693859083,0.6246876134924249,0.6486882185327133,2.7610385344932142,2.2666974362649763,-1.9528168357721676,7.474893904758596,0.2366995292475989,4,20.03225141783533,ok,0.7955436841346429,False,0.6893072022045257,False,0.6938197114213545,False,1.0,0.7054464477975972,False,1.0
OC,Ojos cerrados,ZONE_BAND,MSPSS_ZB_TEMPORAL_THETA_W2,MSPSS,ZB_TEMPORAL_THETA,temporal,theta,2,T7 | T8,EEG50 | EEG54,W2,25,18,7,17.275949836954464,11.393341431240168,-0.664489524029192,0.5198575288605378,-1.278214678328636,21.0,0.2151217620598924,0.8778470976946262,0.0966837223722798,0.0264043066319176,0.0702794157403622,0.0778015601854638,0.1460078161876963,0.2102796297188238,-0.2912926130397798,0.5833082454151725,0.4950729377482353,-0.5184817078414957,0.4754306759542333,-1.5071939237641585,0.4702305080811669,0.2878258200764411,4,27.524572111482808,ok,0.5895721906681803,False,0.6893072022045257,False,0.6938197114213545,False,1.0,0.7054464477975972,False,1.0
OC,Ojos cerrados,ZONE_BAND,MSPSS_ZB_FRONTAL_THETA_W2,MSPSS,ZB_FRONTAL_THETA,frontal,theta,6,Fp1 | Fp2 | F3 | F4 | F7 | F8,EEG2 | EEG6 | EEG10 | EEG14 | EEG42 | EEG46,W2,25,18,7,17.247263672443356,11.36328711756634,-0.6581282574695158,0.5161750264891332,-1.2750098778429977,21.0,0.216232240760303,0.8813714351102654,0.0963179456340236,0.0263621883905965,0.069955757243427,0.0774119137427245,0.1477593551252196,0.2118008111546306,-0.292704544076503,0.5882232543269423,0.4930588639927584,-0.5103689023442961,0.4707197407856376,-1.4892841922687328,0.4685463875801405,0.2905538722029712,4,27.570076456798084,ok,0.5895721906681803,False,0.6893072022045257,False,0.6938197114213545,False,1.0,0.7054464477975972,False,1.0
OC,Ojos cerrados,ZONE_BAND,MSPSS_ZB_PARIETAL_THETA_W2,MSPSS,ZB_PARIETAL_THETA,parietal,theta,4,P3 | P4 | P7 | P8,EEG26 | EEG30 | EEG58 | EEG62,W2,25,18,7,17.344982129937286,11.374232926109208,-0.6578579334705557,0.5168726985139066,-1.2727658770950847,21.0,0.2170124287624437,0.8722167068367428,0.0958869723464573,0.0261439957158448,0.0697429766306125,0.0771396656141738,0.1438921471227165,0.2110584432704062,-0.2950279135490917,0.5828122077945248,0.5028383703636524,-0.5139657863478391,0.4718174646972284,-1.4951639181165084,0.4672323454208303,0.2883508482554903,4,27.455605475869103,ok,0.5895721906681803,False,0.6893072022045257,False,0.6938197114213545,False,1.0,0.7054464477975972,False,1.0
OC,Ojos cerrados,ZONE_BAND,MSPSS_ZB_OCCIPITAL_THETA_W2,MSPSS,ZB_OCCIPITAL_THETA,occipital,theta,2,O1 | O2,EEG34 | EEG38,W2,25,18,7,17.048187388373652,11.252490706558492,-0.6720466588639392,0.5318469362423772,-1.2636091571986967,21.0,0.2202185368607755,0.8983774161084891,0.0955112913272427,0.0267396508773941,0.0687716404498486,0.0760337191503073,0.1488928343337981,0.2126127607176616,-0.2932596064204243,0.5910452750880206,0.4914260904488963,-0.523153824530141,0.4875007462254984,-1.5369671256957624,0.4906594766354804,0.2953882170742792,4,27.20299442153448,ok,0.5895721906681803,False,0.6893072022045257,False,0.6938197114213545,False,1.0,0.7054464477975972,False,1.0
DELTA_OC_MINUS_OA,Reactividad OC−OA,ZONE_BAND,MSPSS_ZB_TEMPORAL_THETA_W1,MSPSS,ZB_TEMPORAL_THETA,temporal,theta,2,T7 | T8,EEG50 | EEG54,W1,25,8,17,1.3332193150444869,5.9651941571679385,-3.3809479128522097,2.680185630063411,-1.261460353689091,21.0,0.2209761678654181,0.3767988232041165,0.1925967178753307,0.1314154564283191,0.0611812614470116,0.0757753439966383,3.4097863263445167,2.657093171192856,-2.1159414191995203,8.935514071888553,0.2133766601203534,0.0288384134923069,0.3510710628899824,-0.7012538293769625,0.7589306563615764,0.9353100538648924,4,33.8417322592198,ok,0.7955436841346429,False,0.6893072022045257,False,0.6938197114213545,False,1.0,0.7054464477975972,False,1.0
OC,Ojos cerrados,ZONE_BAND,MSPSS_ZB_CENTRAL_THETA_W2,MSPSS,ZB_CENTRAL_THETA,central,theta,2,C3 | C4,EEG18 | EEG22,W2,25,18,7,17.149842108868302,11.366654659893218,-0.6580368249725059,0.5220673803036442,-1.2604442449359303,21.0,0.2213351274852225,0.8701145920087876,0.0949985868188003,0.0265322264019136,0.0684663604168867,0.0756533187900982,0.1459765931762219,0.2107015650110512,-0.2922012985265494,0.5841544848789932,0.4960185425684437,-0.512060231796284,0.4776601303008278,-1.505408851844313,0.4812883882517449,0.2958778000751827,4,27.39379223925373,ok,0.5895721906681803,False,0.6893072022045257,False,0.6938197114213545,False,1.0,0.7054464477975972,False,1.0
OA,Ojos abiertos,ZONE,MSPSS_Z_FRONTAL_W2,MSPSS,Z_FRONTAL,frontal,all_bands,24,Fp1 | Fp2 | F3 | F4 | F7 | F8,EEG1 | EEG2 | EEG3 | EEG4 | EEG5 | EEG6 | EEG7 | EEG8 | EEG9 | EEG10 | EEG11 | EEG12 | EEG13 | EEG14 | EEG15 | EEG16 | EEG41 | EEG42 | EEG43 | EEG44 | EEG45 | EEG46 | EEG47 | EEG48,W2,25,18,7,15.913111369721689,10.223866031962654,-0.8117666581059289,0.644212686969818,-1.2600910763248612,21.0,0.2214599958826394,0.8768117770684697,0.0984377622593351,0.0302698034129993,0.0681679588463357,0.0756109295539775,0.1827621304013675,0.2321151862838281,-0.2999478245660258,0.6654720853687609,0.4398581549117686,-0.6290045277045614,0.6009430308683984,-1.878733974591096,0.6207249191819731,0.307138572880329,4,25.74007724722694,ok,0.5278926914685387,False,0.6805321731770124,False,0.6938197114213545,False,1.0,0.7054464477975972,False,1.0
OA,Ojos abiertos,ZONE,MSPSS_Z_OCCIPITAL_W2,MSPSS,Z_OCCIPITAL,occipital,all_bands,8,O1 | O2,EEG33 | EEG34 | EEG35 | EEG36 | EEG37 | EEG38 | EEG39 | EEG40,W2,25,18,7,15.637370530471465,10.152310142795791,-0.8196863728645354,0.6528477124969326,-1.255555249982417,21.0,0.2230685256949142,0.8583945025637096,0.0980446717197067,0.0303370763003247,0.0677075954193819,0.0750675707504009,0.1822657158705533,0.2326766155319581,-0.3016117951340862,0.666143226875193,0.4421710114623379,-0.637420656993982,0.6099768260328181,-1.9059369093748777,0.6310955953869137,0.30790721730543,4,25.308535584008755,ok,0.5278926914685387,False,0.6805321731770124,False,0.6938197114213545,False,1.0,0.7054464477975972,False,1.0
DELTA_OC_MINUS_OA,Reactividad OC−OA,ZONE_BAND,MSPSS_ZB_CENTRAL_BETA_W2,MSPSS,ZB_CENTRAL_BETA,central,beta,2,C3 | C4,EEG20 | EEG24,W2,25,18,7,1.1648483866429604,5.25619916842377,-18.47096527054593,14.715373521964402,-1.2552155229342887,21.0,0.2231893623903554,0.22122185746791,0.0932712956115356,0.0252422038956858,0.0680290917158498,0.0750269528102471,-0.0278801717931566,0.4146203429710176,-0.8901303773414236,0.8343700337551102,0.9470246371884992,-18.49884544233909,14.709531191106182,-49.08899015681714,12.09129927213896,0.2223389414431432,4,49.20648348301412,ok,0.7955436841346429,False,0.6893072022045257,False,0.6938197114213545,False,1.0,0.7054464477975972,False,1.0
DELTA_OC_MINUS_OA,Reactividad OC−OA,ZONE_BAND,MSPSS_ZB_FRONTAL_DELTA_W1,MSPSS,ZB_FRONTAL_DELTA,frontal,delta,6,Fp1 | Fp2 | F3 | F4 | F7 | F8,EEG1 | EEG5 | EEG9 | EEG13 | EEG41 | EEG45,W1,25,8,17,1.8117560741525915,7.041477936572528,-3.989532077705385,3.179085203989758,-1.2549308438473163,21.0,0.2232906578858166,0.4920148927218326,0.1900194727679213,0.1292766639210845,0.0607428088468368,0.0749929248971099,3.978817248371517,3.165214556975248,-2.603606765847797,10.561241262590832,0.2225392199279871,-0.0107148293338674,0.2966471684317422,-0.6276263878037825,0.6061967291360476,0.9715280003487076,4,49.994417758637056,ok,0.7955436841346429,False,0.6893072022045257,False,0.6938197114213545,False,1.0,0.7054464477975972,False,1.0
OA,Ojos abiertos,ZONE,MSPSS_Z_PARIETAL_W2,MSPSS,Z_PARIETAL,parietal,all_bands,16,P3 | P4 | P7 | P8,EEG25 | EEG26 | EEG27 | EEG28 | EEG29 | EEG30 | EEG31 | EEG32 | EEG57 | EEG58 | EEG59 | EEG60 | EEG61 | EEG62 | EEG63 | EEG64,W2,25,18,7,15.937098952027949,10.265794847352648,-0.8007734848763496,0.6397885573579755,-1.2516220799308535,21.0,0.2244705825471961,0.8833337024960719,0.0967739503516715,0.0293951007700958,0.0673788495815757,0.0745979919509736,0.1748827232698884,0.230985930405918,-0.305478815539563,0.65524426207934,0.4573928885139907,-0.6258907616064612,0.5966363197800747,-1.8666639124884756,0.6148823892755532,0.3060869354291312,4,25.66634686605205,ok,0.5278926914685387,False,0.6805321731770124,False,0.6938197114213545,False,1.0,0.7054464477975972,False,1.0
OA,Ojos abiertos,ZONE_BAND,MSPSS_ZB_CENTRAL_THETA_W2,MSPSS,ZB_CENTRAL_THETA,central,theta,2,C3 | C4,EEG18 | EEG22,W2,25,18,7,15.80887082998302,12.193263287605935,-0.6426432385504868,0.5137107101691731,-1.2509827531897362,21.0,0.2246991202302866,0.8335802387707509,0.0936371183221861,0.0260933228210978,0.0675437955010882,0.0745218023227678,0.1242516246719966,0.1952496517037816,-0.2817922541894449,0.5302955035334382,0.5314089752026406,-0.5183916138784901,0.4751592020071467,-1.5065392688223085,0.4697560410653284,0.2876394179554897,4,29.79350127579485,ok,0.5938739919768675,False,0.6893072022045257,False,0.6938197114213545,False,1.0,0.7054464477975972,False,1.0
OC,Ojos cerrados,ZONE_BAND,BAI_ZB_PARIETAL_DELTA_W3,BAI,ZB_PARIETAL_DELTA,parietal,delta,4,P3 | P4 | P7 | P8,EEG25 | EEG29 | EEG57 | EEG61,W3,25,6,19,21.80139740724204,12.686983185554586,-0.7195681695576799,0.5760412523957674,-1.2491608310428828,21.0,0.2253513738816292,0.7384508077756946,0.0783060146388415,0.0098196404132838,0.0684863742255577,0.0743048943719881,0.5638991515635139,0.5362235683219122,-0.5512388049880135,1.6790371081150413,0.3049288031407662,-0.155669017994166,0.2104466897762927,-0.5933168676300553,0.2819788316417233,0.4676667215594274,4,52.52851137874191,ok,0.5895721906681803,False,0.6893072022045257,False,0.6938197114213545,False,1.0,0.7054464477975972,False,1.0
OA,Ojos abiertos,ZONE,MSPSS_Z_CENTRAL_W2,MSPSS,Z_CENTRAL,central,all_bands,8,C3 | C4,EEG17 | EEG18 | EEG19 | EEG20 | EEG21 | EEG22 | EEG23 | EEG24,W2,25,18,7,15.776173399279394,10.247690911917816,-0.8001972560104235,0.6407018498219801,-1.2489385760830245,21.0,0.2254310409781677,0.8772354530516804,0.0967716371184396,0.0296812293026756,0.0670904078157639,0.0742784555632487,0.1769813399900646,0.2312421297534334,-0.30391299452949,0.6578756745096193,0.4525791663338667,-0.6232159160203589,0.5975164749129545,-1.8658194497022185,0.6193876176615004,0.3088025104601749,4,25.569207733429035,ok,0.5278926914685387,False,0.6805321731770124,False,0.6938197114213545,False,1.0,0.7054464477975972,False,1.0
OA,Ojos abiertos,ZONE_BAND,MSPSS_ZB_FRONTAL_THETA_W2,MSPSS,ZB_FRONTAL_THETA,frontal,theta,6,Fp1 | Fp2 | F3 | F4 | F7 | F8,EEG2 | EEG6 | EEG10 | EEG14 | EEG42 | EEG46,W2,25,18,7,15.993578360955702,12.124199158858136,-0.6512576844629449,0.5215845906189712,-1.2486137362495484,21.0,0.2255475183324681,0.7959626207229952,0.0937985128551696,0.0265222757382522,0.0672762371169173,0.0742398220167179,0.1290906586196298,0.1966448852029345,-0.279854767143278,0.5380360843825378,0.5186538721392251,-0.522167025843315,0.4830955126004428,-1.5268191421730108,0.482485090486381,0.2920088223377114,4,29.90836201130815,ok,0.5938739919768675,False,0.6893072022045257,False,0.6938197114213545,False,1.0,0.7054464477975972,False,1.0
OA,Ojos abiertos,ZONE_BAND,MSPSS_ZB_PARIETAL_THETA_W2,MSPSS,ZB_PARIETAL_THETA,parietal,theta,4,P3 | P4 | P7 | P8,EEG26 | EEG30 | EEG58 | EEG62,W2,25,18,7,15.993418325873265,12.171199226815649,-0.6475051806105248,0.5188163498920567,-1.248043128835941,21.0,0.2257522317881502,0.8175643882125851,0.0933663139517305,0.0261194952387843,0.0672468187129462,0.0741719834016469,0.1238095747685732,0.1955532527935534,-0.2828656771224322,0.5304848266595787,0.5334870719644701,-0.5236956058419515,0.4805510693330915,-1.5230562627257398,0.4756650510418366,0.2881572786487478,4,29.844173357539248,ok,0.5938739919768675,False,0.6893072022045257,False,0.6938197114213545,False,1.0,0.7054464477975972,False,1.0
OC,Ojos cerrados,ZONE_BAND,MSPSS_ZB_FRONTAL_BETA_W3,MSPSS,ZB_FRONTAL_BETA,frontal,beta,6,Fp1 | Fp2 | F3 | F4 | F7 | F8,EEG4 | EEG8 | EEG12 | EEG16 | EEG44 | EEG48,W3,25,6,19,10.091187641957935,10.063610595271342,0.7478374835856113,0.6002820529553838,1.2458101652444282,21.0,0.2265547067194916,0.5478958116324184,0.0825949081730559,0.0147924262007326,0.0678024819723233,0.0739068079917669,-0.5505328116682503,0.5511018312592733,-1.6966118098098124,0.5955461864733119,0.3291829465703552,0.197304671917361,0.2379607418945518,-0.297561781428219,0.692171125262941,0.4163461905702438,4,40.91950681745882,ok,0.5895721906681803,False,0.6893072022045257,False,0.6938197114213545,False,1.0,0.7054464477975972,False,1.0
OA,Ojos abiertos,ZONE,MSPSS_Z_TEMPORAL_W2,MSPSS,Z_TEMPORAL,temporal,all_bands,8,T7 | T8,EEG49 | EEG50 | EEG51 | EEG52 | EEG53 | EEG54 | EEG55 | EEG56,W2,25,18,7,15.895680675076449,10.234354561487304,-0.7861953102388575,0.6319986686599928,-1.24398254177624,21.0,0.2272131345994843,0.874044655415707,0.0963243177068386,0.029732346333658,0.0665919713731806,0.0736901221068572,0.1795006176030091,0.2323401049571848,-0.3036770813514346,0.662678316557453,0.4483813135036834,-0.6066946926358483,0.5877417739249843,-1.8289706228150515,0.6155812375433549,0.3136987712871307,4,25.52660394656865,ok,0.5278926914685387,False,0.6805321731770124,False,0.6938197114213545,False,1.0,0.7054464477975972,False,1.0
OC,Ojos cerrados,ZONE_BAND,MSPSS_ZB_OCCIPITAL_BETA_W3,MSPSS,ZB_OCCIPITAL_BETA,occipital,beta,2,O1 | O2,EEG36 | EEG40,W3,25,6,19,9.984863309407029,9.960463246486944,0.7542356059262652,0.6063494910060114,1.2438958341910895,21.0,0.227244408586238,0.7180186849972048,0.0821120716055393,0.0144822268855285,0.0676298447200107,0.073679849824702,-0.5566691116292674,0.5564494641834873,-1.7138691212365464,0.6005308979780118,0.3285081529756189,0.1975664942969978,0.240881089031828,-0.3033731533866726,0.6985061419806682,0.4213244978527958,4,40.66810646582143,ok,0.5895721906681803,False,0.6893072022045257,False,0.6938197114213545,False,1.0,0.7054464477975972,False,1.0
DELTA_OC_MINUS_OA,Reactividad OC−OA,ZONE,MSPSS_Z_PARIETAL_W3,MSPSS,Z_PARIETAL,parietal,all_bands,16,P3 | P4 | P7 | P8,EEG25 | EEG26 | EEG27 | EEG28 | EEG29 | EEG30 | EEG31 | EEG32 | EEG57 | EEG58 | EEG59 | EEG60 | EEG61 | EEG62 | EEG63 | EEG64,W3,25,6,19,1.2086220272190764,5.179683058723033,4.197760479617395,3.380025874640235,1.2419314630436664,21.0,0.2279538068772272,0.8554527713763596,0.0800404361467325,0.0124718699693228,0.0675685661774097,0.0734473218522752,-0.2027729593736812,0.4536096540381003,-1.1461058760134477,0.740559957266085,0.6594363826894801,3.994987520243714,3.349449685396233,-2.9705744177250617,10.96054945821249,0.2462781961189385,4,17.508661328012224,ok,0.9360210290723474,False,0.6805321731770124,False,0.6938197114213545,False,1.0,0.7054464477975972,False,1.0
OC,Ojos cerrados,ZONE_BAND,MSPSS_ZB_CENTRAL_BETA_W3,MSPSS,ZB_CENTRAL_BETA,central,beta,2,C3 | C4,EEG20 | EEG24,W3,25,6,19,10.05936711409323,10.03028756571393,0.739283894098704,0.5958669736159121,1.2406861377338836,21.0,0.228404410060306,0.7212451226607952,0.081308916832937,0.0139687689016604,0.0673401479312766,0.0733000996364638,-0.5453980402870267,0.5455144362745343,-1.6798574144623637,0.5890613338883104,0.3287955417776654,0.1938858538116773,0.2397320380388559,-0.3046642115187101,0.6924359191420648,0.4277209481254587,4,40.7453949091018,ok,0.5895721906681803,False,0.6893072022045257,False,0.6938197114213545,False,1.0,0.7054464477975972,False,1.0
OC,Ojos cerrados,ZONE_BAND,BAI_ZB_TEMPORAL_DELTA_W3,BAI,ZB_TEMPORAL_DELTA,temporal,delta,2,T7 | T8,EEG49 | EEG53,W3,25,6,19,21.68530626896891,12.654098636436837,-0.711293757764555,0.5739461626902927,-1.239303969610084,21.0,0.2289053241417534,0.7317765162699095,0.0775407499649736,0.010074965119182,0.0674657848457915,0.0731368728138721,0.55338303773781,0.5336757873974426,-0.5564565183298573,1.6632225938054772,0.3115629833610381,-0.157910720026745,0.2111974233096418,-0.5971198055122885,0.2812983654587985,0.4629368949756441,4,52.18721594890923,ok,0.5895721906681803,False,0.6893072022045257,False,0.6938197114213545,False,1.0,0.7054464477975972,False,1.0
DELTA_OC_MINUS_OA,Reactividad OC−OA,ZONE_BAND,MSPSS_ZB_FRONTAL_ALPHA_W4,MSPSS,ZB_FRONTAL_ALPHA,frontal,alpha,6,Fp1 | Fp2 | F3 | F4 | F7 | F8,EEG3 | EEG7 | EEG11 | EEG15 | EEG43 | EEG47,W4,25,17,8,0.47006688644992,2.161725189367838,-6.331186796348547,5.123035295130657,-1.235827284337903,21.0,0.2301690238159644,0.491058995986033,0.140682966997884,0.0781873321598947,0.0624956348379893,0.072727098891144,6.745809335041043,5.010949890852712,-3.6750314332129097,17.166650103294998,0.1925866038028911,0.4146225386924964,1.0657728775483597,-1.8017734927923303,2.631018570177323,0.7011672604312353,4,11.714740505707066,ok,0.7955436841346429,False,0.6893072022045257,False,0.6938197114213545,False,1.0,0.7054464477975972,False,1.0
DELTA_OC_MINUS_OA,Reactividad OC−OA,ZONE_BAND,MSPSS_ZB_OCCIPITAL_DELTA_W1,MSPSS,ZB_OCCIPITAL_DELTA,occipital,delta,2,O1 | O2,EEG33 | EEG37,W1,25,8,17,1.779324914617469,7.294047387420073,-4.253215575031209,3.446983729771921,-1.2338948798324134,21.0,0.2308737078233528,0.2676543382583145,0.1880547943304449,0.1291888993640343,0.0588658949664105,0.0724998368798396,4.242543079397488,3.435011323376251,-2.900954025492111,11.386040184287086,0.230438229868467,-0.0106724956337211,0.2870436231468448,-0.6076123883706943,0.5862673971032519,0.970692072692191,4,58.69603935251304,ok,0.7955436841346429,False,0.6893072022045257,False,0.6938197114213545,False,1.0,0.7054464477975972,False,1.0
OA,Ojos abiertos,ZONE_BAND,MSPSS_ZB_OCCIPITAL_THETA_W2,MSPSS,ZB_OCCIPITAL_THETA,occipital,theta,2,O1 | O2,EEG34 | EEG38,W2,25,18,7,15.67752268185539,12.02055724560404,-0.6516260859562838,0.5287189559309705,-1.2324621212207114,21.0,0.2313972482153774,0.8349884543749253,0.0922964428600349,0.0266408233571349,0.0656556195029,0.0723315657258971,0.1289972736384528,0.1976239304993077,-0.2819841882774082,0.5399787355543139,0.5210054935281776,-0.522628812317831,0.490396285115151,-1.5424637162463215,0.4972060916106594,0.2986471264443759,4,29.379452813185967,ok,0.5938739919768675,False,0.6893072022045257,False,0.6938197114213545,False,1.0,0.7054464477975972,False,1.0
OA,Ojos abiertos,ZONE_BAND,MSPSS_ZB_TEMPORAL_THETA_W2,MSPSS,ZB_TEMPORAL_THETA,temporal,theta,2,T7 | T8,EEG50 | EEG54,W2,25,18,7,15.942730521909976,12.147352547177336,-0.6303364747169672,0.5118191403829087,-1.2315609655500417,21.0,0.2317270000727629,0.8219861979408248,0.0920048202129358,0.026424115500867,0.0655807047120687,0.0722258291365029,0.1284605473551415,0.1967257208013901,-0.2806529852374614,0.5375740799477446,0.5208462154047078,-0.5018759273618256,0.4725016647986259,-1.4844969311339251,0.4807450764102741,0.3002225873010384,4,29.754812824135456,ok,0.5938739919768675,False,0.6893072022045257,False,0.6938197114213545,False,1.0,0.7054464477975972,False,1.0
OA,Ojos abiertos,ZONE_BAND,MSPSS_ZB_TEMPORAL_DELTA_W2,MSPSS,ZB_TEMPORAL_DELTA,temporal,delta,2,T7 | T8,EEG49 | EEG53,W2,25,18,7,19.86197313976645,13.695071436076708,-0.6137199237514382,0.499610349834193,-1.2283971377997176,21.0,0.2328875453526888,0.467645962048275,0.0972451603696796,0.0323775167102612,0.0648676436594184,0.0718552156264062,0.13956463150102,0.1711313422223852,-0.2163224770514827,0.4954517400535229,0.4239165871313511,-0.4741552922504182,0.4693874363152573,-1.4502999033528594,0.501989318852023,0.3239181186289731,4,33.91068989416878,ok,0.5938739919768675,False,0.6893072022045257,False,0.6938197114213545,False,1.0,0.7054464477975972,False,1.0
OC,Ojos cerrados,ZONE_BAND,MSPSS_ZB_TEMPORAL_BETA_W3,MSPSS,ZB_TEMPORAL_BETA,temporal,beta,2,T7 | T8,EEG52 | EEG56,W3,25,6,19,10.185824845706325,10.10937608703711,0.7274567856348522,0.5922441352019947,1.2283055962837706,21.0,0.2329211900342672,0.784369608753385,0.080234865187305,0.0141547929211008,0.0660800722662041,0.0718445065648862,-0.5349503295589993,0.5423139785917767,-1.6627539876278083,0.5928533285098098,0.3351559324720727,0.1925064560758528,0.2380097987586152,-0.3024620166034122,0.6874749287551178,0.4276890779377109,4,41.11692334975541,ok,0.5895721906681803,False,0.6893072022045257,False,0.6938197114213545,False,1.0,0.7054464477975972,False,1.0
OC,Ojos cerrados,ZONE_BAND,MSPSS_ZB_PARIETAL_BETA_W3,MSPSS,ZB_PARIETAL_BETA,parietal,beta,4,P3 | P4 | P7 | P8,EEG28 | EEG32 | EEG60 | EEG64,W3,25,6,19,10.194801346574195,10.08027651159297,0.7272642336196786,0.5938196083869969,1.2247224971151758,21.0,0.2342410098897169,0.8083316398998877,0.0797609198325334,0.0140319585709249,0.0657289612616084,0.0714259616638395,-0.5353235450240178,0.5436925175161876,-1.665994031725528,0.5953469416774925,0.3360260425946653,0.1919406885956608,0.2387889731578852,-0.3046481659517835,0.6885295431431052,0.4305128174101058,4,40.99479607326971,ok,0.5895721906681803,False,0.6893072022045257,False,0.6938197114213545,False,1.0,0.7054464477975972,False,1.0
OA,Ojos abiertos,ZONE_BAND,MSPSS_ZB_OCCIPITAL_DELTA_W2,MSPSS,ZB_OCCIPITAL_DELTA,occipital,delta,2,O1 | O2,EEG33 | EEG37,W2,25,18,7,19.59061393265616,13.595827501977174,-0.6388668935120098,0.5216610637663118,-1.224678125101939,21.0,0.2342573896932771,0.3926268852346358,0.0985381212670007,0.0341550051627159,0.0643831161042848,0.0714207861953907,0.1445019819712424,0.1713237328999872,-0.2117852248979982,0.500789188840483,0.408485218701031,-0.4943649115407673,0.4927255260233773,-1.5190437371097114,0.5303139140281767,0.3271247267762013,4,33.791779398475704,ok,0.5938739919768675,False,0.6893072022045257,False,0.6938197114213545,False,1.0,0.7054464477975972,False,1.0
OC,Ojos cerrados,ZONE_BAND,MSPSS_ZB_FRONTAL_BETA_W2,MSPSS,ZB_FRONTAL_BETA,frontal,beta,6,Fp1 | Fp2 | F3 | F4 | F7 | F8,EEG4 | EEG8 | EEG12 | EEG16 | EEG44 | EEG48,W2,25,18,7,10.091187641957935,10.063610595271342,-0.7236488654169971,0.5909367432992577,-1.2245792356332332,21.0,0.2342938975931242,0.929628956240358,0.0930872938121396,0.0283253353008731,0.0647619585112665,0.0714092525878136,0.1820023442481916,0.2398884251796878,-0.3168729459454072,0.6808776344417905,0.4564661441893046,-0.5416465211688055,0.5400553472061381,-1.6647530981379044,0.5814600558002934,0.3273041742953111,4,24.660423768141477,ok,0.5895721906681803,False,0.6893072022045257,False,0.6938197114213545,False,1.0,0.7054464477975972,False,1.0
OA,Ojos abiertos,ZONE_BAND,MSPSS_ZB_PARIETAL_DELTA_W2,MSPSS,ZB_PARIETAL_DELTA,parietal,delta,4,P3 | P4 | P7 | P8,EEG25 | EEG29 | EEG57 | EEG61,W2,25,18,7,19.997860311843755,13.767790509603852,-0.6225574047224696,0.5086325816279157,-1.223982550881678,21.0,0.2345142727274146,0.4972245720468152,0.0967033265405649,0.0322624307017338,0.064440895838831,0.0713396802315634,0.1362246620683632,0.1699018545668947,-0.2171055869338598,0.4895549110705862,0.4316574435835847,-0.4863327426541063,0.4794167945621094,-1.4833345460204348,0.5106690607122222,0.3219255868971452,4,34.30719563702164,ok,0.5938739919768675,False,0.6893072022045257,False,0.6938197114213545,False,1.0,0.7054464477975972,False,1.0
OC,Ojos cerrados,ZONE_BAND,MSPSS_ZB_CENTRAL_BETA_W2,MSPSS,ZB_CENTRAL_BETA,central,beta,2,C3 | C4,EEG20 | EEG24,W2,25,18,7,10.05936711409323,10.03028756571393,-0.7225033057184084,0.5906027636831295,-1.2233320772370213,21.0,0.2347546932235503,0.9337349475283928,0.0925724711577844,0.0279056693351429,0.0646668018226415,0.0712638748189067,0.1786458875330479,0.2403582907958303,-0.3212065417010425,0.6784983167671383,0.4655658635172625,-0.5438574181853605,0.5394807841951906,-1.6657691259622245,0.5780542895915034,0.3248758203528775,4,24.428148181582863,ok,0.5895721906681803,False,0.6893072022045257,False,0.6938197114213545,False,1.0,0.7054464477975972,False,1.0
OC,Ojos cerrados,ZONE_BAND,BAI_ZB_OCCIPITAL_DELTA_W3,BAI,ZB_OCCIPITAL_DELTA,occipital,delta,2,O1 | O2,EEG33 | EEG37,W3,25,6,19,21.36993884727363,12.45982274524686,-0.7241681980261148,0.5926546746174062,-1.2219058231399396,21.0,0.2352825038432866,0.5577294765989098,0.0767841897227433,0.0111455749009057,0.0656386148218376,0.0710978019344418,0.5598026173885119,0.5526516705689811,-0.5894994480386219,1.7091046828156458,0.3226185264910958,-0.1643655806376028,0.2140460099211797,-0.6094986262784066,0.2807674650032007,0.4510965028800863,4,51.66542443745816,ok,0.5895721906681803,False,0.6893072022045257,False,0.6938197114213545,False,1.0,0.7054464477975972,False,1.0
OA,Ojos abiertos,ZONE_BAND,MSPSS_ZB_FRONTAL_DELTA_W2,MSPSS,ZB_FRONTAL_DELTA,frontal,delta,6,Fp1 | Fp2 | F3 | F4 | F7 | F8,EEG1 | EEG5 | EEG9 | EEG13 | EEG41 | EEG45,W2,25,18,7,19.964887563598847,13.704489015715016,-0.6254157673931784,0.5126109249054472,-1.22005938033517,21.0,0.2359671502781633,0.4065161678025292,0.0970957947213688,0.0330951546108482,0.0640006401105206,0.0708830900735149,0.1403563594150811,0.1709134385982876,-0.2150775937439319,0.4957903125740943,0.4207504006746679,-0.4850594079780972,0.4832789637868876,-1.4900930319349557,0.5199742159787613,0.326956624586364,4,34.38906453426507,ok,0.5938739919768675,False,0.6893072022045257,False,0.6938197114213545,False,1.0,0.7054464477975972,False,1.0
OA,Ojos abiertos,ZONE_BAND,MSPSS_ZB_CENTRAL_DELTA_W2,MSPSS,ZB_CENTRAL_DELTA,central,delta,2,C3 | C4,EEG17 | EEG21,W2,25,18,7,19.82149507444428,13.718131930474714,-0.6199717905636922,0.5089585773503456,-1.2181183659214174,21.0,0.2366884916824087,0.4088277590087462,0.0966716857041637,0.032844556564938,0.0638271291392257,0.0706577311140527,0.1390587074432565,0.1704620564811817,-0.2154365452157607,0.4935539601022738,0.4237856139449945,-0.4809130831204357,0.4795638860034123,-1.4782207798845386,0.5163946136436672,0.3273668234186046,4,34.086507435954815,ok,0.5938739919768675,False,0.6893072022045257,False,0.6938197114213545,False,1.0,0.7054464477975972,False,1.0
OC,Ojos cerrados,ZONE_BAND,MSPSS_ZB_OCCIPITAL_BETA_W2,MSPSS,ZB_OCCIPITAL_BETA,occipital,beta,2,O1 | O2,EEG36 | EEG40,W2,25,18,7,9.984863309407029,9.960463246486944,-0.7322990925642356,0.6022942777939201,-1.215849327419308,21.0,0.237533855311058,0.942248404512,0.0922133640688261,0.028309957825869,0.0639034062429571,0.0703947422374282,0.180921584453987,0.2415260033343343,-0.3213592359418382,0.6832024048498124,0.4621196531642141,-0.5513775081102485,0.5517459440509223,-1.69879601213089,0.596040995910393,0.3290104034675357,4,24.301814213543224,ok,0.5895721906681803,False,0.6893072022045257,False,0.6938197114213545,False,1.0,0.7054464477975972,False,1.0
OC,Ojos cerrados,ZONE_BAND,MSPSS_ZB_PARIETAL_BETA_W2,MSPSS,ZB_PARIETAL_BETA,parietal,beta,4,P3 | P4 | P7 | P8,EEG28 | EEG32 | EEG60 | EEG64,W2,25,18,7,10.194801346574195,10.08027651159297,-0.7102448709379852,0.5893614322190215,-1.2051091776803615,21.0,0.2415663112044377,0.9204375978365412,0.0908418445673368,0.0279675780175649,0.0628742665497718,0.06915657762521,0.1763706600019433,0.2393051398011243,-0.3212916218429677,0.6740329418468545,0.469270181033985,-0.5338742109360418,0.538590705315289,-1.6539348983513626,0.5861864764792789,0.3328518071108163,4,24.55611101054691,ok,0.5895721906681803,False,0.6893072022045257,False,0.6938197114213545,False,1.0,0.7054464477975972,False,1.0
OA,Ojos abiertos,ZONE_BAND,BAI_ZB_OCCIPITAL_DELTA_W1,BAI,ZB_OCCIPITAL_DELTA,occipital,delta,2,O1 | O2,EEG33 | EEG37,W1,25,8,17,19.59061393265616,13.595827501977174,0.5155881355729665,0.4280851435853228,1.20440557982177,21.0,0.2418322748687554,0.0667755398574317,0.5059317998190673,0.471803620093346,0.0341281797257213,0.0690758476526586,-0.2647358883074247,0.4019042555406566,-1.100541542384745,0.571069765769896,0.5172437451034764,0.2508522472655417,0.1474105136575298,-0.055704697795076,0.5574091923261595,0.1035670520740289,4,56.80784956130596,ok,0.5938739919768675,False,0.6893072022045257,False,0.6938197114213545,False,1.0,0.7054464477975972,False,1.0
DELTA_OC_MINUS_OA,Reactividad OC−OA,ZONE_BAND,MSPSS_ZB_FRONTAL_DELTA_W2,MSPSS,ZB_FRONTAL_DELTA,frontal,delta,6,Fp1 | Fp2 | F3 | F4 | F7 | F8,EEG1 | EEG5 | EEG9 | EEG13 | EEG41 | EEG45,W2,25,18,7,1.8117560741525915,7.041477936572528,-6.707978466556498,5.579443017628855,-1.202266686004663,21.0,0.2426421449595282,0.6255661891030475,0.0887094321006864,0.0259846433936967,0.0627247887069897,0.0688307230607922,-0.0307057720630551,0.3099454665957302,-0.6752726555061163,0.613861111380006,0.9220236401665404,-6.738684238619554,5.570827424602573,-18.32385407741171,4.846485600172601,0.2398596966840621,4,28.130354894268727,ok,0.7955436841346429,False,0.6893072022045257,False,0.6938197114213545,False,1.0,0.7054464477975972,False,1.0
DELTA_OC_MINUS_OA,Reactividad OC−OA,ZONE,MSPSS_Z_TEMPORAL_W3,MSPSS,Z_TEMPORAL,temporal,all_bands,8,T7 | T8,EEG49 | EEG50 | EEG51 | EEG52 | EEG53 | EEG54 | EEG55 | EEG56,W3,25,6,19,1.1910807030524235,5.008113868867217,4.2760821766589565,3.562330400688061,1.200360914257991,21.0,0.2433654675588103,0.8000973067480704,0.0761307497291127,0.0127416025416691,0.0633891471874436,0.0686126821180132,-0.2117737128437994,0.4714080670391597,-1.19212045557475,0.7685730298871513,0.6578630768558624,4.064308463815157,3.531001602661314,-3.278811354834936,11.40742828246525,0.2626553843022183,4,17.111188859066576,ok,0.9360210290723474,False,0.6805321731770124,False,0.6938197114213545,False,1.0,0.7054464477975972,False,1.0
DELTA_OC_MINUS_OA,Reactividad OC−OA,ZONE_BAND,MSPSS_ZB_OCCIPITAL_DELTA_W2,MSPSS,ZB_OCCIPITAL_DELTA,occipital,delta,2,O1 | O2,EEG33 | EEG37,W2,25,18,7,1.779324914617469,7.294047387420073,-6.26898950218929,5.225324415857337,-1.1997321129315404,21.0,0.2436044810351585,0.521257842528633,0.0888802074285748,0.0264313130769853,0.0624488943515895,0.06854081632377,-0.0376034775372028,0.299375095414176,-0.6601880707271933,0.5849811156527877,0.9012381067066856,-6.306592979726492,5.216741301157322,-17.155400413975947,4.542214454522965,0.2401317935077781,4,28.998401485993803,ok,0.7955436841346429,False,0.6893072022045257,False,0.6938197114213545,False,1.0,0.7054464477975972,False,1.0
OA,Ojos abiertos,ZONE_BAND,BAI_ZB_PARIETAL_DELTA_W1,BAI,ZB_PARIETAL_DELTA,parietal,delta,4,P3 | P4 | P7 | P8,EEG25 | EEG29 | EEG57 | EEG61,W1,25,8,17,19.997860311843755,13.767790509603852,0.49999819469179,0.4179608958272572,1.1962798426445107,21.0,0.2449198745068463,0.0789121622325615,0.5055313029537802,0.4718347808720565,0.0336965220817236,0.0681469267579823,-0.2532911617310406,0.3919811314660847,-1.068460549599931,0.5618782261378497,0.5251609095520599,0.2467070329607493,0.1450589639260225,-0.0549595967216601,0.5483736626431589,0.1037555657715728,4,56.37746418266965,ok,0.5938739919768675,False,0.6893072022045257,False,0.6938197114213545,False,1.0,0.7054464477975972,False,1.0
OA,Ojos abiertos,ZONE_BAND,BAI_ZB_TEMPORAL_DELTA_W1,BAI,ZB_TEMPORAL_DELTA,temporal,delta,2,T7 | T8,EEG49 | EEG53,W1,25,8,17,19.86197313976645,13.695071436076708,0.4998322610702302,0.4181637780075536,1.1953026238948925,21.0,0.2452931862208764,0.0832959607968091,0.5052938929189554,0.4716362481330131,0.0336576447859423,0.0680356363185717,-0.2517866968394452,0.3918394391225831,-1.066661419349098,0.5630880256702073,0.5274530440252613,0.2480455642307849,0.1460232830258604,-0.0556264768023828,0.5517176052639527,0.104149935545771,4,55.99703831702247,ok,0.5938739919768675,False,0.6893072022045257,False,0.6938197114213545,False,1.0,0.7054464477975972,False,1.0
OA,Ojos abiertos,ZONE_BAND,MSPSS_ZB_OCCIPITAL_BETA_W2,MSPSS,ZB_OCCIPITAL_BETA,occipital,beta,2,O1 | O2,EEG36 | EEG40,W2,25,18,7,8.856748059113755,10.51561976491168,-0.7048977411523704,0.5922885218659639,-1.1901256146778585,21.0,0.247278022268494,0.8079293726186838,0.0905459327482589,0.0292054655082039,0.061340467240055,0.0674475704148736,0.1732806290600684,0.2293880450844484,-0.3037579253125677,0.6503191834327046,0.4583962720737123,-0.531617112092302,0.5460648477117931,-1.6672211295128587,0.6039869053282548,0.3413654131609064,4,26.3251043749864,ok,0.5938739919768675,False,0.6893072022045257,False,0.6938197114213545,False,1.0,0.7054464477975972,False,1.0
OC,Ojos cerrados,ZONE_BAND,MSPSS_ZB_TEMPORAL_BETA_W2,MSPSS,ZB_TEMPORAL_BETA,temporal,beta,2,T7 | T8,EEG52 | EEG56,W2,25,18,7,10.185824845706325,10.10937608703711,-0.699672894566415,0.588553221638541,-1.1888014012029622,21.0,0.2477876505888752,0.9156135157136523,0.0893395874718026,0.0280543632212758,0.0612852242505267,0.0672975605477185,0.1751019677725381,0.2388080117973308,-0.321526479793082,0.6717304153381584,0.4715228379261902,-0.5245709267938768,0.5379271588259056,-1.6432516937432555,0.5941098401555017,0.3405757902317047,4,24.63542361140964,ok,0.5895721906681803,False,0.6893072022045257,False,0.6938197114213545,False,1.0,0.7054464477975972,False,1.0
OC,Ojos cerrados,ZONE_BAND,MSPSS_ZB_TEMPORAL_DELTA_W3,MSPSS,ZB_TEMPORAL_DELTA,temporal,delta,2,T7 | T8,EEG49 | EEG53,W3,25,6,19,21.68530626896891,12.654098636436837,0.6029388340834918,0.5087699750444655,1.1850912271912195,21.0,0.2492197231352562,0.7259965486858082,0.0787068219893928,0.0170924357073428,0.0616143862820499,0.0668781531793135,-0.4463746645418723,0.4730726236818597,-1.4301830423123154,0.5374337132285707,0.3561220355747682,0.1565641695416195,0.1872142628901648,-0.2327692034952546,0.5458975425784937,0.4124107644077379,4,52.18721594890923,ok,0.5895721906681803,False,0.6893072022045257,False,0.6938197114213545,False,1.0,0.7054464477975972,False,1.0
OA,Ojos abiertos,ZONE_BAND,MSPSS_ZB_FRONTAL_BETA_W2,MSPSS,ZB_FRONTAL_BETA,frontal,beta,6,Fp1 | Fp2 | F3 | F4 | F7 | F8,EEG4 | EEG8 | EEG12 | EEG16 | EEG44 | EEG48,W2,25,18,7,9.026447836441037,10.563593207509305,-0.695413537446747,0.5880883568062603,-1.182498393988514,21.0,0.2502241962435283,0.7762855622557744,0.0900562503005802,0.0294668895295554,0.0605893607710248,0.0665858310374011,0.174986280756965,0.2291914556462531,-0.3016434434982729,0.651616005012203,0.4536616818495647,-0.5204272566897821,0.5415895051326601,-1.6467242897228749,0.6058697763433105,0.3475241036568749,4,26.61613624890934,ok,0.5938739919768675,False,0.6893072022045257,False,0.6938197114213545,False,1.0,0.7054464477975972,False,1.0
OA,Ojos abiertos,ZONE_BAND,BAI_ZB_CENTRAL_DELTA_W1,BAI,ZB_CENTRAL_DELTA,central,delta,2,C3 | C4,EEG17 | EEG21,W1,25,8,17,19.82149507444428,13.718131930474714,0.506450671493237,0.4297983655273827,1.1783448056434516,21.0,0.2518396268333548,0.0834627023646397,0.5046303973403183,0.4718771140031342,0.032753283337184,0.066118880046997,-0.2605896739037263,0.4043774661849594,-1.101538651077867,0.5803593032704144,0.5262791271796528,0.2458609975895107,0.1456210831296129,-0.0569746229710727,0.5486966181500941,0.1061381926367756,4,57.20917330006916,ok,0.5938739919768675,False,0.6893072022045257,False,0.6938197114213545,False,1.0,0.7054464477975972,False,1.0
OA,Ojos abiertos,ZONE_BAND,MSPSS_ZB_TEMPORAL_BETA_W2,MSPSS,ZB_TEMPORAL_BETA,temporal,beta,2,T7 | T8,EEG52 | EEG56,W2,25,18,7,9.10263697564856,10.55684675404469,-0.682884104278203,0.5797792124668224,-1.1778347508747231,21.0,0.2520385360500032,0.7790006648647335,0.0891157797001547,0.0289412629634449,0.0601745167367098,0.066061652398481,0.1726772597879481,0.2298908971416405,-0.3054070326846744,0.6507615522605708,0.4609112704679828,-0.5102068444902549,0.5322538028234842,-1.6170892217509292,0.5966755327704193,0.3486783787346172,4,26.467316559331174,ok,0.5938739919768675,False,0.6893072022045257,False,0.6938197114213545,False,1.0,0.7054464477975972,False,1.0
DELTA_OC_MINUS_OA,Reactividad OC−OA,ZONE_BAND,BAI_ZB_PARIETAL_BETA_W4,BAI,ZB_PARIETAL_BETA,parietal,beta,4,P3 | P4 | P7 | P8,EEG28 | EEG32 | EEG60 | EEG64,W4,25,17,8,1.1117021144314434,5.207201183666695,8.148510266040727,6.933571316481218,1.175225564734811,21.0,0.2530578944229084,0.0854522964251263,0.1476865192736877,0.0916304652463541,0.0560560540273336,0.0657692918098216,-8.374366885705106,6.917031351087225,-22.759121047841504,6.010387276431294,0.239465298475561,-0.2258566196643787,0.4786318928022706,-1.2212261304641951,0.7695128911354377,0.6418789518096666,4,45.59682772594008,ok,0.7955436841346429,False,0.6893072022045257,False,0.6938197114213545,False,1.0,0.7054464477975972,False,1.0
OA,Ojos abiertos,ZONE,MSPSS_Z_OCCIPITAL_W5,MSPSS,Z_OCCIPITAL,occipital,all_bands,8,O1 | O2,EEG33 | EEG34 | EEG35 | EEG36 | EEG37 | EEG38 | EEG39 | EEG40,W5,25,11,14,15.637370530471465,10.152310142795791,0.4828657113809862,0.4113899353989529,1.1737421600086504,21.0,0.2536388036781564,0.1397720221092819,0.2874598512205996,0.2407148199944152,0.0467450312261843,0.0656033646753236,-0.2883143153984189,0.3411561148959584,-0.997787295149561,0.4211586643527232,0.4075755684665015,0.1945513959825673,0.2299003788962738,-0.283552614878263,0.6726554068433976,0.4069577707687615,4,29.65264668215035,ok,0.5278926914685387,False,0.6805321731770124,False,0.6938197114213545,False,1.0,0.7054464477975972,False,1.0
OC,Ojos cerrados,ZONE_BAND,MSPSS_ZB_PARIETAL_DELTA_W3,MSPSS,ZB_PARIETAL_DELTA,parietal,delta,4,P3 | P4 | P7 | P8,EEG25 | EEG29 | EEG57 | EEG61,W3,25,6,19,21.80139740724204,12.686983185554586,0.5991673857318731,0.5111953326761813,1.1720908768770353,21.0,0.2542866255860242,0.7320144321760719,0.07742140817501,0.0170673261016716,0.0603540820733384,0.0654189058884941,-0.4445418590410461,0.4758599913757549,-1.4341468852580603,0.545063167175968,0.3608261039280317,0.154625526690827,0.1867563566730129,-0.2337555782372711,0.5430066316189253,0.4170074731577077,4,52.52851137874191,ok,0.5895721906681803,False,0.6893072022045257,False,0.6938197114213545,False,1.0,0.7054464477975972,False,1.0
OA,Ojos abiertos,ZONE_BAND,MSPSS_ZB_PARIETAL_BETA_W2,MSPSS,ZB_PARIETAL_BETA,parietal,beta,4,P3 | P4 | P7 | P8,EEG28 | EEG32 | EEG60 | EEG64,W2,25,18,7,9.083099232142752,10.579108492458875,-0.687495909116965,0.5869257862477774,-1.1713506634495197,21.0,0.2545774223937017,0.8200989419097774,0.0882510212905655,0.0286807131600953,0.0595703081304701,0.0653363036554106,0.1674887670538746,0.2287269101535208,-0.3081748819631713,0.6431524160709206,0.4721009721178675,-0.5200071420630904,0.5405237082073231,-1.644087729054584,0.6040734449284032,0.3469755531874378,4,26.53309114912396,ok,0.5938739919768675,False,0.6893072022045257,False,0.6938197114213545,False,1.0,0.7054464477975972,False,1.0
DELTA_OC_MINUS_OA,Reactividad OC−OA,ZONE_BAND,MSPSS_ZB_PARIETAL_ALPHA_W1,MSPSS,ZB_PARIETAL_ALPHA,parietal,alpha,4,P3 | P4 | P7 | P8,EEG27 | EEG31 | EEG59 | EEG63,W1,25,8,17,0.5676850949825529,2.179428933916049,-5.017232892444983,4.283844282250987,-1.171198708886923,21.0,0.2546371492414847,0.5031445710743022,0.1885832799933738,0.1355820647248956,0.0530012152684782,0.0653193531284953,5.149437263419324,4.1727816122856,-3.528337148514897,13.827211675353546,0.2308156703190499,0.1322043709743416,0.9691312866406032,-1.8832144700822055,2.147623212030889,0.8927922632589231,4,9.75586698926076,ok,0.7955436841346429,False,0.6893072022045257,False,0.6938197114213545,False,1.0,0.7054464477975972,False,1.0
DELTA_OC_MINUS_OA,Reactividad OC−OA,ZONE_BAND,MSPSS_ZB_FRONTAL_THETA_W3,MSPSS,ZB_FRONTAL_THETA,frontal,theta,6,Fp1 | Fp2 | F3 | F4 | F7 | F8,EEG2 | EEG6 | EEG10 | EEG14 | EEG42 | EEG46,W3,25,6,19,1.2536853114876576,6.036632114049067,2.764136380672618,2.36216196585371,1.170172249248637,21.0,0.2550408805273322,0.7883034466526954,0.0724720722020969,0.0119926979023088,0.0604793742997881,0.0652049091862663,-0.1767037464513265,0.3910316426637616,-0.989898564261492,0.636491071358839,0.655980202467635,2.587432634221292,2.3295715072436693,-2.257176524525771,7.432041792968354,0.2792576106923655,4,19.55342432950517,ok,0.7955436841346429,False,0.6893072022045257,False,0.6938197114213545,False,1.0,0.7054464477975972,False,1.0
OC,Ojos cerrados,ZONE_BAND,MSPSS_ZB_FRONTAL_DELTA_W3,MSPSS,ZB_FRONTAL_DELTA,frontal,delta,6,Fp1 | Fp2 | F3 | F4 | F7 | F8,EEG1 | EEG5 | EEG9 | EEG13 | EEG41 | EEG45,W3,25,6,19,21.776643637751437,12.622114375615476,0.6059935414927857,0.5181788669736399,1.169467880911502,21.0,0.2553182016288805,0.6926592678705319,0.0777255816536576,0.0176611371569179,0.0600644444967396,0.0651264344992203,-0.449222733549115,0.4831797724281431,-1.454050077783051,0.5556046106848209,0.363080038160694,0.1567708079436706,0.18720749369182,-0.2325484877746081,0.5460901036619494,0.4117874856063162,4,52.17860056028918,ok,0.5895721906681803,False,0.6893072022045257,False,0.6938197114213545,False,1.0,0.7054464477975972,False,1.0
OA,Ojos abiertos,ZONE_BAND,MSPSS_ZB_CENTRAL_BETA_W2,MSPSS,ZB_CENTRAL_BETA,central,beta,2,C3 | C4,EEG20 | EEG24,W2,25,18,7,8.89451872745027,10.61090014694074,-0.6818955619998531,0.584240560753697,-1.1671486161799118,21.0,0.256232922202957,0.694532318322177,0.0880501644974234,0.0288934598377228,0.0591567046597005,0.0648683758214608,0.1686315845703349,0.2282021871424139,-0.3059408432081658,0.6432040123488357,0.4681128684973519,-0.5132639774295182,0.5378297078195038,-1.631742083916801,0.6052141290577646,0.3507765763219205,4,26.6228028990875,ok,0.5938739919768675,False,0.6893072022045257,False,0.6938197114213545,False,1.0,0.7054464477975972,False,1.0
OC,Ojos cerrados,ZONE_BAND,MSPSS_ZB_OCCIPITAL_DELTA_W3,MSPSS,ZB_OCCIPITAL_DELTA,occipital,delta,2,O1 | O2,EEG33 | EEG37,W3,25,6,19,21.36993884727363,12.45982274524686,0.6129048959548534,0.5255644458884088,1.1661840916936557,21.0,0.2566140497372863,0.7030067126611937,0.0772123119729381,0.017451467987262,0.059760843985676,0.0647612064628277,-0.4551740430236922,0.4900898979652786,-1.4743717799934617,0.5640236939460772,0.3635687191475311,0.1577308529311612,0.189815380552717,-0.2370118404085222,0.5524735462708448,0.4153391269480999,4,51.66542443745816,ok,0.5895721906681803,False,0.6893072022045257,False,0.6938197114213545,False,1.0,0.7054464477975972,False,1.0
OA,Ojos abiertos,ZONE_BAND,BAI_ZB_FRONTAL_DELTA_W1,BAI,ZB_FRONTAL_DELTA,frontal,delta,6,Fp1 | Fp2 | F3 | F4 | F7 | F8,EEG1 | EEG5 | EEG9 | EEG13 | EEG41 | EEG45,W1,25,8,17,19.964887563598847,13.704489015715016,0.4944086692180038,0.4249745105740447,1.1633842899193394,21.0,0.2577227700167879,0.1037281875361567,0.5024668913990903,0.4704005744101852,0.032066316988905,0.0644506193348163,-0.2522032136857173,0.3991961182545778,-1.0823769879694851,0.5779705605980506,0.5343499753567258,0.2422054555322865,0.1457593695380367,-0.0609177473577925,0.5453286584223657,0.1114338524778855,4,56.11681028487555,ok,0.5938739919768675,False,0.6893072022045257,False,0.6938197114213545,False,1.0,0.7054464477975972,False,1.0
OA,Ojos abiertos,ZONE,MSPSS_Z_CENTRAL_W5,MSPSS,Z_CENTRAL,central,all_bands,8,C3 | C4,EEG17 | EEG18 | EEG19 | EEG20 | EEG21 | EEG22 | EEG23 | EEG24,W5,25,11,14,15.776173399279394,10.247690911917816,0.4727026338300402,0.4078602804315121,1.158981780059401,21.0,0.2594733635148599,0.1426070964697931,0.2861322306048615,0.2404705705089894,0.045661660095872,0.0639637507861732,-0.2848671821260021,0.3382560601638634,-0.9883091679058114,0.418574803653807,0.4091850198686961,0.1878354517040381,0.2278877928193885,-0.2860831572875953,0.6617540606956716,0.4190639303282383,4,29.921063928589625,ok,0.5278926914685387,False,0.6805321731770124,False,0.6938197114213545,False,1.0,0.7054464477975972,False,1.0
DELTA_OC_MINUS_OA,Reactividad OC−OA,ZONE_BAND,MSPSS_ZB_CENTRAL_ALPHA_W1,MSPSS,ZB_CENTRAL_ALPHA,central,alpha,2,C3 | C4,EEG19 | EEG23,W1,25,8,17,0.5205211077237656,2.131580235005688,-5.912011299417509,5.1137110622151365,-1.1561097659781678,21.0,0.2606201290298934,0.4683351316559925,0.1876220126703135,0.1359164829422212,0.0517055297280922,0.0636471329042901,6.100771190777738,5.018156127982576,-4.335055767979872,16.53659814953535,0.2375747888091982,0.1887598913602293,0.9839460874521292,-1.857468014570851,2.2349877972913097,0.8497106618116756,4,11.085285836382557,ok,0.7955436841346429,False,0.6893072022045257,False,0.6938197114213545,False,1.0,0.7054464477975972,False,1.0
DELTA_OC_MINUS_OA,Reactividad OC−OA,ZONE_BAND,MSPSS_ZB_TEMPORAL_THETA_W3,MSPSS,ZB_TEMPORAL_THETA,temporal,theta,2,T7 | T8,EEG50 | EEG54,W3,25,6,19,1.3332193150444869,5.9651941571679385,2.9081640045318595,2.516467766005629,1.155653191277696,21.0,0.2608027805348543,0.7367300925646646,0.0711003103625445,0.0120251962965254,0.059075114066019,0.0635968713576336,-0.1780335380282363,0.401116534601839,-1.0122010367354102,0.6561339606789375,0.6616943301302002,2.7301304665036232,2.48429377148001,-2.4362412550369488,7.896502188044195,0.2842270775077857,4,19.839221718183616,ok,0.7955436841346429,False,0.6893072022045257,False,0.6938197114213545,False,1.0,0.7054464477975972,False,1.0
OA,Ojos abiertos,ZONE,MSPSS_Z_TEMPORAL_W5,MSPSS,Z_TEMPORAL,temporal,all_bands,8,T7 | T8,EEG49 | EEG50 | EEG51 | EEG52 | EEG53 | EEG54 | EEG55 | EEG56,W5,25,11,14,15.895680675076449,10.234354561487304,0.4694531450205396,0.4073167860914494,1.1525504497993844,21.0,0.2620465400431117,0.1494204167659681,0.2857152085724742,0.2405325275155503,0.0451826810569239,0.0632558352063251,-0.2802162735780942,0.3369863044600074,-0.9810176578167424,0.4205851106605541,0.4150264224313288,0.1892368714424454,0.22879509356246,-0.2865685727358111,0.665042315620702,0.4174790291698408,4,29.833561140347648,ok,0.5278926914685387,False,0.6805321731770124,False,0.6938197114213545,False,1.0,0.7054464477975972,False,1.0
DELTA_OC_MINUS_OA,Reactividad OC−OA,ZONE_BAND,BAI_ZB_PARIETAL_ALPHA_W4,BAI,ZB_PARIETAL_ALPHA,parietal,alpha,4,P3 | P4 | P7 | P8,EEG27 | EEG31 | EEG59 | EEG63,W4,25,17,8,0.5676850949825529,2.179428933916049,7.494793567097497,6.509576989062282,1.1513487865172538,21.0,0.2625294157644322,0.148956639235164,0.1534722367574825,0.1000360170932013,0.0534362196642812,0.0631240013435597,-8.0812585379518,6.403365004038457,-21.397785053194887,5.235267977291288,0.2207740344327318,-0.5864649708543039,1.1711145125839442,-3.0219309249853823,1.8490009832767744,0.6217376635410099,4,13.32328877971138,ok,0.7955436841346429,False,0.6893072022045257,False,0.6938197114213545,False,1.0,0.7054464477975972,False,1.0
OA,Ojos abiertos,ZONE,MSPSS_Z_PARIETAL_W5,MSPSS,Z_PARIETAL,parietal,all_bands,16,P3 | P4 | P7 | P8,EEG25 | EEG26 | EEG27 | EEG28 | EEG29 | EEG30 | EEG31 | EEG32 | EEG57 | EEG58 | EEG59 | EEG60 | EEG61 | EEG62 | EEG63 | EEG64,W5,25,11,14,15.937098952027949,10.265794847352648,0.4694003772784659,0.4080121644698434,1.1504568200518928,21.0,0.262888269052808,0.1462047637522015,0.2853762774604843,0.2403362361549949,0.0450400413054894,0.0630262330859005,-0.2852990116651814,0.3388237438505818,-0.9899215602993164,0.4193235369689534,0.4092597143033578,0.1841013656132845,0.2273156328949727,-0.2886273716781354,0.6568301029047046,0.4270840909268482,4,30.00027200968551,ok,0.5278926914685387,False,0.6805321731770124,False,0.6938197114213545,False,1.0,0.7054464477975972,False,1.0
OA,Ojos abiertos,ZONE,MSPSS_Z_FRONTAL_W5,MSPSS,Z_FRONTAL,frontal,all_bands,24,Fp1 | Fp2 | F3 | F4 | F7 | F8,EEG1 | EEG2 | EEG3 | EEG4 | EEG5 | EEG6 | EEG7 | EEG8 | EEG9 | EEG10 | EEG11 | EEG12 | EEG13 | EEG14 | EEG15 | EEG16 | EEG41 | EEG42 | EEG43 | EEG44 | EEG45 | EEG46 | EEG47 | EEG48,W5,25,11,14,15.913111369721689,10.223866031962654,0.4703874801288874,0.4098051279489007,1.1478320988397706,21.0,0.2639463457342693,0.1502939181210854,0.2858527135169845,0.2410478429913282,0.0448048705256562,0.0627389774822338,-0.2775859567181178,0.3405737010256414,-0.9858477405211872,0.4306758270849515,0.4241891468994792,0.1928015234107695,0.2279249812173123,-0.2811944230880495,0.6667974699095887,0.407144882049339,4,29.879993469982065,ok,0.5278926914685387,False,0.6805321731770124,False,0.6938197114213545,False,1.0,0.7054464477975972,False,1.0
OC,Ojos cerrados,ZONE_BAND,MSPSS_ZB_CENTRAL_DELTA_W3,MSPSS,ZB_CENTRAL_DELTA,central,delta,2,C3 | C4,EEG17 | EEG21,W3,25,6,19,21.65626321179784,12.53783633299731,0.6016094928608665,0.5252392062954613,1.1454009633135511,21.0,0.2649291915800453,0.7902136387804415,0.0759683000800388,0.0182408115378657,0.0577274885421731,0.0624734936552213,-0.4433601172630388,0.4902539483152042,-1.4628990156117458,0.5761787810856682,0.3760692323035698,0.1582493755978276,0.1884868430189187,-0.2337304726933284,0.5502292238889837,0.4106017288426297,4,51.93672334353006,ok,0.5895721906681803,False,0.6893072022045257,False,0.6938197114213545,False,1.0,0.7054464477975972,False,1.0
OC,Ojos cerrados,ZONE_BAND,BAI_ZB_CENTRAL_DELTA_W2,BAI,ZB_CENTRAL_DELTA,central,delta,2,C3 | C4,EEG17 | EEG21,W2,25,18,7,21.65626321179784,12.53783633299731,0.6773859035841326,0.5936026634291688,1.1411436391995926,21.0,0.2666568296351283,0.8204470997647949,0.0773378360722908,0.0201236077784533,0.0572142282938374,0.0620099431088411,-0.1370278743437747,0.2133026782364046,-0.5806150771216954,0.3065593284341458,0.5275585226055788,0.5403580292403579,0.553954952579522,-0.6116543594994811,1.692370417980197,0.3404382941975963,4,30.34038469647118,ok,0.5895721906681803,False,0.6893072022045257,False,0.6938197114213545,False,1.0,0.7054464477975972,False,1.0
OC,Ojos cerrados,ZONE,BAI_Z_FRONTAL_W3,BAI,Z_FRONTAL,frontal,all_bands,24,Fp1 | Fp2 | F3 | F4 | F7 | F8,EEG1 | EEG2 | EEG3 | EEG4 | EEG5 | EEG6 | EEG7 | EEG8 | EEG9 | EEG10 | EEG11 | EEG12 | EEG13 | EEG14 | EEG15 | EEG16 | EEG41 | EEG42 | EEG43 | EEG44 | EEG45 | EEG46 | EEG47 | EEG48,W3,25,6,19,17.06317338912346,9.61764436161885,-0.8441863473404548,0.7429126845101847,-1.1363197384320365,21.0,0.2686244168945408,0.7664792121535249,0.0640706396624309,0.0065233495025962,0.0575472901598347,0.0614867879976312,0.6889453086967268,0.68760478203069,-0.7410071157152545,2.118897733108708,0.3277741326962834,-0.155241038643728,0.2812808570355536,-0.7401966031917326,0.4297145259042765,0.5868376788274146,4,39.50143741763518,ok,0.521732734045224,False,0.6805321731770124,False,0.6938197114213545,False,1.0,0.7054464477975972,False,1.0
OC,Ojos cerrados,ZONE_BAND,BAI_ZB_OCCIPITAL_DELTA_W2,BAI,ZB_OCCIPITAL_DELTA,occipital,delta,2,O1 | O2,EEG33 | EEG37,W2,25,18,7,21.36993884727363,12.45982274524686,0.6815952972712023,0.6006485835605048,1.1347655116921516,21.0,0.2692606321619252,0.7385151647565764,0.077980873308484,0.0214438561637578,0.0565370171447261,0.0613187031679029,-0.1471888215605445,0.2139847402353158,-0.5921944499143634,0.2978168067932744,0.499076815998736,0.5344064757106577,0.5612390327477808,-0.6327539869931986,1.701566938414514,0.3518323280237299,4,30.010309500750605,ok,0.5895721906681803,False,0.6893072022045257,False,0.6938197114213545,False,1.0,0.7054464477975972,False,1.0
DELTA_OC_MINUS_OA,Reactividad OC−OA,ZONE,MSPSS_Z_FRONTAL_W3,MSPSS,Z_FRONTAL,frontal,all_bands,24,Fp1 | Fp2 | F3 | F4 | F7 | F8,EEG1 | EEG2 | EEG3 | EEG4 | EEG5 | EEG6 | EEG7 | EEG8 | EEG9 | EEG10 | EEG11 | EEG12 | EEG13 | EEG14 | EEG15 | EEG16 | EEG41 | EEG42 | EEG43 | EEG44 | EEG45 | EEG46 | EEG47 | EEG48,W3,25,6,19,1.150062019401767,5.0902557666269415,3.972573493468059,3.505807178709947,1.133140897649103,21.0,0.2699268451495289,0.7483141765227806,0.0699303986207862,0.0130629185208602,0.0568674800999259,0.0611432520916674,-0.2080893129052745,0.4616709324835484,-1.1681865758063996,0.7520079499958507,0.656802924443131,3.764484180562785,3.475276093261363,-3.4627480972346683,10.99171645836024,0.2909924674794748,4,17.11309699199481,ok,0.9640244469626033,False,0.6805321731770124,False,0.6938197114213545,False,1.0,0.7054464477975972,False,1.0
OC,Ojos cerrados,ZONE,MSPSS_Z_CENTRAL_W5,MSPSS,Z_CENTRAL,central,all_bands,8,C3 | C4,EEG17 | EEG18 | EEG19 | EEG20 | EEG21 | EEG22 | EEG23 | EEG24,W5,25,11,14,16.991450626930785,9.578137091582258,0.4732457155278334,0.4203229289963068,1.125909825233426,21.0,0.2729068352693535,0.217287686349924,0.2876683037440527,0.2446681317549642,0.0430001719890884,0.0603653778360553,-0.2248909116033757,0.3387534015101398,-0.9293671753324568,0.4795853521257054,0.513991792041572,0.2483548039244577,0.2488322680147096,-0.269120225653921,0.7658298335028365,0.3296024726157447,4,27.22963399270137,ok,0.521732734045224,False,0.6805321731770124,False,0.6938197114213545,False,1.0,0.7054464477975972,False,1.0
DELTA_OC_MINUS_OA,Reactividad OC−OA,ZONE_BAND,MSPSS_ZB_FRONTAL_BETA_W2,MSPSS,ZB_FRONTAL_BETA,frontal,beta,6,Fp1 | Fp2 | F3 | F4 | F7 | F8,EEG4 | EEG8 | EEG12 | EEG16 | EEG44 | EEG48,W2,25,18,7,1.0647398055169004,5.192934095347053,-16.52290649972475,14.78173930025924,-1.117791767538139,21.0,0.2762810385230301,0.4808837244348483,0.0800232766845862,0.02528648251887,0.0547367941657161,0.0594980207417157,-0.0315728246973662,0.4221943180364937,-0.9095739736514198,0.8464283242566871,0.9410954258947256,-16.55447932442212,14.775708737608705,-47.28224778081692,14.173289131972684,0.2751999686115792,4,45.94226030063664,ok,0.8247195179791943,False,0.6893072022045257,False,0.6938197114213545,False,1.0,0.7054464477975972,False,1.0
OC,Ojos cerrados,ZONE,BAI_Z_CENTRAL_W3,BAI,Z_CENTRAL,central,all_bands,8,C3 | C4,EEG17 | EEG18 | EEG19 | EEG20 | EEG21 | EEG22 | EEG23 | EEG24,W3,25,6,19,16.991450626930785,9.578137091582258,-0.8313682148901076,0.7440044337960057,-1.117423737179039,21.0,0.2764347273016441,0.834755974061431,0.0621127925018416,0.0063470995717005,0.0557656929301411,0.0594588480195798,0.6807592779013893,0.6880186972474819,-0.7500539303259757,2.1115724861287544,0.3337079643955439,-0.1506089369887182,0.2831481409898237,-0.7394477311000606,0.4382298571226241,0.6003718650945701,4,39.3919733435256,ok,0.521732734045224,False,0.6805321731770124,False,0.6938197114213545,False,1.0,0.7054464477975972,False,1.0
OC,Ojos cerrados,ZONE_BAND,BAI_ZB_FRONTAL_DELTA_W2,BAI,ZB_FRONTAL_DELTA,frontal,delta,6,Fp1 | Fp2 | F3 | F4 | F7 | F8,EEG1 | EEG5 | EEG9 | EEG13 | EEG41 | EEG45,W2,25,18,7,21.776643637751437,12.622114375615476,0.6512153967150713,0.5831305355203465,1.1167574960449815,21.0,0.2767131073464869,0.8006702356077344,0.0747181118604356,0.0197675017112323,0.0549506101492033,0.0593879669034598,-0.1329897676755602,0.2131392615131315,-0.5762371267733021,0.3102575914221814,0.539375264072692,0.5182256290395111,0.5427825316440121,-0.6105524384437164,1.6470036965227386,0.3505625809442764,4,30.72409085727844,ok,0.5895721906681803,False,0.6893072022045257,False,0.6938197114213545,False,1.0,0.7054464477975972,False,1.0
OC,Ojos cerrados,ZONE,MSPSS_Z_OCCIPITAL_W5,MSPSS,Z_OCCIPITAL,occipital,all_bands,8,O1 | O2,EEG33 | EEG34 | EEG35 | EEG36 | EEG37 | EEG38 | EEG39 | EEG40,W5,25,11,14,16.84359824516788,9.511652327593085,0.4725348537655326,0.4237070321517223,1.1152395827981585,21.0,0.2773481125829891,0.2265822238960333,0.2869276820377195,0.2446948084034591,0.0422328736342604,0.0592266346209423,-0.2240777903567153,0.3417112111883169,-0.9347051560426032,0.4865495753291724,0.5191041670307698,0.2484570634088173,0.2505216502481051,-0.2725312288511675,0.7694453556688022,0.3326058719675396,4,27.04980013034814,ok,0.521732734045224,False,0.6805321731770124,False,0.6938197114213545,False,1.0,0.7054464477975972,False,1.0
OC,Ojos cerrados,ZONE_BAND,BAI_ZB_TEMPORAL_DELTA_W2,BAI,ZB_TEMPORAL_DELTA,temporal,delta,2,T7 | T8,EEG49 | EEG53,W2,25,18,7,21.68530626896891,12.654098636436837,0.6446926251131615,0.5780933504313377,1.1152050523192,21.0,0.2773625704721434,0.7666087202396374,0.0752007001401695,0.0204313416472781,0.0547693584928914,0.0592229670818227,-0.1385872034540552,0.2121343922068706,-0.579744822430355,0.3025704155222445,0.5206528730410626,0.5061054216591063,0.5377647454565526,-0.6122375881987969,1.6244484315170096,0.3573403006572142,4,30.53416428838548,ok,0.5895721906681803,False,0.6893072022045257,False,0.6938197114213545,False,1.0,0.7054464477975972,False,1.0
OC,Ojos cerrados,ZONE,BAI_Z_TEMPORAL_W3,BAI,Z_TEMPORAL,temporal,all_bands,8,T7 | T8,EEG49 | EEG50 | EEG51 | EEG52 | EEG53 | EEG54 | EEG55 | EEG56,W3,25,6,19,17.08676137812887,9.647145283650715,-0.8104274224960784,0.7329306838850814,-1.1057354267121229,21.0,0.2813482988468231,0.7908345385507259,0.061104789439137,0.0064409317189446,0.0546638577201923,0.0582214682802972,0.6582717561781585,0.6765536497207604,-0.7486985804821759,2.065242092838493,0.3416392061255163,-0.1521556663179198,0.2818910187107277,-0.7383801315331386,0.4340687988972989,0.5950352198031394,4,39.64761962617611,ok,0.521732734045224,False,0.6805321731770124,False,0.6938197114213545,False,1.0,0.7054464477975972,False,1.0
OC,Ojos cerrados,ZONE_BAND,BAI_ZB_PARIETAL_DELTA_W2,BAI,ZB_PARIETAL_DELTA,parietal,delta,4,P3 | P4 | P7 | P8,EEG25 | EEG29 | EEG57 | EEG61,W2,25,18,7,21.80139740724204,12.686983185554586,0.6414437708035515,0.5811354427615831,1.1037767164146457,21.0,0.282177892125687,0.7706654716009351,0.0738999185775298,0.0201718678030426,0.0537280507744871,0.0580153828428154,-0.1345459834415931,0.211693665129451,-0.5747870602859448,0.3056950934027584,0.5319227934686082,0.5068977873619583,0.5412062407047434,-0.6186022036606472,1.632397778384564,0.3596077016581323,4,30.719449880042163,ok,0.5895721906681803,False,0.6893072022045257,False,0.6938197114213545,False,1.0,0.7054464477975972,False,1.0
OC,Ojos cerrados,ZONE,BAI_Z_PARIETAL_W3,BAI,Z_PARIETAL,parietal,all_bands,16,P3 | P4 | P7 | P8,EEG25 | EEG26 | EEG27 | EEG28 | EEG29 | EEG30 | EEG31 | EEG32 | EEG57 | EEG58 | EEG59 | EEG60 | EEG61 | EEG62 | EEG63 | EEG64,W3,25,6,19,17.145720979247024,9.642280433611608,-0.8094441982959352,0.7340953973835416,-1.1026417018563954,21.0,0.2826594303664506,0.8015825789241899,0.060687252320985,0.0063046796984446,0.0543825726225404,0.0578961296510842,0.6610207559272395,0.6777419209945981,-0.7484207261254597,2.070462237979939,0.3404996522323141,-0.1484234423686956,0.2820672632303372,-0.7350144281269516,0.4381675433895603,0.6042636130047422,4,39.6460603990835,ok,0.521732734045224,False,0.6805321731770124,False,0.6938197114213545,False,1.0,0.7054464477975972,False,1.0
OC,Ojos cerrados,ZONE_BAND,BAI_ZB_OCCIPITAL_THETA_W3,BAI,ZB_OCCIPITAL_THETA,occipital,theta,2,O1 | O2,EEG34 | EEG38,W3,25,6,19,17.048187388373652,11.252490706558492,-0.6689775718212195,0.6090739633229019,-1.0983519442720944,21.0,0.2844847866321073,0.3859414283099909,0.0608147666199339,0.0068618400403273,0.0539529265796066,0.0574465234993458,0.5274142319278469,0.5585017755360779,-0.6340537927819717,1.6888822566376651,0.3557362564305311,-0.1415633398933726,0.242995595682135,-0.6469003448817903,0.3637736650950449,0.5663823566764017,4,45.64735063688481,ok,0.5895721906681803,False,0.6893072022045257,False,0.6938197114213545,False,1.0,0.7054464477975972,False,1.0
OC,Ojos cerrados,ZONE,MSPSS_Z_TEMPORAL_W5,MSPSS,Z_TEMPORAL,temporal,all_bands,8,T7 | T8,EEG49 | EEG50 | EEG51 | EEG52 | EEG53 | EEG54 | EEG55 | EEG56,W5,25,11,14,17.08676137812887,9.647145283650715,0.4577366737191954,0.4173883214794677,1.096668618078986,21.0,0.2852033998419291,0.2359715036796717,0.2854272009224574,0.2445032064224992,0.0409239944999582,0.0572705741847267,-0.215675370425851,0.3358652066082408,-0.9141453040506712,0.4827945631989691,0.5277252230581376,0.2420613032933444,0.2478055162772843,-0.2732784791567864,0.7574010857434752,0.3397777973159377,4,27.3982245898189,ok,0.521732734045224,False,0.6805321731770124,False,0.6938197114213545,False,1.0,0.7054464477975972,False,1.0
OC,Ojos cerrados,ZONE_BAND,BAI_ZB_FRONTAL_THETA_W3,BAI,ZB_FRONTAL_THETA,frontal,theta,6,Fp1 | Fp2 | F3 | F4 | F7 | F8,EEG2 | EEG6 | EEG10 | EEG14 | EEG42 | EEG46,W3,25,6,19,17.247263672443356,11.36328711756634,-0.6539475047556692,0.5984977428765815,-1.0926482389266456,21.0,0.286925027500277,0.291174225999181,0.0601016005320831,0.0066670260212838,0.0534345745107992,0.0568514368585465,0.5165821330952814,0.5479169128108698,-0.6228734645466524,1.6560377307372152,0.3564985375534784,-0.1373653716603877,0.2408040798744257,-0.6381448700341534,0.3634141267133779,0.5744297933296194,4,45.80525313234718,ok,0.5895721906681803,False,0.6893072022045257,False,0.6938197114213545,False,1.0,0.7054464477975972,False,1.0
OA,Ojos abiertos,ZONE_BAND,MSPSS_ZB_OCCIPITAL_THETA_W5,MSPSS,ZB_OCCIPITAL_THETA,occipital,theta,2,O1 | O2,EEG34 | EEG38,W5,25,11,14,15.67752268185539,12.02055724560404,0.3812730373734164,0.349431569644851,1.0911236147350043,21.0,0.2875798743782973,0.1397770019484939,0.2797605694753131,0.2389281128617761,0.0408324566135369,0.056692892506303,-0.2617543202804043,0.289282857810191,-0.8633509564248663,0.3398423158640575,0.3758150957504756,0.119518717093012,0.1960047194371434,-0.2880954110804359,0.5271328452664601,0.5485529250901463,4,35.17742566876709,ok,0.5938739919768675,False,0.6893072022045257,False,0.6938197114213545,False,1.0,0.7054464477975972,False,1.0
OC,Ojos cerrados,ZONE,MSPSS_Z_PARIETAL_W5,MSPSS,Z_PARIETAL,parietal,all_bands,16,P3 | P4 | P7 | P8,EEG25 | EEG26 | EEG27 | EEG28 | EEG29 | EEG30 | EEG31 | EEG32 | EEG57 | EEG58 | EEG59 | EEG60 | EEG61 | EEG62 | EEG63 | EEG64,W5,25,11,14,17.145720979247024,9.642280433611608,0.4562885421389099,0.41820093993985,1.0910748842519054,21.0,0.2876008226091889,0.2394696351733055,0.284863139612868,0.2443235837624273,0.0405395558504406,0.0566878287164431,-0.2167794113650335,0.3369556946982151,-0.9175171391192748,0.4839583163892078,0.5269626498759579,0.2395091307738763,0.2476951472617447,-0.2756011267435093,0.7546193882912621,0.3445733227681444,4,27.40345525369182,ok,0.521732734045224,False,0.6805321731770124,False,0.6938197114213545,False,1.0,0.7054464477975972,False,1.0
OC,Ojos cerrados,ZONE,BAI_Z_OCCIPITAL_W3,BAI,Z_OCCIPITAL,occipital,all_bands,8,O1 | O2,EEG33 | EEG34 | EEG35 | EEG36 | EEG37 | EEG38 | EEG39 | EEG40,W3,25,6,19,16.84359824516788,9.511652327593085,-0.8235104274765366,0.7550282734180406,-1.0907014432035436,21.0,0.2877613938809065,0.6882635370317205,0.0598531975806629,0.0065947927986189,0.053258404782044,0.0566490303907761,0.6697116843691007,0.6990520244647037,-0.7840465838926096,2.1234699526308107,0.3489490497550973,-0.1537987431074359,0.285296268381532,-0.7471048126828137,0.4395073264679419,0.5954983432811489,4,39.27260155172485,ok,0.521732734045224,False,0.6805321731770124,False,0.6938197114213545,False,1.0,0.7054464477975972,False,1.0
DELTA_OC_MINUS_OA,Reactividad OC−OA,ZONE_BAND,MSPSS_ZB_TEMPORAL_ALPHA_W1,MSPSS,ZB_TEMPORAL_ALPHA,temporal,alpha,2,T7 | T8,EEG51 | EEG55,W1,25,8,17,0.524582497904985,2.1175379213095704,-5.013369040073443,4.601762960129073,-1.0894453024874675,21.0,0.2883019822294048,0.4374482053538625,0.1817383955754838,0.1354913770587124,0.0462470185167714,0.0565186222434291,5.174461706272688,4.492006871854901,-4.167177975048639,14.516101387594016,0.2622971897425285,0.1610926661992451,0.9990478489162808,-1.91654107195246,2.23872640435095,0.8734407073668403,4,9.90902342768956,ok,0.8385613231399361,False,0.6893072022045257,False,0.6938197114213545,False,1.0,0.7054464477975972,False,1.0
OC,Ojos cerrados,ZONE_BAND,BAI_ZB_CENTRAL_THETA_W3,BAI,ZB_CENTRAL_THETA,central,theta,2,C3 | C4,EEG18 | EEG22,W3,25,6,19,17.149842108868302,11.366654659893218,-0.6507771104483534,0.5974376156906867,-1.0892804426048768,21.0,0.288372985241919,0.2023481525032957,0.0599359675775448,0.0068209225207004,0.0531150450568443,0.0565015182210216,0.510759695856029,0.5466448009654059,-0.626050400380036,1.647569792092094,0.3607416522119987,-0.1400174145923244,0.2410625773936404,-0.6413344879858769,0.361299658801228,0.5675339952723361,4,45.91434383153595,ok,0.5895721906681803,False,0.6893072022045257,False,0.6938197114213545,False,1.0,0.7054464477975972,False,1.0
DELTA_OC_MINUS_OA,Reactividad OC−OA,ZONE_BAND,MSPSS_ZB_TEMPORAL_DELTA_W2,MSPSS,ZB_TEMPORAL_DELTA,temporal,delta,2,T7 | T8,EEG49 | EEG53,W2,25,18,7,1.8233331292024568,7.0353148202065,-6.077149750489633,5.590125434894981,-1.0871222517753398,21.0,0.2893036564832779,0.6165785913403193,0.0774868898992348,0.0255698380883001,0.0519170518109346,0.0562778471573848,-0.0226492456445058,0.3121096165228515,-0.6717167252380748,0.626418233949063,0.9428364385614104,-6.099798996134139,5.58140573378551,-17.706967633156935,5.50736964088866,0.2868261696572987,4,27.91595464354596,ok,0.8385613231399361,False,0.6893072022045257,False,0.6938197114213545,False,1.0,0.7054464477975972,False,1.0
OC,Ojos cerrados,ZONE_BAND,BAI_ZB_TEMPORAL_THETA_W3,BAI,ZB_TEMPORAL_THETA,temporal,theta,2,T7 | T8,EEG50 | EEG54,W3,25,6,19,17.275949836954464,11.393341431240168,-0.6465782225255029,0.5952679024300314,-1.0861970213512435,21.0,0.2897033052183732,0.2212223444890741,0.0595383451710844,0.0067012402913986,0.0528371048796858,0.0561820937710615,0.5086424386432044,0.5443495791063676,-0.6233944824380829,1.6406793597244915,0.3607163976530721,-0.1379357838822985,0.2408887946546483,-0.6388914562858682,0.3630198885212711,0.5729878021729244,4,46.13397409994132,ok,0.5895721906681803,False,0.6893072022045257,False,0.6938197114213545,False,1.0,0.7054464477975972,False,1.0
OC,Ojos cerrados,ZONE,MSPSS_Z_FRONTAL_W5,MSPSS,Z_FRONTAL,frontal,all_bands,24,Fp1 | Fp2 | F3 | F4 | F7 | F8,EEG1 | EEG2 | EEG3 | EEG4 | EEG5 | EEG6 | EEG7 | EEG8 | EEG9 | EEG10 | EEG11 | EEG12 | EEG13 | EEG14 | EEG15 | EEG16 | EEG41 | EEG42 | EEG43 | EEG44 | EEG45 | EEG46 | EEG47 | EEG48,W5,25,11,14,17.06317338912346,9.61764436161885,0.4557000098538842,0.4201247721842621,1.084677791039704,21.0,0.2903603938888586,0.2411908805598573,0.2851473742978163,0.2450977249531484,0.0400496493446679,0.0560250433511775,-0.2122370849427918,0.3393978831818409,-0.9180536216790158,0.4935794517934321,0.5384886089455754,0.2434629249110924,0.2476164394675029,-0.2714836507877001,0.758409500609885,0.3366893387596608,4,27.373902539960493,ok,0.521732734045224,False,0.6805321731770124,False,0.6938197114213545,False,1.0,0.7054464477975972,False,1.0
OA,Ojos abiertos,ZONE_BAND,BAI_ZB_OCCIPITAL_DELTA_W4,BAI,ZB_OCCIPITAL_DELTA,occipital,delta,2,O1 | O2,EEG33 | EEG37,W4,25,17,8,19.59061393265616,13.595827501977174,0.4305220319901011,0.3987043978860585,1.079802566193753,21.0,0.2924762601329014,0.2232060572198439,0.1278365435809585,0.0794118031364673,0.0484247404444911,0.0555225515218387,-0.1005759301713675,0.2054459921097471,-0.5278242597066113,0.3266723993638762,0.6295276279594354,0.3299461018187336,0.3416974410494264,-0.3806526272956736,1.0405448309331409,0.3452291759103139,4,31.5942141255312,ok,0.5938739919768675,False,0.6893072022045257,False,0.6938197114213545,False,1.0,0.7054464477975972,False,1.0
OA,Ojos abiertos,ZONE_BAND,MSPSS_ZB_TEMPORAL_THETA_W5,MSPSS,ZB_TEMPORAL_THETA,temporal,theta,2,T7 | T8,EEG50 | EEG54,W5,25,11,14,15.942730521909976,12.147352547177336,0.3726163037572351,0.3454272129586879,1.0787114905211563,21.0,0.2929513085681742,0.145978766522853,0.2788890295894676,0.2389319795350163,0.0399570500544512,0.0554104037991593,-0.2564498766137265,0.2855821674535838,-0.850350505857538,0.337450752630085,0.3793716771522497,0.1161664271435086,0.1943264909499475,-0.2879576338333503,0.5202904881203676,0.5563724158615508,4,35.514257021774675,ok,0.5938739919768675,False,0.6893072022045257,False,0.6938197114213545,False,1.0,0.7054464477975972,False,1.0
OA,Ojos abiertos,ZONE_BAND,MSPSS_ZB_PARIETAL_THETA_W5,MSPSS,ZB_PARIETAL_THETA,parietal,theta,4,P3 | P4 | P7 | P8,EEG26 | EEG30 | EEG58 | EEG62,W5,25,11,14,15.993418325873265,12.171199226815649,0.3724597583986372,0.3459377798805312,1.076666903878684,21.0,0.2938430059284029,0.1437505276937666,0.2787778750881758,0.2389660146512826,0.0398118604368932,0.0552005534241764,-0.2613503348931422,0.2868021341301738,-0.8577880237276967,0.3350873539414122,0.372502419246417,0.1111094235054949,0.1934359930495061,-0.2911627457089051,0.513381592719895,0.5718002229324446,4,35.652535717335944,ok,0.5938739919768675,False,0.6893072022045257,False,0.6938197114213545,False,1.0,0.7054464477975972,False,1.0
DELTA_OC_MINUS_OA,Reactividad OC−OA,ZONE_BAND,BAI_ZB_OCCIPITAL_BETA_W4,BAI,ZB_OCCIPITAL_BETA,occipital,beta,2,O1 | O2,EEG36 | EEG40,W4,25,17,8,1.1281152502932732,5.129693929000322,7.06127208519478,6.568739733115166,1.074981255475323,21.0,0.2945796282223782,0.1058014669494165,0.1394989278266651,0.0921474100641436,0.0473515177625215,0.0550278428392048,-7.296719520193374,6.550506413868317,-20.91924334845139,6.32580430806464,0.2779023302799522,-0.2354474349985942,0.4890883389286766,-1.2525623159295338,0.7816674459323454,0.6352101043933958,4,42.463876209746445,ok,0.8393367075873511,False,0.6893072022045257,False,0.6938197114213545,False,1.0,0.7054464477975972,False,1.0
OA,Ojos abiertos,ZONE_BAND,BAI_ZB_TEMPORAL_DELTA_W4,BAI,ZB_TEMPORAL_DELTA,temporal,delta,2,T7 | T8,EEG49 | EEG53,W4,25,17,8,19.86197313976645,13.695071436076708,0.427386918347556,0.3980024198927664,1.0738299492317325,21.0,0.2950835073501477,0.2023686603458186,0.1278090486511554,0.0799170119531071,0.0478920366980482,0.0549100361841441,-0.0879542500082893,0.2033510040015567,-0.5108458132692006,0.3349373132526218,0.669769655133793,0.3394326683392666,0.3421319853683034,-0.372069745156825,1.0509350818353584,0.3324384178367714,4,31.783039074449285,ok,0.5938739919768675,False,0.6893072022045257,False,0.6938197114213545,False,1.0,0.7054464477975972,False,1.0
OC,Ojos cerrados,ZONE_BAND,BAI_ZB_CENTRAL_ALPHA_W1,BAI,ZB_CENTRAL_ALPHA,central,alpha,2,C3 | C4,EEG19 | EEG23,W1,25,8,17,19.100330072963768,4.985768157295781,0.9334832351067056,0.8713383018542101,1.0713212458585268,21.0,0.2961836072986687,0.1179764211116928,0.4607847020387305,0.4313145520894632,0.0294701499492673,0.0546537719918029,-0.5529867550676043,0.7530448757497213,-2.11902930437796,1.0130557942427516,0.4708656577693479,0.3804964800391013,0.4383535689204171,-0.5311096707735872,1.2921026308517898,0.3951988059710847,4,16.715315071892235,ok,0.5895721906681803,False,0.6893072022045257,False,0.6938197114213545,False,1.0,0.7054464477975972,False,1.0
OA,Ojos abiertos,ZONE_BAND,MSPSS_ZB_FRONTAL_THETA_W5,MSPSS,ZB_FRONTAL_THETA,frontal,theta,6,Fp1 | Fp2 | F3 | F4 | F7 | F8,EEG2 | EEG6 | EEG10 | EEG14 | EEG42 | EEG46,W5,25,11,14,15.993578360955702,12.124199158858136,0.3716815877953527,0.3481108007744781,1.0677105880324147,21.0,0.2977720916647124,0.1491702591959106,0.278119013088373,0.2389309852774113,0.0391880278109617,0.0542859952284062,-0.2549309493951242,0.2891662733939107,-0.8562851349734102,0.3464232361831618,0.3879690604111082,0.1167506384002285,0.1938143336993588,-0.2863083332676286,0.5198096100680858,0.5533681855773772,4,35.54042416523506,ok,0.5938739919768675,False,0.6893072022045257,False,0.6938197114213545,False,1.0,0.7054464477975972,False,1.0
DELTA_OC_MINUS_OA,Reactividad OC−OA,ZONE_BAND,BAI_ZB_CENTRAL_DELTA_W4,BAI,ZB_CENTRAL_DELTA,central,delta,2,C3 | C4,EEG17 | EEG21,W4,25,17,8,1.8347681373535616,7.149181836460973,-3.6254766328343537,3.396949862067308,-1.0672741076690395,21.0,0.2979645311935096,0.4166245331117813,0.1318118333306129,0.0847199006683963,0.0470919326622166,0.0542416200428929,3.4557760709233807,3.37823729646114,-3.569652981572613,10.481205123419372,0.3179707417410268,-0.169700561910973,0.356063385084764,-0.9101749071338516,0.5707737833119054,0.6385672207591676,4,41.83804214587366,ok,0.8393367075873511,False,0.6893072022045257,False,0.6938197114213545,False,1.0,0.7054464477975972,False,1.0
OA,Ojos abiertos,ZONE_BAND,BAI_ZB_CENTRAL_DELTA_W4,BAI,ZB_CENTRAL_DELTA,central,delta,2,C3 | C4,EEG17 | EEG21,W4,25,17,8,19.82149507444428,13.718131930474714,0.4218624921230992,0.3953288430206142,1.0671179185908817,21.0,0.2980334149361177,0.2195584492990434,0.1269542254308383,0.0796126675873192,0.0473415578435191,0.0542257453417968,-0.0937885173798594,0.2037185598444796,-0.5174444548604237,0.3298674201007048,0.64997313348869,0.3280739747432398,0.3387973472430217,-0.3764936791403592,1.0326416286268387,0.3438914260377548,4,31.87787320120575,ok,0.5938739919768675,False,0.6893072022045257,False,0.6938197114213545,False,1.0,0.7054464477975972,False,1.0
OC,Ojos cerrados,ZONE_BAND,BAI_ZB_PARIETAL_THETA_W3,BAI,ZB_PARIETAL_THETA,parietal,theta,4,P3 | P4 | P7 | P8,EEG26 | EEG30 | EEG58 | EEG62,W3,25,6,19,17.344982129937286,11.374232926109208,-0.6316160100677316,0.5922496216096448,-1.0664692505013256,21.0,0.2983196177662865,0.1569710333859178,0.0576269190885234,0.0065881428069186,0.0510387762816048,0.0541598410602299,0.4961189905802354,0.5405925241986624,-0.628104707099586,1.620342688260057,0.3691798554332034,-0.1354970194874961,0.2419077036336085,-0.6385716291102289,0.3675775901352366,0.5813250864756525,4,45.91517371406802,ok,0.5895721906681803,False,0.6893072022045257,False,0.6938197114213545,False,1.0,0.7054464477975972,False,1.0
OA,Ojos abiertos,ZONE_BAND,MSPSS_ZB_CENTRAL_THETA_W5,MSPSS,ZB_CENTRAL_THETA,central,theta,2,C3 | C4,EEG18 | EEG22,W5,25,11,14,15.80887082998302,12.193263287605935,0.3673198911096281,0.3446864580993963,1.06566383006467,21.0,0.298675256188575,0.1483405633889974,0.2780043309667097,0.2389602010881026,0.039044129878607,0.054078066605143,-0.2565915915484863,0.2853169336449523,-0.8499406368917779,0.3367574537948052,0.3786785158874199,0.1107282995611418,0.193398556800584,-0.2914660167117053,0.512922615833989,0.573035970469678,4,35.65762058108857,ok,0.5938739919768675,False,0.6893072022045257,False,0.6938197114213545,False,1.0,0.7054464477975972,False,1.0
OA,Ojos abiertos,ZONE,BAI_Z_OCCIPITAL_W4,BAI,Z_OCCIPITAL,occipital,all_bands,8,O1 | O2,EEG33 | EEG34 | EEG35 | EEG36 | EEG37 | EEG38 | EEG39 | EEG40,W4,25,17,8,15.637370530471465,10.152310142795791,0.5582791956020163,0.5249862356960227,1.063416824370365,21.0,0.2996690402544918,0.1977012007696245,0.1287241178554695,0.0818056899513126,0.0469184279041569,0.0538502543978072,-0.0967111959000259,0.2777240722088748,-0.6742700214797519,0.4808476296797,0.7311358518105903,0.4615679997019904,0.4455108162390664,-0.4649224617247013,1.388058461128682,0.3119661345193423,4,23.70226941554436,ok,0.5326084121662057,False,0.6814254685067632,False,0.6938197114213545,False,1.0,0.7054464477975972,False,1.0
OC,Ojos cerrados,ZONE_BAND,BAI_ZB_FRONTAL_ALPHA_W3,BAI,ZB_FRONTAL_ALPHA,frontal,alpha,6,Fp1 | Fp2 | F3 | F4 | F7 | F8,EEG3 | EEG7 | EEG11 | EEG15 | EEG43 | EEG47,W3,25,6,19,19.137598604341093,4.9731899272265085,-1.8579417828061344,1.7474955252511453,-1.063202598209295,21.0,0.2997639095259603,0.3926272783576247,0.0565395384318693,0.0057544201513216,0.0507851182805476,0.0538285602304281,1.6824670460802655,1.6642820156455913,-1.7785968751875945,5.143530967348125,0.3235584664929563,-0.1754747367258688,0.532828286759833,-1.2835518187341477,0.93260234528241,0.7451706060334162,4,21.981173321591445,ok,0.5895721906681803,False,0.6893072022045257,False,0.6938197114213545,False,1.0,0.7054464477975972,False,1.0
OA,Ojos abiertos,ZONE,BAI_Z_TEMPORAL_W4,BAI,Z_TEMPORAL,temporal,all_bands,8,T7 | T8,EEG49 | EEG50 | EEG51 | EEG52 | EEG53 | EEG54 | EEG55 | EEG56,W4,25,17,8,15.895680675076449,10.234354561487304,0.5565400247231349,0.5243986859731532,1.061291798796817,21.0,0.3006110505549234,0.1836330230452533,0.1290181450002034,0.0823028141265947,0.0467153308736086,0.0536352515330179,-0.0878386397825486,0.2742259227956192,-0.6581226654115423,0.4824453858464449,0.7518950426350831,0.4687013849405862,0.4469833611190251,-0.4608514012054504,1.3982541710866228,0.3062867089325824,4,23.842682932150428,ok,0.5326084121662057,False,0.6814254685067632,False,0.6938197114213545,False,1.0,0.7054464477975972,False,1.0
OC,Ojos cerrados,ZONE_BAND,BAI_ZB_OCCIPITAL_ALPHA_W1,BAI,ZB_OCCIPITAL_ALPHA,occipital,alpha,2,O1 | O2,EEG35 | EEG39,W1,25,8,17,18.971403435617194,4.946349119009303,0.9291525120150328,0.8805722716471732,1.0551689417575991,21.0,0.3033371020993697,0.1163031612288997,0.4589426613318521,0.4302567932862013,0.0286858680456507,0.0530181664595163,-0.571806237270737,0.7614613294310147,-2.15535176018022,1.011739285638746,0.4610257028870602,0.3573462747442959,0.4422489902475909,-0.5623608481914306,1.2770533976800225,0.428137529285413,4,16.581970704004423,ok,0.5895721906681803,False,0.6893072022045257,False,0.6938197114213545,False,1.0,0.7054464477975972,False,1.0
OA,Ojos abiertos,ZONE_BAND,BAI_ZB_PARIETAL_DELTA_W4,BAI,ZB_PARIETAL_DELTA,parietal,delta,4,P3 | P4 | P7 | P8,EEG25 | EEG29 | EEG57 | EEG61,W4,25,17,8,19.997860311843755,13.767790509603852,0.416406487469088,0.3949348675694414,1.0543674961691532,21.0,0.3036952266078144,0.2272752369841123,0.12614342529686,0.0798835048467009,0.0462599204501591,0.0529376579513339,-0.0868677614413424,0.2028284691369069,-0.508672653963375,0.33493713108069,0.6728065281897847,0.3295387260277455,0.3388718957506967,-0.3751839599645182,1.034261412020009,0.3418915921325232,4,31.974665916196976,ok,0.5938739919768675,False,0.6893072022045257,False,0.6938197114213545,False,1.0,0.7054464477975972,False,1.0
OA,Ojos abiertos,ZONE,BAI_Z_CENTRAL_W4,BAI,Z_CENTRAL,central,all_bands,8,C3 | C4,EEG17 | EEG18 | EEG19 | EEG20 | EEG21 | EEG22 | EEG23 | EEG24,W4,25,17,8,15.776173399279394,10.247690911917816,0.5433843528539742,0.5193263715355171,1.0463253603843066,21.0,0.3073055246429895,0.2019423310439618,0.1277242304892577,0.0822497216274537,0.045474508861804,0.0521331790373021,-0.0893915036225298,0.2756789125845645,-0.662697186932862,0.4839141796878021,0.7489492206163936,0.4539928492314443,0.4401147774483811,-0.4612759352194505,1.369261633682339,0.3140255745358875,4,23.941843643608784,ok,0.5326084121662057,False,0.6814254685067632,False,0.6938197114213545,False,1.0,0.7054464477975972,False,1.0
OA,Ojos abiertos,ZONE_BAND,BAI_ZB_FRONTAL_DELTA_W4,BAI,ZB_FRONTAL_DELTA,frontal,delta,6,Fp1 | Fp2 | F3 | F4 | F7 | F8,EEG1 | EEG5 | EEG9 | EEG13 | EEG41 | EEG45,W4,25,17,8,19.964887563598847,13.704489015715016,0.4203072929163328,0.4022267167751689,1.0449512063398572,21.0,0.307925451098983,0.2226914188089604,0.1254121527098648,0.0799367904887181,0.0454753622211466,0.0519963344586249,-0.0825448790334681,0.2024217110401202,-0.5035038717859679,0.3384141137190316,0.6875577600591085,0.3377624138828646,0.3475798938191362,-0.3850695454523877,1.060594373218117,0.342233316085266,4,31.728210790847093,ok,0.5938739919768675,False,0.6893072022045257,False,0.6938197114213545,False,1.0,0.7054464477975972,False,1.0
OA,Ojos abiertos,ZONE,BAI_Z_PARIETAL_W4,BAI,Z_PARIETAL,parietal,all_bands,16,P3 | P4 | P7 | P8,EEG25 | EEG26 | EEG27 | EEG28 | EEG29 | EEG30 | EEG31 | EEG32 | EEG57 | EEG58 | EEG59 | EEG60 | EEG61 | EEG62 | EEG63 | EEG64,W4,25,17,8,15.937098952027949,10.265794847352648,0.5419097585307904,0.5196846732398358,1.0427664821292462,21.0,0.3089128790563993,0.2032948520064635,0.1276867334433897,0.0825191028461762,0.0451676305972135,0.0517791398215337,-0.0851540497523373,0.2747642254760818,-0.6565575370882748,0.4862494375836001,0.7596787544925978,0.456755708778453,0.441108580735995,-0.4605798027482997,1.3740912203052058,0.312225884210947,4,23.96582481338989,ok,0.5326084121662057,False,0.6814254685067632,False,0.6938197114213545,False,1.0,0.7054464477975972,False,1.0
DELTA_OC_MINUS_OA,Reactividad OC−OA,ZONE_BAND,BAI_ZB_TEMPORAL_BETA_W2,BAI,ZB_TEMPORAL_BETA,temporal,beta,2,T7 | T8,EEG52 | EEG56,W2,25,18,7,1.0831878700577655,4.9809001533439465,-18.07511929308387,17.399856038347103,-1.038808554119561,21.0,0.3107074539792909,0.5092663594800466,0.1083460313041446,0.0625267696474085,0.0458192616567361,0.0513868196243795,-0.4897775340301245,0.4891312339219973,-1.5069816199830433,0.5274265519227943,0.3280705800231821,-18.564896827113994,17.392979640970267,-54.73557808954243,17.605784435314437,0.2979183884231824,4,47.98898453522551,ok,0.8567705569826815,False,0.6893072022045257,False,0.6938197114213545,False,1.0,0.7054464477975972,False,1.0
OC,Ojos cerrados,ZONE_BAND,BAI_ZB_PARIETAL_ALPHA_W1,BAI,ZB_PARIETAL_ALPHA,parietal,alpha,4,P3 | P4 | P7 | P8,EEG27 | EEG31 | EEG59 | EEG63,W1,25,8,17,19.241703033234568,4.994852396993947,0.9038735606874884,0.8713934633238472,1.0372737445605216,21.0,0.3114053382128766,0.1342709437564386,0.4582578566865006,0.430501650993062,0.0277562056934386,0.051235086721648,-0.5478114391257901,0.7530601661074129,-2.113885786475692,1.018262908224112,0.4749848843305588,0.3560621215616983,0.4384369443213068,-0.5557174178889901,1.2678416610123868,0.4258350806038212,4,16.732116531542257,ok,0.5895721906681803,False,0.6893072022045257,False,0.6938197114213545,False,1.0,0.7054464477975972,False,1.0
OA,Ojos abiertos,ZONE_BAND,BAI_ZB_OCCIPITAL_THETA_W4,BAI,ZB_OCCIPITAL_THETA,occipital,theta,2,O1 | O2,EEG34 | EEG38,W4,25,17,8,15.67752268185539,12.02055724560404,0.4465568442601565,0.4306305231414269,1.0369837256368823,21.0,0.3115373354814564,0.2190977090286599,0.12627569770921,0.0815353863463645,0.0447403113628454,0.0512064403445597,-0.0911723006496279,0.2400872922959014,-0.5904611576513656,0.4081165563521097,0.7079468687242161,0.3553845436105285,0.357492292978578,-0.388061378251166,1.0988304654722232,0.331489578239526,4,28.35862418305021,ok,0.5938739919768675,False,0.6893072022045257,False,0.6938197114213545,False,1.0,0.7054464477975972,False,1.0
DELTA_OC_MINUS_OA,Reactividad OC−OA,ZONE_BAND,BAI_ZB_FRONTAL_ALPHA_W3,BAI,ZB_FRONTAL_ALPHA,frontal,alpha,6,Fp1 | Fp2 | F3 | F4 | F7 | F8,EEG3 | EEG7 | EEG11 | EEG15 | EEG43 | EEG47,W3,25,6,19,0.47006688644992,2.161725189367838,-4.754071120317258,4.630431684113342,-1.0267014923528863,21.0,0.3162427048091408,0.8672109933651734,0.1123092050816172,0.067750679867466,0.0445585252141511,0.0501959978285547,-1.0951531146365088,1.2197873588713872,-3.631839793769256,1.4415335644962386,0.3794585908189969,-5.849224234953767,4.466879937985607,-15.138609596724956,3.4401611268174195,0.20452332899906,4,6.795409741405594,ok,0.8567705569826815,False,0.6893072022045257,False,0.6938197114213545,False,1.0,0.7054464477975972,False,1.0
OC,Ojos cerrados,ZONE_BAND,BAI_ZB_OCCIPITAL_THETA_W1,BAI,ZB_OCCIPITAL_THETA,occipital,theta,2,O1 | O2,EEG34 | EEG38,W1,25,8,17,17.048187388373652,11.252490706558492,0.4705941242211217,0.4588325657461495,1.0256336610629315,21.0,0.3167342211528088,0.2166027862165451,0.4573734728945474,0.4301924211046433,0.0271810517899041,0.0500916384145404,-0.3400308084220593,0.4197355528114014,-1.2129186751730758,0.5328570583289572,0.4269637360878338,0.1305633157990623,0.1853358818343107,-0.2548637499883835,0.5159903815865082,0.488880572712146,4,40.20407297702441,ok,0.5895721906681803,False,0.6893072022045257,False,0.6938197114213545,False,1.0,0.7054464477975972,False,1.0
DELTA_OC_MINUS_OA,Reactividad OC−OA,ZONE_BAND,MSPSS_ZB_OCCIPITAL_THETA_W4,MSPSS,ZB_OCCIPITAL_THETA,occipital,theta,2,O1 | O2,EEG34 | EEG38,W4,25,17,8,1.3706647065182616,6.008191973921184,-3.788416002562505,3.695850992547801,-1.0250456553041098,21.0,0.3170051060835921,0.4447231258688577,0.110523977692829,0.0660197397474955,0.0445042379453335,0.050034218831325,3.88703898326966,3.676160205827064,-3.757954676205258,11.532032642744577,0.3023578439827428,0.0986229807071543,0.380999606574699,-0.6937090759613888,0.8909550373756975,0.7982688262322057,4,37.29932472660195,ok,0.8567705569826815,False,0.6893072022045257,False,0.6938197114213545,False,1.0,0.7054464477975972,False,1.0
OA,Ojos abiertos,ZONE_BAND,BAI_ZB_TEMPORAL_BETA_W4,BAI,ZB_TEMPORAL_BETA,temporal,beta,2,T7 | T8,EEG52 | EEG56,W4,25,17,8,9.10263697564856,10.55684675404469,0.5075820800390416,0.4955415302714718,1.0242977612007085,21.0,0.3173498844711554,0.1810196212312576,0.1282835356999698,0.0847315058770984,0.0435520298228714,0.0499612335047988,-0.0693331558745079,0.2716943443224548,-0.6343524758616942,0.4956861641126783,0.8010604748689317,0.4382489241645336,0.4144195838603473,-0.4235837799577281,1.3000816282867955,0.3022969543544181,4,24.9133031146014,ok,0.5938739919768675,False,0.6893072022045257,False,0.6938197114213545,False,1.0,0.7054464477975972,False,1.0
OA,Ojos abiertos,ZONE,BAI_Z_FRONTAL_W4,BAI,Z_FRONTAL,frontal,all_bands,24,Fp1 | Fp2 | F3 | F4 | F7 | F8,EEG1 | EEG2 | EEG3 | EEG4 | EEG5 | EEG6 | EEG7 | EEG8 | EEG9 | EEG10 | EEG11 | EEG12 | EEG13 | EEG14 | EEG15 | EEG16 | EEG41 | EEG42 | EEG43 | EEG44 | EEG45 | EEG46 | EEG47 | EEG48,W4,25,17,8,15.913111369721689,10.223866031962654,0.5370347577664665,0.526812906232379,1.0194031911769044,21.0,0.3196127857015634,0.2046301677090045,0.125923663310974,0.0826700846051616,0.0432535787058123,0.0494848983896024,-0.0779497562301279,0.2747105571730462,-0.6492416342200497,0.4933421217597936,0.7793789376987306,0.4590850015363384,0.449517461230017,-0.4757377342844429,1.3939077373571198,0.3187418861430067,4,23.807633315020453,ok,0.5326879761692723,False,0.6931554667945953,False,0.6938197114213545,False,1.0,0.7054464477975972,False,1.0
OC,Ojos cerrados,ZONE_BAND,BAI_ZB_PARIETAL_ALPHA_W3,BAI,ZB_PARIETAL_ALPHA,parietal,alpha,4,P3 | P4 | P7 | P8,EEG27 | EEG31 | EEG59 | EEG63,W3,25,6,19,19.241703033234568,4.994852396993947,-1.7310745188783825,1.7041706264955718,-1.0157870884314766,21.0,0.321291871533203,0.389359350142081,0.0525241226285939,0.0059704183544291,0.0465537042741648,0.0491344480487665,1.596500190263419,1.6184606076796475,-1.7692728966135496,4.962273277140388,0.3351513834068849,-0.1345743286149632,0.5336504338980128,-1.244361159194204,0.9752125019642776,0.8033560168080214,4,22.04287227905981,ok,0.5895721906681803,False,0.6893072022045257,False,0.6938197114213545,False,1.0,0.7054464477975972,False,1.0
OA,Ojos abiertos,ZONE_BAND,BAI_ZB_TEMPORAL_THETA_W4,BAI,ZB_TEMPORAL_THETA,temporal,theta,2,T7 | T8,EEG50 | EEG54,W4,25,17,8,15.942730521909976,12.147352547177336,0.4342861969132894,0.4282161256251937,1.014175251525695,21.0,0.3220422929324496,0.2175407745263111,0.1249705494944115,0.0821127970150654,0.042857752479346,0.0489786400384387,-0.0804435164073847,0.2369692389109811,-0.5732480264212423,0.4123609936064727,0.7376285726155901,0.3538426805059047,0.3566715997320254,-0.3878965163179846,1.095581877329794,0.332458304269916,4,28.61100290300547,ok,0.5938739919768675,False,0.6893072022045257,False,0.6938197114213545,False,1.0,0.7054464477975972,False,1.0
OC,Ojos cerrados,ZONE_BAND,BAI_ZB_PARIETAL_THETA_W1,BAI,ZB_PARIETAL_THETA,parietal,theta,4,P3 | P4 | P7 | P8,EEG26 | EEG30 | EEG58 | EEG62,W1,25,8,17,17.344982129937286,11.374232926109208,0.454315988573217,0.4480947558356682,1.0138837436870838,21.0,0.3221781408831553,0.2191655138921295,0.4567178560790326,0.4301239300715826,0.0265939260074499,0.0489504878910921,-0.3254090200727504,0.408650642047993,-1.175244552932612,0.524426512787111,0.4347671838744125,0.1289069685004665,0.1838302558372542,-0.2533889766185187,0.5112029136194518,0.4908588718778247,4,40.37622960805678,ok,0.5895721906681803,False,0.6893072022045257,False,0.6938197114213545,False,1.0,0.7054464477975972,False,1.0
OA,Ojos abiertos,ZONE_BAND,BAI_ZB_CENTRAL_BETA_W4,BAI,ZB_CENTRAL_BETA,central,beta,2,C3 | C4,EEG20 | EEG24,W4,25,17,8,8.89451872745027,10.61090014694074,0.4953351071095342,0.4886260522719599,1.0137304484817773,21.0,0.3222495953252644,0.1913923139446087,0.1281759856044477,0.0855126787170471,0.0426633068874006,0.0489356867704311,-0.0657435370840445,0.2726825949602778,-0.6328180367797085,0.5013309626116194,0.8118166915667893,0.4295915700254897,0.4054622317363349,-0.413613300607575,1.2727964406585544,0.301402232531255,4,25.170304887257544,ok,0.5938739919768675,False,0.6893072022045257,False,0.6938197114213545,False,1.0,0.7054464477975972,False,1.0
OC,Ojos cerrados,ZONE_BAND,BAI_ZB_TEMPORAL_ALPHA_W1,BAI,ZB_TEMPORAL_ALPHA,temporal,alpha,2,T7 | T8,EEG51 | EEG55,W1,25,8,17,19.199964560885796,4.996790816512311,0.8850210524047639,0.8736164495497293,1.0130544735746594,21.0,0.3225648151569651,0.1468481367792399,0.4566698282751376,0.4301170404465709,0.0265527878285666,0.048870446020459,-0.5433644746724555,0.755492612503778,-2.114497371224796,1.027768421879885,0.4799338851466699,0.3416565777323084,0.4386759776601527,-0.5706200587591955,1.2539332142238124,0.4447646534416176,4,16.751617669583506,ok,0.5895721906681803,False,0.6893072022045257,False,0.6938197114213545,False,1.0,0.7054464477975972,False,1.0
OC,Ojos cerrados,ZONE_BAND,BAI_ZB_TEMPORAL_ALPHA_W3,BAI,ZB_TEMPORAL_ALPHA,temporal,alpha,2,T7 | T8,EEG51 | EEG55,W3,25,6,19,19.199964560885796,4.996790816512311,-1.7031988837195482,1.68285901705116,-1.0120864947463213,21.0,0.3230165774745236,0.2886557084699586,0.0520884433532244,0.0058520677891183,0.046236375564106,0.0487770987070425,1.55506034139382,1.5956914025286555,-1.7633615912177012,4.873482274005341,0.3408829454345826,-0.1481385423257282,0.534587148336481,-1.259873377219764,0.9635962925683076,0.7844063481517647,4,22.006393796672263,ok,0.5895721906681803,False,0.6893072022045257,False,0.6938197114213545,False,1.0,0.7054464477975972,False,1.0
OA,Ojos abiertos,ZONE_BAND,BAI_ZB_PARIETAL_BETA_W4,BAI,ZB_PARIETAL_BETA,parietal,beta,4,P3 | P4 | P7 | P8,EEG28 | EEG32 | EEG60 | EEG64,W4,25,17,8,9.083099232142752,10.579108492458875,0.4970319188434715,0.4911219721102133,1.0120335620657832,21.0,0.3230412942717894,0.1925399861318693,0.1277723216372172,0.0852320361844842,0.0425402854527329,0.0487719967022638,-0.0668242927968189,0.2730228180526952,-0.6346063251457701,0.5009577395521321,0.8090201979372109,0.4302076260466525,0.408239307651762,-0.4187724901079942,1.2791877422012994,0.3039434671842402,4,25.06378924446153,ok,0.5938739919768675,False,0.6893072022045257,False,0.6938197114213545,False,1.0,0.7054464477975972,False,1.0
OC,Ojos cerrados,ZONE_BAND,MSPSS_ZB_OCCIPITAL_THETA_W5,MSPSS,ZB_OCCIPITAL_THETA,occipital,theta,2,O1 | O2,EEG34 | EEG38,W5,25,11,14,17.048187388373652,11.252490706558492,0.3643880065621183,0.3605650134690097,1.010602784380901,21.0,0.3237098938093258,0.2531830872701617,0.2756268416997293,0.2403975399639953,0.0352293017357339,0.0486341898951624,-0.2001770551259417,0.2900172887321265,-0.803301023983657,0.4029469137317735,0.4976110985443354,0.1642109514361766,0.2142360874698139,-0.2813173821063385,0.6097392849786918,0.4519127053041408,4,31.993173001492984,ok,0.5895721906681803,False,0.6893072022045257,False,0.6938197114213545,False,1.0,0.7054464477975972,False,1.0
OC,Ojos cerrados,ZONE_BAND,BAI_ZB_CENTRAL_ALPHA_W3,BAI,ZB_CENTRAL_ALPHA,central,alpha,2,C3 | C4,EEG19 | EEG23,W3,25,6,19,19.100330072963768,4.985768157295781,-1.7439843964834063,1.7315667495262417,-1.0071713359941583,21.0,0.3253173417097132,0.3648231271818449,0.0519081627440504,0.0061110786480339,0.0457970840960164,0.0483044809546788,1.6233828017758796,1.6471861866105508,-1.802128396743613,5.048894000295372,0.3355742101236659,-0.1206015947075269,0.5339485693437751,-1.231008431887379,0.9898052424723252,0.8234882994483355,4,22.10493593471518,ok,0.5895721906681803,False,0.6893072022045257,False,0.6938197114213545,False,1.0,0.7054464477975972,False,1.0
OC,Ojos cerrados,ZONE_BAND,BAI_ZB_TEMPORAL_THETA_W1,BAI,ZB_TEMPORAL_THETA,temporal,theta,2,T7 | T8,EEG50 | EEG54,W1,25,8,17,17.275949836954464,11.393341431240168,0.4537395173423437,0.450620194046723,1.0069222891846192,21.0,0.3254342231044451,0.2134631398320193,0.4563788851657212,0.4301325342492467,0.0262463509164745,0.0482805950693722,-0.3261434794243709,0.4116275486968432,-1.182169828565643,0.5298828697169014,0.4370300004958397,0.1275960379179728,0.1833611748340808,-0.2537243998525141,0.5089164756884598,0.4941385939620537,4,40.56635972421059,ok,0.5895721906681803,False,0.6893072022045257,False,0.6938197114213545,False,1.0,0.7054464477975972,False,1.0
OC,Ojos cerrados,ZONE_BAND,BAI_ZB_CENTRAL_THETA_W1,BAI,ZB_CENTRAL_THETA,central,theta,2,C3 | C4,EEG18 | EEG22,W1,25,8,17,17.149842108868302,11.366654659893218,0.4586934439413427,0.4558364605659607,1.0062675622126296,21.0,0.3257416360156088,0.2018394284035962,0.4564788550450174,0.4302714454776349,0.0262074095673824,0.0482178288933967,-0.3303192782750034,0.4172709931803506,-1.1980818126961297,0.5374432561461229,0.4374341480165812,0.1283741656663392,0.1834987657494913,-0.2532324080767443,0.5099807394094229,0.4918599182053764,4,40.636244375131184,ok,0.5895721906681803,False,0.6893072022045257,False,0.6938197114213545,False,1.0,0.7054464477975972,False,1.0
OA,Ojos abiertos,ZONE_BAND,BAI_ZB_OCCIPITAL_BETA_W4,BAI,ZB_OCCIPITAL_BETA,occipital,beta,2,O1 | O2,EEG36 | EEG40,W4,25,17,8,8.856748059113755,10.51561976491168,0.4966729180586113,0.4946599408924396,1.004069416178193,21.0,0.3267752091781695,0.1947850697659914,0.126864433125556,0.0849474650240386,0.0419169681015174,0.0480073996430672,-0.067877032970675,0.2746421982193321,-0.6390267507340419,0.5032726847926918,0.8071945299873879,0.4287958850879363,0.4114123479928196,-0.4267829296898534,1.284374699865726,0.309145138349346,4,24.90417647771848,ok,0.5938739919768675,False,0.6893072022045257,False,0.6938197114213545,False,1.0,0.7054464477975972,False,1.0
OC,Ojos cerrados,ZONE_BAND,MSPSS_ZB_CENTRAL_THETA_W5,MSPSS,ZB_CENTRAL_THETA,central,theta,2,C3 | C4,EEG18 | EEG22,W5,25,11,14,17.149842108868302,11.366654659893218,0.357106032323866,0.3572169383197168,0.9996895276120652,21.0,0.3288414490770775,0.2502423190695565,0.2746152848218689,0.2400946009527811,0.0345206838690878,0.0475894834103454,-0.1996315777356095,0.2873080263188195,-0.7971213269696111,0.397858171498392,0.4947757408292983,0.1574744545882564,0.2122687895930461,-0.2839626590530291,0.5989115682295421,0.4663868900810247,4,32.321186712281694,ok,0.5895721906681803,False,0.6893072022045257,False,0.6938197114213545,False,1.0,0.7054464477975972,False,1.0
DELTA_OC_MINUS_OA,Reactividad OC−OA,ZONE,MSPSS_Z_OCCIPITAL_W3,MSPSS,Z_OCCIPITAL,occipital,all_bands,8,O1 | O2,EEG33 | EEG34 | EEG35 | EEG36 | EEG37 | EEG38 | EEG39 | EEG40,W3,25,6,19,1.2062277146964149,5.153889862798359,3.5734868033598604,3.5755821866909465,0.9994139742224676,21.0,0.3289717462464482,0.7537449119417577,0.0579996271414174,0.013195026028831,0.0448046011125864,0.0475632519938638,-0.2000266080102578,0.4614509260630194,-1.1596663425133218,0.7596131264928061,0.6690911856894729,3.3734601953496024,3.545680614017172,-4.000186298543049,10.747106689242251,0.3522100587641609,4,17.618564821313658,ok,0.9644656722218322,False,0.6931554667945953,False,0.6938197114213545,False,1.0,0.7054464477975972,False,1.0
OC,Ojos cerrados,ZONE_BAND,BAI_ZB_FRONTAL_BETA_W3,BAI,ZB_FRONTAL_BETA,frontal,beta,6,Fp1 | Fp2 | F3 | F4 | F7 | F8,EEG4 | EEG8 | EEG12 | EEG16 | EEG44 | EEG48,W3,25,6,19,10.091187641957935,10.063610595271342,-0.6871043377518014,0.6883743009224816,-0.9981551269869046,21.0,0.3295674566642836,0.2305293306610775,0.050817563228489,0.005785019169295,0.0450325440591939,0.0474435075014291,0.5857861251388641,0.6319768115046379,-0.728481601613036,1.900053851890764,0.3645039951727973,-0.1013182126129372,0.2728818203745836,-0.6688070242384131,0.4661705990125385,0.7141413177229884,4,40.91950681745882,ok,0.5895721906681803,False,0.6893072022045257,False,0.6938197114213545,False,1.0,0.7054464477975972,False,1.0
OA,Ojos abiertos,ZONE_BAND,MSPSS_ZB_OCCIPITAL_ALPHA_W5,MSPSS,ZB_OCCIPITAL_ALPHA,occipital,alpha,2,O1 | O2,EEG35 | EEG39,W5,25,11,14,18.424597448260545,5.052775848091443,0.8154886248027351,0.8186752917806737,0.996107532485795,21.0,0.3305380175266589,0.3506092592514814,0.2787107287591234,0.2446304902067365,0.0340802385523868,0.0472490579178539,-0.3896969448116522,0.6702079157043184,-1.7834706051564344,1.0040767155331298,0.5671221973352674,0.4257916799910828,0.4701601674955504,-0.5519599135721487,1.4035432735543143,0.3754050166182039,4,14.61693516772391,ok,0.5938739919768675,False,0.6893072022045257,False,0.6938197114213545,False,1.0,0.7054464477975972,False,1.0
OA,Ojos abiertos,ZONE_BAND,BAI_ZB_CENTRAL_THETA_W4,BAI,ZB_CENTRAL_THETA,central,theta,2,C3 | C4,EEG18 | EEG22,W4,25,17,8,15.80887082998302,12.193263287605935,0.4211552000196331,0.4228447303342584,0.996004371833392,21.0,0.3305869681782484,0.2334749228410457,0.1234781445437921,0.0820718903372219,0.0414062542065701,0.047239271843392,-0.0816404493490301,0.2381833783815717,-0.5769699006153582,0.4136890019172979,0.7351839832129661,0.339514750670603,0.3493799425184463,-0.3870606148609189,1.0660901162021248,0.3422289608266755,4,28.832779715973995,ok,0.5938739919768675,False,0.6893072022045257,False,0.6938197114213545,False,1.0,0.7054464477975972,False,1.0
DELTA_OC_MINUS_OA,Reactividad OC−OA,ZONE_BAND,MSPSS_ZB_PARIETAL_DELTA_W2,MSPSS,ZB_PARIETAL_DELTA,parietal,delta,4,P3 | P4 | P7 | P8,EEG25 | EEG29 | EEG57 | EEG61,W2,25,18,7,1.8035370953982863,7.27385328551566,-6.014857111372829,6.039362790191103,-0.995942340331322,21.0,0.3306164051028626,0.6723862946611026,0.0694879112197638,0.0255366728129213,0.0439512384068424,0.0472333878697438,-0.0242169637799246,0.3030353654326938,-0.6544135051758664,0.6059795776160171,0.9370618167064052,-6.039074075152754,6.031755339769839,-18.58279598774822,6.504647837442714,0.3281215397398523,4,30.76618079799804,ok,0.880585667922002,False,0.6893072022045257,False,0.6938197114213545,False,1.0,0.7054464477975972,False,1.0
OA,Ojos abiertos,ZONE_BAND,BAI_ZB_OCCIPITAL_DELTA_W2,BAI,ZB_OCCIPITAL_DELTA,occipital,delta,2,O1 | O2,EEG33 | EEG37,W2,25,18,7,19.59061393265616,13.595827501977174,0.5969236211125226,0.5995530604603786,0.9956143342078232,21.0,0.3307720899941277,0.7996127034238701,0.0631377543107303,0.0189157192653841,0.0442220350453461,0.0472022810704801,-0.0301004925764331,0.1969049935375245,-0.4395868432330834,0.3793858580802171,0.8799616098848192,0.5668231285360895,0.5662970031947845,-0.6108559595355793,1.7445022166077582,0.3282557709245765,4,33.791779398475704,ok,0.5938739919768675,False,0.6893072022045257,False,0.6938197114213545,False,1.0,0.7054464477975972,False,1.0
OA,Ojos abiertos,ZONE_BAND,BAI_ZB_PARIETAL_THETA_W4,BAI,ZB_PARIETAL_THETA,parietal,theta,4,P3 | P4 | P7 | P8,EEG26 | EEG30 | EEG58 | EEG62,W4,25,17,8,15.993418325873265,12.171199226815649,0.4233879416495676,0.4257647826686238,0.9944174785801716,21.0,0.3313405972569998,0.2347093526167692,0.1234578582100368,0.0821824854355851,0.0412753727744517,0.0470888629383686,-0.0787893072414226,0.2375990884619227,-0.5729036611015137,0.4153250466186685,0.743473309466531,0.344598634408145,0.3533020284726994,-0.3901331553740535,1.0793304241903436,0.3404815165161622,4,28.72001311481184,ok,0.5938739919768675,False,0.6893072022045257,False,0.6938197114213545,False,1.0,0.7054464477975972,False,1.0
OA,Ojos abiertos,ZONE_BAND,BAI_ZB_TEMPORAL_ALPHA_W4,BAI,ZB_TEMPORAL_ALPHA,temporal,alpha,2,T7 | T8,EEG51 | EEG55,W4,25,17,8,18.675382062980805,5.089654391770822,1.0962216129571871,1.1033609154405406,0.9935294948520964,21.0,0.331762827859833,0.1553090171733251,0.1287072086132499,0.0877522628418836,0.0409549457713662,0.047004802721003,-0.0473016842357386,0.5386229274701223,-1.1674293812903576,1.0728260128188805,0.9308520723985746,1.0489199287214486,0.9629593198704206,-0.9536636047906282,3.051503462233525,0.2883787220170786,4,11.731033112161056,ok,0.5938739919768675,False,0.6893072022045257,False,0.6938197114213545,False,1.0,0.7054464477975972,False,1.0
OC,Ojos cerrados,ZONE_BAND,BAI_ZB_FRONTAL_THETA_W1,BAI,ZB_FRONTAL_THETA,frontal,theta,6,Fp1 | Fp2 | F3 | F4 | F7 | F8,EEG2 | EEG6 | EEG10 | EEG14 | EEG42 | EEG46,W1,25,8,17,17.247263672443356,11.36328711756634,0.449514130800391,0.4527769454156852,0.9927937704242014,21.0,0.3321129426000256,0.1967089024606155,0.4553595118122321,0.4297966945531383,0.0255628172590938,0.0469352128853866,-0.3265362218513067,0.4138221621190293,-1.1871265194491822,0.5340540757465688,0.4388873229171526,0.1229779089490842,0.1837339936949342,-0.2591178480860091,0.5050736659841777,0.5105801082568172,4,40.3556595216654,ok,0.5895721906681803,False,0.6893072022045257,False,0.6938197114213545,False,1.0,0.7054464477975972,False,1.0
OC,Ojos cerrados,ZONE_BAND,MSPSS_ZB_TEMPORAL_THETA_W5,MSPSS,ZB_TEMPORAL_THETA,temporal,theta,2,T7 | T8,EEG50 | EEG54,W5,25,11,14,17.275949836954464,11.393341431240168,0.353430869161321,0.3565473834632487,0.9912591861657878,21.0,0.3328440406566235,0.2593592072894961,0.2740902665073894,0.2401247850483263,0.033965481459063,0.046790227340861,-0.1970797154738734,0.2868630520595354,-0.7936440900777204,0.3994846591299735,0.499589474503001,0.1563511536874476,0.2117442467165922,-0.2839951133258112,0.5966974207007064,0.4684462561328028,4,32.3967647911154,ok,0.5895721906681803,False,0.6893072022045257,False,0.6938197114213545,False,1.0,0.7054464477975972,False,1.0
OA,Ojos abiertos,ZONE_BAND,BAI_ZB_CENTRAL_DELTA_W2,BAI,ZB_CENTRAL_DELTA,central,delta,2,C3 | C4,EEG17 | EEG21,W2,25,18,7,19.82149507444428,13.718131930474714,0.577999861212775,0.584364817482862,0.9891079064316296,21.0,0.3338708165747889,0.8074035197511991,0.0630879216016689,0.0194396661993803,0.0436482554022886,0.0465873547888358,-0.0254037846623237,0.1957173588506209,-0.4324203137816104,0.3816127444569629,0.8979612376088306,0.5525960765504513,0.5506150700410547,-0.5924706462226271,1.6976627993235298,0.3269972584898086,4,34.086507435954815,ok,0.5938739919768675,False,0.6893072022045257,False,0.6938197114213545,False,1.0,0.7054464477975972,False,1.0
OC,Ojos cerrados,ZONE_BAND,BAI_ZB_OCCIPITAL_BETA_W1,BAI,ZB_OCCIPITAL_BETA,occipital,beta,2,O1 | O2,EEG36 | EEG40,W1,25,8,17,9.984863309407029,9.960463246486944,0.4134989977477908,0.4186947878907663,0.9875905067527828,21.0,0.3345963670505758,0.2200375027349922,0.4545747732899607,0.4292427581272248,0.0253320151627359,0.046444524239439,-0.2447554633306466,0.3522946252391031,-0.9773922434010348,0.4878813167397415,0.4948298716553821,0.1687435344171441,0.2262605189478142,-0.3017909733019998,0.639278042136288,0.4640593778577,4,32.6879581046116,ok,0.5895721906681803,False,0.6893072022045257,False,0.6938197114213545,False,1.0,0.7054464477975972,False,1.0
DELTA_OC_MINUS_OA,Reactividad OC−OA,ZONE_BAND,MSPSS_ZB_FRONTAL_ALPHA_W1,MSPSS,ZB_FRONTAL_ALPHA,frontal,alpha,6,Fp1 | Fp2 | F3 | F4 | F7 | F8,EEG3 | EEG7 | EEG11 | EEG15 | EEG43 | EEG47,W1,25,8,17,0.47006688644992,2.161725189367838,-4.804054685302305,4.864689227851736,-0.987535782922724,21.0,0.3346225538103607,0.3070049328328691,0.1713557842713372,0.1328740629191354,0.0384817213522018,0.0464393772644188,4.9090761711616775,4.7650466861810905,-5.000380888194268,14.818533230517623,0.314624093818739,0.1050214858593721,0.9795567171385888,-1.9320782247980328,2.142121196516777,0.9156374655403792,4,10.309108532961991,ok,0.880585667922002,False,0.6893072022045257,False,0.6938197114213545,False,1.0,0.7054464477975972,False,1.0
OC,Ojos cerrados,ZONE_BAND,BAI_ZB_CENTRAL_BETA_W1,BAI,ZB_CENTRAL_BETA,central,beta,2,C3 | C4,EEG20 | EEG24,W1,25,8,17,10.05936711409323,10.03028756571393,0.4103601200030718,0.41618137258665,0.9860127027132476,21.0,0.3353519553380376,0.2221991999357375,0.4546658903805327,0.4294189713040087,0.0252469190765239,0.0462962404719947,-0.2407757771602267,0.3504161301058305,-0.9695060127442076,0.4879544584237543,0.4995295089760656,0.1695843428428451,0.2245338964382921,-0.2973594568008782,0.6365281424865685,0.4584732592115176,4,32.93604929993864,ok,0.5895721906681803,False,0.6893072022045257,False,0.6938197114213545,False,1.0,0.7054464477975972,False,1.0
OC,Ojos cerrados,ZONE_BAND,BAI_ZB_TEMPORAL_BETA_W3,BAI,ZB_TEMPORAL_BETA,temporal,beta,2,T7 | T8,EEG52 | EEG56,W3,25,6,19,10.185824845706325,10.10937608703711,-0.6690920440007483,0.6786189644348228,-0.9859613112315408,21.0,0.335376585807021,0.471364025227772,0.04988241003096,0.0059001227257573,0.0439822873052027,0.0462914146307257,0.575265236109027,0.621406829845532,-0.7170210104460787,1.8675514826641328,0.3650948608973325,-0.0938268078917212,0.2727219292831387,-0.6609831077897796,0.4733294920063371,0.7342384939376465,4,41.11692334975541,ok,0.5895721906681803,False,0.6893072022045257,False,0.6938197114213545,False,1.0,0.7054464477975972,False,1.0
OC,Ojos cerrados,ZONE_BAND,BAI_ZB_PARIETAL_BETA_W3,BAI,ZB_PARIETAL_BETA,parietal,beta,4,P3 | P4 | P7 | P8,EEG28 | EEG32 | EEG60 | EEG64,W3,25,6,19,10.194801346574195,10.08027651159297,-0.6703912001677932,0.6802263123645299,-0.9855414117067172,21.0,0.335577878471004,0.6508249182777398,0.0499457011352699,0.0060037953959675,0.0439419057393024,0.0462519940089855,0.5806294796467718,0.6228052274238816,-0.7145648938727033,1.875823853166247,0.3617868236840673,-0.0897617205210213,0.273535161773647,-0.6586092299653233,0.4790857889232806,0.7460445020321408,4,40.99479607326971,ok,0.5895721906681803,False,0.6893072022045257,False,0.6938197114213545,False,1.0,0.7054464477975972,False,1.0
OC,Ojos cerrados,ZONE_BAND,BAI_ZB_PARIETAL_BETA_W1,BAI,ZB_PARIETAL_BETA,parietal,beta,4,P3 | P4 | P7 | P8,EEG28 | EEG32 | EEG60 | EEG64,W1,25,8,17,10.194801346574195,10.08027651159297,0.4077724559535233,0.4139577870787476,0.9850580631207024,21.0,0.3358096908204129,0.223819945330644,0.4546756310324755,0.4294780255899868,0.0251976054424887,0.0462066375104342,-0.2382805180948949,0.3484751142879037,-0.96297419031108,0.48641315412129,0.5015898424607924,0.1694919378586283,0.2234415901419568,-0.2951802864885529,0.6341641622058096,0.4565506978817848,4,33.09054952132034,ok,0.5895721906681803,False,0.6893072022045257,False,0.6938197114213545,False,1.0,0.7054464477975972,False,1.0
OC,Ojos cerrados,ZONE,BAI_Z_OCCIPITAL_W1,BAI,Z_OCCIPITAL,occipital,all_bands,8,O1 | O2,EEG33 | EEG34 | EEG35 | EEG36 | EEG37 | EEG38 | EEG39 | EEG40,W1,25,8,17,16.84359824516788,9.511652327593085,0.5030617683168649,0.5116797748353539,0.9831574220003868,21.0,0.3367223039304393,0.1327747994809742,0.455079712125879,0.4299978482290099,0.0250818638968691,0.046028500782601,-0.3463138956738801,0.460489706576677,-1.3039546648253246,0.6113268734775642,0.46036447239431,0.1567478726429847,0.2230816489819013,-0.3071758130844578,0.6206715583704272,0.4899915326006085,4,33.34111718928006,ok,0.521732734045224,False,0.6931554667945953,False,0.6938197114213545,False,1.0,0.7054464477975972,False,1.0
OA,Ojos abiertos,ZONE_BAND,BAI_ZB_OCCIPITAL_ALPHA_W4,BAI,ZB_OCCIPITAL_ALPHA,occipital,alpha,2,O1 | O2,EEG35 | EEG39,W4,25,17,8,18.424597448260545,5.052775848091443,1.0761015346989924,1.0957433543446906,0.982074434156669,21.0,0.3372430766498216,0.1739934721900541,0.1285536116276739,0.088530560796751,0.0400230508309229,0.0459271521059113,-0.0424296177378831,0.5462869557288278,-1.1784955340656904,1.0936362985899242,0.9388265576848396,1.0336719169611093,0.9498547576293354,-0.9416591874853112,3.00900302140753,0.2888204852760005,4,11.6805012983492,ok,0.5938739919768675,False,0.6893072022045257,False,0.6938197114213545,False,1.0,0.7054464477975972,False,1.0
OA,Ojos abiertos,ZONE_BAND,BAI_ZB_PARIETAL_ALPHA_W4,BAI,ZB_PARIETAL_ALPHA,parietal,alpha,4,P3 | P4 | P7 | P8,EEG27 | EEG31 | EEG59 | EEG63,W4,25,17,8,18.674017938252018,5.097584198490498,1.0662689470534046,1.0887018988556787,0.9793947711252704,21.0,0.3385340231286264,0.16775550602064,0.1292652395873287,0.0894928074460664,0.0397724321412622,0.045676862747977,-0.0285833315746993,0.5405044049847164,-1.1526237753172122,1.0954571121678136,0.958325208586727,1.0376856154787053,0.9450538676520392,-0.9276614917039157,3.0030327226613265,0.2846274878807906,4,11.776335617952428,ok,0.5938739919768675,False,0.6893072022045257,False,0.6938197114213545,False,1.0,0.7054464477975972,False,1.0
OC,Ojos cerrados,ZONE_BAND,BAI_ZB_TEMPORAL_BETA_W1,BAI,ZB_TEMPORAL_BETA,temporal,beta,2,T7 | T8,EEG52 | EEG56,W1,25,8,17,10.185824845706325,10.10937608703711,0.403884660636408,0.4124260922997328,0.9792897883455992,21.0,0.3385846685032366,0.2268802036505935,0.454212028994497,0.4292874910091209,0.024924537985376,0.045667070931332,-0.2377326224808521,0.3468496308491391,-0.9590459168334068,0.4835806718717025,0.500584900094995,0.1661520381555558,0.2231381078826377,-0.297889060283516,0.6301931365946277,0.4647562826526353,4,33.17327799167767,ok,0.5895721906681803,False,0.6893072022045257,False,0.6938197114213545,False,1.0,0.7054464477975972,False,1.0
OA,Ojos abiertos,ZONE_BAND,MSPSS_ZB_PARIETAL_ALPHA_W5,MSPSS,ZB_PARIETAL_ALPHA,parietal,alpha,4,P3 | P4 | P7 | P8,EEG27 | EEG31 | EEG59 | EEG63,W5,25,11,14,18.674017938252018,5.097584198490498,0.7926618498164941,0.8103885135424971,0.978125721885527,21.0,0.3391465824326799,0.3573759421453575,0.2778559855673144,0.244956138386383,0.0328998471809313,0.0455585679911469,-0.3698227685629095,0.6624020975261586,-1.7473633413549634,1.0077178042291446,0.5825401001854016,0.4228390812535846,0.466854371377802,-0.5480377329353302,1.3937158954424995,0.3753593296546252,4,14.725293977165745,ok,0.5938739919768675,False,0.6893072022045257,False,0.6938197114213545,False,1.0,0.7054464477975972,False,1.0
OC,Ojos cerrados,ZONE,BAI_Z_CENTRAL_W1,BAI,Z_CENTRAL,central,all_bands,8,C3 | C4,EEG17 | EEG18 | EEG19 | EEG20 | EEG21 | EEG22 | EEG23 | EEG24,W1,25,8,17,16.991450626930785,9.578137091582258,0.5008714514147674,0.5121425820987161,0.9779922016291624,21.0,0.3392110758503195,0.1329397881129977,0.4552741627565676,0.4304640085324794,0.0248101542240881,0.0455461307832196,-0.3413407304876305,0.4620368720812263,-1.3021990064424205,0.6195175454671595,0.4682217421403295,0.1595307209271369,0.220934273566001,-0.2999272531555713,0.6189886950098452,0.47821365043234,4,33.64188971726934,ok,0.521732734045224,False,0.6931554667945953,False,0.6938197114213545,False,1.0,0.7054464477975972,False,1.0
OC,Ojos cerrados,ZONE,BAI_Z_PARIETAL_W1,BAI,Z_PARIETAL,parietal,all_bands,16,P3 | P4 | P7 | P8,EEG25 | EEG26 | EEG27 | EEG28 | EEG29 | EEG30 | EEG31 | EEG32 | EEG57 | EEG58 | EEG59 | EEG60 | EEG61 | EEG62 | EEG63 | EEG64,W1,25,8,17,17.145720979247024,9.642280433611608,0.4909601647045349,0.5021738011737302,0.9776698098487304,21.0,0.3393668334349577,0.1375662696085636,0.4549888804389079,0.4301820957429155,0.0248067846959924,0.0455161074804671,-0.3340298801809055,0.4513140855046996,-1.2725889007170903,0.6045291403552795,0.4674173986996431,0.1569302845236294,0.2202138115794069,-0.3010294068371578,0.6148899758844166,0.4839203099678704,4,33.68865466801862,ok,0.521732734045224,False,0.6931554667945953,False,0.6938197114213545,False,1.0,0.7054464477975972,False,1.0
OA,Ojos abiertos,ZONE_BAND,BAI_ZB_FRONTAL_THETA_W4,BAI,ZB_FRONTAL_THETA,frontal,theta,6,Fp1 | Fp2 | F3 | F4 | F7 | F8,EEG2 | EEG6 | EEG10 | EEG14 | EEG42 | EEG46,W4,25,17,8,15.993578360955702,12.124199158858136,0.4202574428329236,0.4307371211911623,0.9756703617063276,21.0,0.3403339283766013,0.2386782710504765,0.1222382521518559,0.0824492011597669,0.0397890509920889,0.0453301264148646,-0.0720375039747897,0.237351515967726,-0.5656370026483758,0.4215619946987963,0.7644911476479552,0.3482199388581339,0.3594422421472917,-0.399281124291333,1.095721002007601,0.343681865329186,4,28.531043682301224,ok,0.5938739919768675,False,0.6893072022045257,False,0.6938197114213545,False,1.0,0.7054464477975972,False,1.0
OA,Ojos abiertos,ZONE_BAND,BAI_ZB_TEMPORAL_DELTA_W2,BAI,ZB_TEMPORAL_DELTA,temporal,delta,2,T7 | T8,EEG49 | EEG53,W2,25,18,7,19.86197313976645,13.695071436076708,0.5582964563156816,0.574106994915492,0.9724606410654556,21.0,0.341890366805744,0.8079444400364376,0.0621300570761871,0.0198955539912956,0.0422345030848915,0.045032366591497,-0.0218282472589696,0.1966486495961382,-0.4307815015061009,0.3871250069881616,0.9126694110620688,0.536468209056712,0.5393775581380007,-0.585228828382483,1.6581652464959071,0.3312509574024814,4,33.91068989416878,ok,0.5938739919768675,False,0.6893072022045257,False,0.6938197114213545,False,1.0,0.7054464477975972,False,1.0
OA,Ojos abiertos,ZONE_BAND,BAI_ZB_FRONTAL_BETA_W4,BAI,ZB_FRONTAL_BETA,frontal,beta,6,Fp1 | Fp2 | F3 | F4 | F7 | F8,EEG4 | EEG8 | EEG12 | EEG16 | EEG44 | EEG48,W4,25,17,8,9.026447836441037,10.563593207509305,0.4799185562190289,0.4935705823753177,0.9723402758515548,21.0,0.3419488284669651,0.2056421557856668,0.124933099560865,0.0855365204530395,0.0393965791078255,0.0450212196211,-0.0582819445237947,0.2734867478272502,-0.6270287716548919,0.5104648826073024,0.8332987141704816,0.4216366116952342,0.4108733607198016,-0.4328213176874552,1.2760945410779236,0.3164752990271287,4,25.0122809211416,ok,0.5938739919768675,False,0.6893072022045257,False,0.6938197114213545,False,1.0,0.7054464477975972,False,1.0
OC,Ojos cerrados,ZONE,BAI_Z_TEMPORAL_W1,BAI,Z_TEMPORAL,temporal,all_bands,8,T7 | T8,EEG49 | EEG50 | EEG51 | EEG52 | EEG53 | EEG54 | EEG55 | EEG56,W1,25,8,17,17.08676137812887,9.647145283650715,0.4900782791330667,0.5040277114111698,0.9723240767079102,21.0,0.3419566969520003,0.1386007164688106,0.4546547165692145,0.4301034248617352,0.0245512917074792,0.0450197195307645,-0.3351416418000443,0.4534719391111025,-1.2781881645710005,0.6079048809709118,0.4680533325340568,0.1549366373330223,0.2200162137416196,-0.3026121268286142,0.612485401494659,0.48904102201049,4,33.773017691862606,ok,0.521732734045224,False,0.6931554667945953,False,0.6938197114213545,False,1.0,0.7054464477975972,False,1.0
OA,Ojos abiertos,ZONE_BAND,MSPSS_ZB_TEMPORAL_ALPHA_W5,MSPSS,ZB_TEMPORAL_ALPHA,temporal,alpha,2,T7 | T8,EEG51 | EEG55,W5,25,11,14,18.675382062980805,5.089654391770822,0.7813062453097539,0.8055674217621922,0.9698831211429,21.0,0.343143773527772,0.3682007160192726,0.2780384563608457,0.2456989361172852,0.0323395202435604,0.044793965175137,-0.3445200666467766,0.653461539299867,-1.7034677307718409,1.0144275974782873,0.6035644917641049,0.4367861786629772,0.471091167037161,-0.5429015344364228,1.4164738917623771,0.3643675968438505,4,14.633103292343208,ok,0.5938739919768675,False,0.6893072022045257,False,0.6938197114213545,False,1.0,0.7054464477975972,False,1.0
OA,Ojos abiertos,ZONE_BAND,BAI_ZB_FRONTAL_DELTA_W2,BAI,ZB_FRONTAL_DELTA,frontal,delta,6,Fp1 | Fp2 | F3 | F4 | F7 | F8,EEG1 | EEG5 | EEG9 | EEG13 | EEG41 | EEG45,W2,25,18,7,19.964887563598847,13.704489015715016,0.5705135484393287,0.5890101519661447,0.9685971396841404,21.0,0.3437703020162699,0.8002626341655948,0.0620893021925537,0.0201878997421912,0.0419014024503624,0.0446752580478241,-0.01716253626855,0.1963862757322282,-0.4255701541957994,0.3912450816586994,0.9311881217881344,0.5533510121707786,0.5553065728255039,-0.6014722247454186,1.708174249086976,0.3303620731808772,4,34.38906453426507,ok,0.5938739919768675,False,0.6893072022045257,False,0.6938197114213545,False,1.0,0.7054464477975972,False,1.0
OC,Ojos cerrados,ZONE_BAND,BAI_ZB_CENTRAL_BETA_W3,BAI,ZB_CENTRAL_BETA,central,beta,2,C3 | C4,EEG20 | EEG24,W3,25,6,19,10.05936711409323,10.03028756571393,-0.6619932348109949,0.6836910872289484,-0.9682636605577286,21.0,0.3439329004753492,0.158947451696831,0.0484301423347549,0.0059477810830617,0.0424823612516932,0.0446445007788784,0.5713453161147827,0.6259171502195563,-0.7303206551343012,1.8730112873638665,0.3717019893085939,-0.0906479186962122,0.2750658536011537,-0.6626786760570087,0.4813828386645842,0.7450045589629593,4,40.7453949091018,ok,0.5895721906681803,False,0.6893072022045257,False,0.6938197114213545,False,1.0,0.7054464477975972,False,1.0
DELTA_OC_MINUS_OA,Reactividad OC−OA,ZONE_BAND,MSPSS_ZB_PARIETAL_BETA_W2,MSPSS,ZB_PARIETAL_BETA,parietal,beta,4,P3 | P4 | P7 | P8,EEG28 | EEG32 | EEG60 | EEG64,W2,25,18,7,1.1117021144314434,5.207201183666695,-17.351058790752838,17.92662054222124,-0.9678934604482298,21.0,0.3441134651068478,0.6080045586428935,0.066686250637475,0.0250507798065986,0.0416354708308763,0.0446103690846881,-0.0229456789606816,0.4243538477341083,-0.905437815771995,0.8595464578506317,0.957388879697642,-17.37400446971352,17.92159724680537,-54.64400622380343,19.895997284376392,0.3433570934142039,4,57.00578280710232,ok,0.8881882820245798,False,0.6893072022045257,False,0.6938197114213545,False,1.0,0.7054464477975972,False,1.0
OC,Ojos cerrados,ZONE_BAND,MSPSS_ZB_PARIETAL_THETA_W5,MSPSS,ZB_PARIETAL_THETA,parietal,theta,4,P3 | P4 | P7 | P8,EEG26 | EEG30 | EEG58 | EEG62,W5,25,11,14,17.344982129937286,11.374232926109208,0.3461150669830217,0.3577604308515654,0.9674492681014928,21.0,0.3443302050074435,0.2748606596489583,0.272374006357114,0.2399441286147996,0.0324298777423144,0.0445694326833392,-0.1951366182990875,0.288062528859672,-0.7941954414629281,0.4039222048647531,0.5055405864818749,0.1509784486839342,0.2121615077012521,-0.2902355600498878,0.5921924574177564,0.4845306996652732,4,32.3526042067022,ok,0.5895721906681803,False,0.6893072022045257,False,0.6938197114213545,False,1.0,0.7054464477975972,False,1.0
OC,Ojos cerrados,ZONE_BAND,BAI_ZB_OCCIPITAL_BETA_W3,BAI,ZB_OCCIPITAL_BETA,occipital,beta,2,O1 | O2,EEG36 | EEG40,W3,25,6,19,9.984863309407029,9.960463246486944,-0.67184440718442,0.6961276846089517,-0.9651166331099548,21.0,0.3454699281879317,0.1995841692863071,0.0481436666706525,0.0059243004028411,0.0422193662678113,0.0443547674050125,0.5814114274785683,0.6388392879843325,-0.7471276003696227,1.9099504553267592,0.3730949114930927,-0.0904329797058516,0.2765467725479572,-0.6655434766113401,0.4846775171996368,0.7468990408035685,4,40.66810646582143,ok,0.5895721906681803,False,0.6893072022045257,False,0.6938197114213545,False,1.0,0.7054464477975972,False,1.0
OC,Ojos cerrados,ZONE_BAND,MSPSS_ZB_FRONTAL_THETA_W5,MSPSS,ZB_FRONTAL_THETA,frontal,theta,6,Fp1 | Fp2 | F3 | F4 | F7 | F8,EEG2 | EEG6 | EEG10 | EEG14 | EEG42 | EEG46,W5,25,11,14,17.247263672443356,11.36328711756634,0.3440125212044848,0.3584318834890253,0.959770983138608,21.0,0.3480915265170312,0.2794563200155137,0.2722764948051955,0.2403550647325433,0.0319214300726522,0.0438647780988016,-0.188875767592286,0.2889544060410984,-0.7897893508904178,0.4120378157058456,0.5204295762788801,0.1551367536121987,0.2120819802126671,-0.2859118686553256,0.5961853758797231,0.4725617445899172,4,32.33704510088968,ok,0.5895721906681803,False,0.6893072022045257,False,0.6938197114213545,False,1.0,0.7054464477975972,False,1.0
DELTA_OC_MINUS_OA,Reactividad OC−OA,ZONE_BAND,BAI_ZB_OCCIPITAL_DELTA_W4,BAI,ZB_OCCIPITAL_DELTA,occipital,delta,2,O1 | O2,EEG33 | EEG37,W4,25,17,8,1.779324914617469,7.294047387420073,-3.3287370875681703,3.4705569987145424,-0.9591362679826608,21.0,0.3484037005397153,0.3912040457406441,0.1234032583604926,0.0850023777274093,0.0384008806330832,0.0438067800266536,3.1641559130794685,3.452783332903304,-4.016300108871223,10.34461193503016,0.3698578922628319,-0.1645811744887018,0.3507893062104157,-0.8940874722662998,0.5649251232888962,0.643779827906138,4,43.95524051468963,ok,0.8881882820245798,False,0.6893072022045257,False,0.6938197114213545,False,1.0,0.7054464477975972,False,1.0
OC,Ojos cerrados,ZONE_BAND,BAI_ZB_FRONTAL_BETA_W2,BAI,ZB_FRONTAL_BETA,frontal,beta,6,Fp1 | Fp2 | F3 | F4 | F7 | F8,EEG4 | EEG8 | EEG12 | EEG16 | EEG44 | EEG48,W2,25,18,7,10.091187641957935,10.063610595271342,0.6508704644152294,0.6786019033233973,0.9591344516242064,21.0,0.3484045941589925,0.9578280669441728,0.0590563551346878,0.0178367999856019,0.0412195551490859,0.043806614109165,-0.0823955654900819,0.2754757488988128,-0.6552787467867789,0.4904876158066149,0.7678016146302508,0.5684748989251475,0.62017227845396,-0.7212439574640171,1.858193755314312,0.36973857288355,4,24.660423768141477,ok,0.5895721906681803,False,0.6893072022045257,False,0.6938197114213545,False,1.0,0.7054464477975972,False,1.0
OA,Ojos abiertos,ZONE_BAND,MSPSS_ZB_CENTRAL_ALPHA_W5,MSPSS,ZB_CENTRAL_ALPHA,central,alpha,2,C3 | C4,EEG19 | EEG23,W5,25,11,14,18.57980896524,5.058929387368242,0.7775249573499241,0.8112465200097658,0.9584324100898012,21.0,0.3487501043659388,0.3803309529629693,0.2774350312067962,0.2458282267038655,0.0316068045029307,0.0437425087957405,-0.3402134336754565,0.6585842657396344,-1.7098143906274132,1.0293875232765002,0.6108448695615035,0.4373115236744676,0.4736957685562978,-0.5477927548041279,1.422415802153063,0.3663942592295178,4,14.548536733757564,ok,0.5938739919768675,False,0.6893072022045257,False,0.6938197114213545,False,1.0,0.7054464477975972,False,1.0
OA,Ojos abiertos,ZONE_BAND,BAI_ZB_PARIETAL_DELTA_W2,BAI,ZB_PARIETAL_DELTA,parietal,delta,4,P3 | P4 | P7 | P8,EEG25 | EEG29 | EEG57 | EEG61,W2,25,18,7,19.997860311843755,13.767790509603852,0.5602937158581135,0.5846061860107498,0.958412225641093,21.0,0.3487600416078009,0.799803877329638,0.0611443161922353,0.0200781429353906,0.0410661732568446,0.0437406663932528,-0.0174662297938866,0.1952798125448557,-0.4235728315579947,0.3886403719702214,0.9295781481637936,0.5428274860642268,0.5510264853294088,-0.6030948216384453,1.688749793766899,0.3357797406754485,4,34.30719563702164,ok,0.5938739919768675,False,0.6893072022045257,False,0.6938197114213545,False,1.0,0.7054464477975972,False,1.0
OA,Ojos abiertos,ZONE_BAND,BAI_ZB_CENTRAL_ALPHA_W4,BAI,ZB_CENTRAL_ALPHA,central,alpha,2,C3 | C4,EEG19 | EEG23,W4,25,17,8,18.57980896524,5.058929387368242,1.0548436766625775,1.104414722689128,0.9551155512434218,21.0,0.3503856552663518,0.1773770687351638,0.1263114715073569,0.0883582040104942,0.0379532674968626,0.0434402722012874,-0.0334765834351872,0.5442474570293905,-1.1653011300313407,1.098347963160966,0.9515348287277126,1.0213670932273902,0.961002905931894,-0.9771478547721086,3.019882041226889,0.2999361685640579,4,11.674731779265924,ok,0.5938739919768675,False,0.6893072022045257,False,0.6942632679413767,False,1.0,0.7061019815706449,False,1.0
DELTA_OC_MINUS_OA,Reactividad OC−OA,ZONE_BAND,BAI_ZB_OCCIPITAL_BETA_W2,BAI,ZB_OCCIPITAL_BETA,occipital,beta,2,O1 | O2,EEG36 | EEG40,W2,25,18,7,1.1281152502932732,5.129693929000322,-10.962019396132405,11.488088756666082,-0.954207408066166,21.0,0.350834371399709,0.5274313436332388,0.1004733770814433,0.0614719682986052,0.039001408782838,0.0433577036956351,-0.4641842517123092,0.4766338590983488,-1.4553986239592174,0.5270301205345991,0.3412014280367407,-11.426203647844714,11.478196872566643,-35.29642077654426,12.444013480854831,0.3308404885417185,4,31.81067583684195,ok,0.8881882820245798,False,0.6893072022045257,False,0.6942632679413767,False,1.0,0.7061019815706449,False,1.0
OC,Ojos cerrados,ZONE_BAND,BAI_ZB_PARIETAL_BETA_W2,BAI,ZB_PARIETAL_BETA,parietal,beta,4,P3 | P4 | P7 | P8,EEG28 | EEG32 | EEG60 | EEG64,W2,25,18,7,10.194801346574195,10.08027651159297,0.6425666283415076,0.6760693446447011,0.9504448521907164,21.0,0.3526976225073878,0.9625159792852932,0.0587424537023728,0.0182528970015541,0.0404895567008186,0.0430164484312307,-0.0713303415998172,0.2745121417706387,-0.6422095921718851,0.4995489089722506,0.7975146384426631,0.5712362867416904,0.6178291372125568,-0.7136097406817,1.8560823141650808,0.3656844088783522,4,24.55611101054691,ok,0.5895721906681803,False,0.6893072022045257,False,0.6945231387152687,False,1.0,0.7061019815706449,False,1.0
OC,Ojos cerrados,ZONE_BAND,BAI_ZB_FRONTAL_ALPHA_W1,BAI,ZB_FRONTAL_ALPHA,frontal,alpha,6,Fp1 | Fp2 | F3 | F4 | F7 | F8,EEG3 | EEG7 | EEG11 | EEG15 | EEG43 | EEG47,W1,25,8,17,19.137598604341093,4.9731899272265085,0.8415509952520859,0.8865731837399069,0.9492177416218476,21.0,0.3533067484615645,0.173696717650012,0.4529004236198506,0.4294268734609532,0.0234735501588974,0.0429054438576039,-0.5317016557654332,0.7690552301736454,-2.1310395597947784,1.067636248263912,0.4969057991635404,0.3098493394866527,0.4410964328457844,-0.6074609091194337,1.2271595880927393,0.4901108427782997,4,16.72186602308723,ok,0.5895721906681803,False,0.6893072022045257,False,0.6945231387152687,False,1.0,0.7061019815706449,False,1.0
OC,Ojos cerrados,ZONE_BAND,BAI_ZB_TEMPORAL_BETA_W2,BAI,ZB_TEMPORAL_BETA,temporal,beta,2,T7 | T8,EEG52 | EEG56,W2,25,18,7,10.185824845706325,10.10937608703711,0.6397273299614586,0.67472114580211,0.9481358839005252,21.0,0.3538443637983232,0.9670751148322468,0.0583628455063072,0.0180535267352829,0.0403093187710242,0.0428076978257066,-0.0751096611337395,0.2737710192088216,-0.6444476629656125,0.4942283406981335,0.7864947604916958,0.5646176688277191,0.6166831063308567,-0.717845056907602,1.8470803945630403,0.3702860122233534,4,24.63542361140964,ok,0.5895721906681803,False,0.6893072022045257,False,0.6945231387152687,False,1.0,0.7061019815706449,False,1.0
OC,Ojos cerrados,ZONE_BAND,BAI_ZB_OCCIPITAL_ALPHA_W3,BAI,ZB_OCCIPITAL_ALPHA,occipital,alpha,2,O1 | O2,EEG35 | EEG39,W3,25,6,19,18.971403435617194,4.946349119009303,-1.6746513634746936,1.772618076252917,-0.944733321807644,21.0,0.3555388364749823,0.2230431346964899,0.0464159479145289,0.0058876698766614,0.0405282780378675,0.0425010023492243,1.547501745413215,1.6885234105716311,-1.9639749163583489,5.058978407184779,0.3698195092367891,-0.1271496180614786,0.5395030455985761,-1.249107620961026,0.9948083848380688,0.8159648835961358,4,22.13317646615349,ok,0.5895721906681803,False,0.6895168906256577,False,0.6945231387152687,False,1.0,0.7064780609024072,False,1.0
OA,Ojos abiertos,ZONE_BAND,MSPSS_ZB_FRONTAL_ALPHA_W5,MSPSS,ZB_FRONTAL_ALPHA,frontal,alpha,6,Fp1 | Fp2 | F3 | F4 | F7 | F8,EEG3 | EEG7 | EEG11 | EEG15 | EEG43 | EEG47,W5,25,11,14,18.667531717891176,5.079671545364602,0.7667167063401839,0.8135550262783638,0.9424275944155326,21.0,0.3566902029195319,0.3844162523105022,0.277848968785281,0.2473064585083197,0.0305425102769612,0.0422937986055162,-0.3238517363953953,0.6653659361872082,-1.7075559491005072,1.0598524763097164,0.6314929179181225,0.4428649699447885,0.4681452250578971,-0.5306963214287698,1.416426261318347,0.3549078308083292,4,14.674905667814718,ok,0.5994793326378688,False,0.6895168906256577,False,0.6945231387152687,False,1.0,0.7064780609024072,False,1.0
OC,Ojos cerrados,ZONE_BAND,BAI_ZB_CENTRAL_BETA_W2,BAI,ZB_CENTRAL_BETA,central,beta,2,C3 | C4,EEG20 | EEG24,W2,25,18,7,10.05936711409323,10.03028756571393,0.6384284957751619,0.6784506507515793,0.941009482514194,21.0,0.3573995883076326,0.9561072693957412,0.0578772389252374,0.0181511142636583,0.0397261246615791,0.0421666117229351,-0.0731016004003685,0.2761098471450084,-0.6473034611887715,0.5011002603880345,0.793779068421809,0.5653268953747934,0.6197246467704847,-0.7234610599680773,1.854114850717664,0.3720054321477806,4,24.428148181582863,ok,0.5895721906681803,False,0.6895168906256577,False,0.6945231387152687,False,1.0,0.7064780609024072,False,1.0
OC,Ojos cerrados,ZONE,BAI_Z_FRONTAL_W1,BAI,Z_FRONTAL,frontal,all_bands,24,Fp1 | Fp2 | F3 | F4 | F7 | F8,EEG1 | EEG2 | EEG3 | EEG4 | EEG5 | EEG6 | EEG7 | EEG8 | EEG9 | EEG10 | EEG11 | EEG12 | EEG13 | EEG14 | EEG15 | EEG16 | EEG41 | EEG42 | EEG43 | EEG44 | EEG45 | EEG46 | EEG47 | EEG48,W1,25,8,17,17.06317338912346,9.61764436161885,0.4790632740146742,0.5091472819930761,0.940912955754891,21.0,0.3574479087254583,0.151127838899109,0.4528153479499408,0.4297471584864937,0.0230681894634471,0.0421579614432181,-0.33200566047952,0.4588990375435101,-1.2863384522872108,0.6223271313281706,0.4773653625044858,0.1470576135351542,0.2205507381592204,-0.31160275500567,0.6057179820759784,0.512176257128186,4,33.67537100829622,ok,0.521732734045224,False,0.7148958174509167,False,0.6945231387152687,False,1.0,0.7064780609024072,False,1.0
OC,Ojos cerrados,ZONE_BAND,BAI_ZB_FRONTAL_BETA_W1,BAI,ZB_FRONTAL_BETA,frontal,beta,6,Fp1 | Fp2 | F3 | F4 | F7 | F8,EEG4 | EEG8 | EEG12 | EEG16 | EEG44 | EEG48,W1,25,8,17,10.091187641957935,10.063610595271342,0.3891916009451451,0.4170602468216298,0.9331783690992642,21.0,0.3613341112967175,0.2503196491645824,0.4515598924986587,0.4288173382508159,0.0227425542478427,0.0414677080264177,-0.2359628435349474,0.351778868287531,-0.9675270483083318,0.4956013612384369,0.5096776153579312,0.1532287574101976,0.2240332058094576,-0.3126737990698759,0.6191313138902713,0.5014815674885684,4,33.0837409715938,ok,0.5895721906681803,False,0.6938973322576181,False,0.6997096166128687,False,1.0,0.7075388872763037,False,1.0
OC,Ojos cerrados,ZONE_BAND,BAI_ZB_OCCIPITAL_BETA_W2,BAI,ZB_OCCIPITAL_BETA,occipital,beta,2,O1 | O2,EEG36 | EEG40,W2,25,18,7,9.984863309407029,9.960463246486944,0.644897293554118,0.6920299617178148,0.9318921567402946,21.0,0.361983108327724,0.9628392016659229,0.057099045882893,0.0181068140952805,0.0389922317876124,0.0413534757997176,-0.071804478635606,0.2775109062193442,-0.6489200012722789,0.5053110440010669,0.7983514479348246,0.5730928149185119,0.63395044352416,-0.7452793043055841,1.891464934142608,0.3762481105533568,4,24.301814213543224,ok,0.5895721906681803,False,0.6938973322576181,False,0.6997096166128687,False,1.0,0.7075388872763037,False,1.0
OC,Ojos cerrados,ZONE_BAND,MSPSS_ZB_CENTRAL_ALPHA_W5,MSPSS,ZB_CENTRAL_ALPHA,central,alpha,2,C3 | C4,EEG19 | EEG23,W5,25,11,14,19.100330072963768,4.985768157295781,0.7454417610593784,0.8022796651886414,0.9291544998639614,21.0,0.3633670822540182,0.4262479634466792,0.2855190921075441,0.256146166692947,0.0293729254145971,0.0411108611722601,-0.1987421161141587,0.6393985104997155,-1.5284441108476237,1.1309598786193062,0.7589965861800905,0.5466996449452197,0.4845845704786151,-0.4610491367635243,1.5544484266539638,0.2719678143362511,4,14.099549539457572,ok,0.5895721906681803,False,0.6943320043070412,False,0.7005792074306264,False,1.0,0.7075388872763037,False,1.0
OA,Ojos abiertos,ZONE_BAND,BAI_ZB_FRONTAL_ALPHA_W4,BAI,ZB_FRONTAL_ALPHA,frontal,alpha,6,Fp1 | Fp2 | F3 | F4 | F7 | F8,EEG3 | EEG7 | EEG11 | EEG15 | EEG43 | EEG47,W4,25,17,8,18.667531717891176,5.079671545364602,1.0162193664505612,1.1042528367049385,0.9202777956929984,21.0,0.3678789355620208,0.184464204092916,0.1243332276086984,0.0890183697225043,0.0353148578861941,0.0403291057735982,-0.0151626579091315,0.5419360189316099,-1.1421803058359092,1.1118549900176462,0.9779433372825336,1.0010567085414297,0.9621224863578756,-0.9997865344122264,3.0018999514950857,0.3099545916323528,4,11.71625789387281,ok,0.6131315592700347,False,0.6998136300620306,False,0.7060204325239922,False,1.0,0.7138275628340786,False,1.0
DELTA_OC_MINUS_OA,Reactividad OC−OA,ZONE_BAND,BAI_ZB_PARIETAL_ALPHA_W2,BAI,ZB_PARIETAL_ALPHA,parietal,alpha,4,P3 | P4 | P7 | P8,EEG27 | EEG31 | EEG59 | EEG63,W2,25,18,7,0.5676850949825529,2.179428933916049,-15.292724504607497,16.641926478588193,-0.9189275366817294,21.0,0.3685685118326694,0.6841455621604917,0.11233128206928,0.0766373697693801,0.0356939122998998,0.040210848460569,-1.2472431976962175,1.1139612295704917,-3.5638523932008805,1.069365997808445,0.2755073050302551,-16.539967702303713,16.604601991548865,-51.07112789012153,17.991192485514105,0.3305380579725943,4,15.604136815197888,ok,0.9214212795816736,False,0.6998136300620306,False,0.7060204325239922,False,1.0,0.7141349249588007,False,1.0
DELTA_OC_MINUS_OA,Reactividad OC−OA,ZONE_BAND,MSPSS_ZB_OCCIPITAL_ALPHA_W1,MSPSS,ZB_OCCIPITAL_ALPHA,occipital,alpha,2,O1 | O2,EEG35 | EEG39,W1,25,8,17,0.5468059873566545,2.249692105295761,-3.905829469724088,4.312731982922948,-0.9056508693769832,21.0,0.3753948013099885,0.6843473286670342,0.1677906784169439,0.1352868214661057,0.0325038569508382,0.039057309390633,4.084740284138672,4.206604231852747,-4.663372115712347,12.83285268398969,0.3425855170454578,0.1789108144145839,0.950861710810296,-1.7985143638079548,2.1563359926371226,0.8525602870275376,4,10.301980916068016,ok,0.9269007439752804,False,0.700645673281214,False,0.7060204325239922,False,1.0,0.7157107893951369,False,1.0
OC,Ojos cerrados,ZONE_BAND,MSPSS_ZB_OCCIPITAL_ALPHA_W5,MSPSS,ZB_OCCIPITAL_ALPHA,occipital,alpha,2,O1 | O2,EEG35 | EEG39,W5,25,11,14,18.971403435617194,4.946349119009303,0.7303196614871496,0.8086589459060839,0.90312444471735,21.0,0.3767032125742588,0.4407851007230844,0.2819213007781054,0.2540313373818047,0.0278899633963006,0.0388397029831438,-0.2011124247121087,0.6421370204518496,-1.5365094626559563,1.1342846132317388,0.7572238767046812,0.5292072367750408,0.4915173829674387,-0.4929591177683615,1.551373591318443,0.2938370209003786,4,13.960785555468735,ok,0.5895721906681803,False,0.700645673281214,False,0.7060204325239922,False,1.0,0.7157107893951369,False,1.0
OC,Ojos cerrados,ZONE,BAI_Z_OCCIPITAL_W2,BAI,Z_OCCIPITAL,occipital,all_bands,8,O1 | O2,EEG33 | EEG34 | EEG35 | EEG36 | EEG37 | EEG38 | EEG39 | EEG40,W2,25,18,7,16.84359824516788,9.511652327593085,0.685577697282745,0.7600901344127595,0.9019689458440578,21.0,0.377302638995529,0.7294983445094054,0.0543142706150243,0.0176780461310803,0.0366362244839439,0.0387403799650971,-0.119140084498963,0.2876818240092842,-0.7174071885851824,0.4791270195872562,0.6829721837905248,0.5664376127837819,0.7035454360354408,-0.896665216390493,2.0295404419580567,0.4297731967420195,4,23.160076531944505,ok,0.521732734045224,False,0.7181497633328379,False,0.7060204325239922,False,1.0,0.7157107893951369,False,1.0
OC,Ojos cerrados,ZONE_BAND,MSPSS_ZB_PARIETAL_ALPHA_W5,MSPSS,ZB_PARIETAL_ALPHA,parietal,alpha,4,P3 | P4 | P7 | P8,EEG27 | EEG31 | EEG59 | EEG63,W5,25,11,14,19.241703033234568,4.994852396993947,0.7150666294935436,0.7981569677997197,0.8958972462080594,21.0,0.3804627503078306,0.4445619537866819,0.2826426110107044,0.25522480592894,0.0274178050817643,0.0382205655125321,-0.1807981413237741,0.6314546605734952,-1.4939799957702324,1.132383713122684,0.7774385949631971,0.5342684881697695,0.4881798407218947,-0.4809570673124363,1.5494940436519753,0.2861700335909672,4,14.06362258532976,ok,0.5895721906681803,False,0.700645673281214,False,0.7060204325239922,False,1.0,0.7157107893951369,False,1.0
OC,Ojos cerrados,ZONE,BAI_Z_CENTRAL_W2,BAI,Z_CENTRAL,central,all_bands,8,C3 | C4,EEG17 | EEG18 | EEG19 | EEG20 | EEG21 | EEG22 | EEG23 | EEG24,W2,25,18,7,16.991450626930785,9.578137091582258,0.6699852080938663,0.7479587032350324,0.8957516039269023,21.0,0.3805387657802128,0.7465773075409361,0.0536952888239123,0.0175387461196961,0.0361565427042162,0.0382081398065535,-0.1128509131050818,0.2862994909155803,-0.7082432981516091,0.4825414719414455,0.6974291058456926,0.5571342949887845,0.6909955305546563,-0.879869576997627,1.994138166975196,0.4291194512308224,4,23.305951533417264,ok,0.521732734045224,False,0.7181497633328379,False,0.7060204325239922,False,1.0,0.7157107893951369,False,1.0
OC,Ojos cerrados,ZONE_BAND,MSPSS_ZB_TEMPORAL_ALPHA_W5,MSPSS,ZB_TEMPORAL_ALPHA,temporal,alpha,2,T7 | T8,EEG51 | EEG55,W5,25,11,14,19.199964560885796,4.996790816512311,0.7136817013844585,0.7972432684130347,0.8951868641112379,21.0,0.3808336166050456,0.4422792029029489,0.2831198341016341,0.2557637032995262,0.0273561308021078,0.038159977222729,-0.1746223085717028,0.6300538589870195,-1.4848910366452095,1.135646419501804,0.7843713091761105,0.5390593928127556,0.4884966364320868,-0.4768249754143159,1.5549437610398271,0.282292323613024,4,14.065488513237726,ok,0.5895721906681803,False,0.700645673281214,False,0.7060204325239922,False,1.0,0.7157107893951369,False,1.0
OC,Ojos cerrados,ZONE,BAI_Z_FRONTAL_W2,BAI,Z_FRONTAL,frontal,all_bands,24,Fp1 | Fp2 | F3 | F4 | F7 | F8,EEG1 | EEG2 | EEG3 | EEG4 | EEG5 | EEG6 | EEG7 | EEG8 | EEG9 | EEG10 | EEG11 | EEG12 | EEG13 | EEG14 | EEG15 | EEG16 | EEG41 | EEG42 | EEG43 | EEG44 | EEG45 | EEG46 | EEG47 | EEG48,W2,25,18,7,17.06317338912346,9.61764436161885,0.6615072475411665,0.7401009212356728,0.8938068154768862,21.0,0.3815547734562464,0.8247326987290005,0.0535761866188996,0.0175719432729024,0.0360042433459971,0.0380424106377585,-0.1153944747583361,0.2864174165260011,-0.7110320995369425,0.4802431500202703,0.6911019510748023,0.5461127727828304,0.6824327345053597,-0.8730837899898843,1.965309335555545,0.4325296291841641,4,23.57891702008419,ok,0.521732734045224,False,0.7181497633328379,False,0.7060204325239922,False,1.0,0.7157107893951369,False,1.0
OC,Ojos cerrados,ZONE,BAI_Z_TEMPORAL_W2,BAI,Z_TEMPORAL,temporal,all_bands,8,T7 | T8,EEG49 | EEG50 | EEG51 | EEG52 | EEG53 | EEG54 | EEG55 | EEG56,W2,25,18,7,17.08676137812887,9.647145283650715,0.6570645571895545,0.7372522114636079,0.8912344337158877,21.0,0.3829013923668721,0.839730081592242,0.0533886553760579,0.017584261561947,0.0358043938141109,0.0378237531352794,-0.114904903034449,0.2848658476646564,-0.7073158637279546,0.4775060576590565,0.6907573097830337,0.5421596541551055,0.6799943177279325,-0.8719659433280555,1.9562852516382665,0.4341995689557266,4,23.493359006217123,ok,0.521732734045224,False,0.7181497633328379,False,0.7060204325239922,False,1.0,0.7157107893951369,False,1.0
OA,Ojos abiertos,ZONE_BAND,MSPSS_ZB_OCCIPITAL_BETA_W5,MSPSS,ZB_OCCIPITAL_BETA,occipital,beta,2,O1 | O2,EEG36 | EEG40,W5,25,11,14,8.856748059113755,10.51561976491168,0.3437345399911569,0.3872274638300442,0.8876812005824656,21.0,0.3847666092765552,0.3879573513599983,0.2696706179021073,0.2422666453810765,0.0274039725210307,0.0375227578032148,-0.1637587277914544,0.3106482650766603,-0.8097871606855113,0.4822697051026025,0.603613329761449,0.1799758121997025,0.231176910934265,-0.3007828923605728,0.6607345167599779,0.4449468282347719,4,29.91253312368563,ok,0.6311552439577133,False,0.700645673281214,False,0.7060204325239922,False,1.0,0.7157107893951369,False,1.0
DELTA_OC_MINUS_OA,Reactividad OC−OA,ZONE_BAND,MSPSS_ZB_TEMPORAL_BETA_W4,MSPSS,ZB_TEMPORAL_BETA,temporal,beta,2,T7 | T8,EEG52 | EEG56,W4,25,17,8,1.0831878700577655,4.9809001533439465,6.5634810945078295,7.396244549616367,0.887407257896613,21.0,0.3849106584974353,0.6921278878811772,0.0958472237811922,0.061941854553021,0.0339053692281712,0.0374996019698843,-6.450362058077161,7.382145774321593,-21.80237461415428,8.90165049799996,0.3921216484654605,0.1131190364306684,0.4564616132771779,-0.8361448541272827,1.0623829269886196,0.8066828820337607,4,49.12513764751914,ok,0.9353269690194126,False,0.700645673281214,False,0.7060204325239922,False,1.0,0.7157107893951369,False,1.0
OA,Ojos abiertos,ZONE_BAND,MSPSS_ZB_CENTRAL_BETA_W5,MSPSS,ZB_CENTRAL_BETA,central,beta,2,C3 | C4,EEG20 | EEG24,W5,25,11,14,8.89451872745027,10.61090014694074,0.3421205971201386,0.3856059791917606,0.8872284549042305,21.0,0.385004698814205,0.3824793849743578,0.2693160599709437,0.2419267436945181,0.0273893162764256,0.0374844919615127,-0.1685140033194681,0.3109686130410943,-0.8152086362754923,0.4781806296365559,0.5935910693341352,0.1736065938006704,0.2280142383530787,-0.3005749730734292,0.6477881606747702,0.4548931125943017,4,30.2851381603418,ok,0.6311552439577133,False,0.700645673281214,False,0.7060204325239922,False,1.0,0.7157107893951369,False,1.0
OC,Ojos cerrados,ZONE_BAND,MSPSS_ZB_CENTRAL_BETA_W5,MSPSS,ZB_CENTRAL_BETA,central,beta,2,C3 | C4,EEG20 | EEG24,W5,25,11,14,10.05936711409323,10.03028756571393,0.3494446003061126,0.3943729168498867,0.8860765670658984,21.0,0.3856108881596036,0.4370733813536401,0.2728913112091048,0.2457067365263153,0.0271845746827894,0.0373872229858709,-0.1238231879896884,0.3052442269997585,-0.7586133084815849,0.5109669325022079,0.6891010627205854,0.2256214123164241,0.2497117526829834,-0.2936826057543223,0.7449254303871707,0.376494320364534,4,27.841375522155403,ok,0.5895721906681803,False,0.700645673281214,False,0.7060204325239922,False,1.0,0.7157107893951369,False,1.0
OC,Ojos cerrados,ZONE_BAND,BAI_ZB_CENTRAL_THETA_W4,BAI,ZB_CENTRAL_THETA,central,theta,2,C3 | C4,EEG18 | EEG22,W4,25,17,8,17.149842108868302,11.366654659893218,0.4844838939250958,0.5472936428945847,0.8852357417541085,21.0,0.3860537733044986,0.2611911354782337,0.1123195190549773,0.0791945671427749,0.0331249519122024,0.0373163008799491,-0.0868714113543423,0.2399415190371753,-0.5858571162690422,0.4121142935603575,0.7209306451170076,0.3976124825707535,0.4918926701984471,-0.6253343244940037,1.4205592896355106,0.4279623268296454,4,26.77794429916722,ok,0.5895721906681803,False,0.700645673281214,False,0.7060204325239922,False,1.0,0.7157107893951369,False,1.0
OC,Ojos cerrados,ZONE,BAI_Z_PARIETAL_W2,BAI,Z_PARIETAL,parietal,all_bands,16,P3 | P4 | P7 | P8,EEG25 | EEG26 | EEG27 | EEG28 | EEG29 | EEG30 | EEG31 | EEG32 | EEG57 | EEG58 | EEG59 | EEG60 | EEG61 | EEG62 | EEG63 | EEG64,W2,25,18,7,17.145720979247024,9.642280433611608,0.6524894787981755,0.7384681860220264,0.8835715487122063,21.0,0.386931330116497,0.8596921000985305,0.052731280284565,0.0175154973944939,0.0352157828900711,0.0371761276996987,-0.1105795987454914,0.2851094594645867,-0.7034971779108713,0.4823379804198883,0.7020307977168873,0.541909880052684,0.6812105826324725,-0.8747450787648148,1.9585648388701828,0.4352170412528611,4,23.492458902726717,ok,0.521732734045224,False,0.7181497633328379,False,0.7060204325239922,False,1.0,0.7157107893951369,False,1.0
OC,Ojos cerrados,ZONE_BAND,MSPSS_ZB_FRONTAL_ALPHA_W5,MSPSS,ZB_FRONTAL_ALPHA,frontal,alpha,6,Fp1 | Fp2 | F3 | F4 | F7 | F8,EEG3 | EEG7 | EEG11 | EEG15 | EEG43 | EEG47,W5,25,11,14,19.137598604341093,4.9731899272265085,0.7106507567782716,0.8053380313350266,0.8824254277426961,21.0,0.387536457360771,0.4465421890771659,0.2838222947365516,0.2572666083737661,0.0265556863627854,0.0370797445488992,-0.1670709892142161,0.6418180296185116,-1.5018046494047128,1.1676626709762803,0.7971608012780733,0.5435797675640555,0.486455508316215,-0.468059842374386,1.555219377502497,0.2764322926859252,4,14.065718748786416,ok,0.5895721906681803,False,0.700645673281214,False,0.7060204325239922,False,1.0,0.7157107893951369,False,1.0
DELTA_OC_MINUS_OA,Reactividad OC−OA,ZONE_BAND,MSPSS_ZB_FRONTAL_ALPHA_W2,MSPSS,ZB_FRONTAL_ALPHA,frontal,alpha,6,Fp1 | Fp2 | F3 | F4 | F7 | F8,EEG3 | EEG7 | EEG11 | EEG15 | EEG43 | EEG47,W2,25,18,7,0.47006688644992,2.161725189367838,-17.60757865977531,19.98035937528526,-0.8812443424593771,21.0,0.3881606921430562,0.685782046290012,0.0619243857382258,0.0272338317445456,0.0346905539936802,0.0369805519579359,0.285129340562433,1.0226068155834342,-1.8414979508377616,2.411756631962628,0.7831056858886081,-17.322449319212875,19.95417339972448,-58.81942458137669,24.17452594295094,0.3951459146779768,4,20.225002145647483,ok,0.9353269690194126,False,0.700645673281214,False,0.7060204325239922,False,1.0,0.7157107893951369,False,1.0
OC,Ojos cerrados,ZONE_BAND,BAI_ZB_OCCIPITAL_THETA_W4,BAI,ZB_OCCIPITAL_THETA,occipital,theta,2,O1 | O2,EEG34 | EEG38,W4,25,17,8,17.048187388373652,11.252490706558492,0.4887114503212322,0.5547282374560799,0.8809925605417293,21.0,0.3882938504670056,0.2606159463269567,0.1120440192834497,0.0792256782176362,0.0328183410658134,0.0369594234157083,-0.0849579053209621,0.2427979431368286,-0.5898838693397148,0.4199680586977905,0.729889729701391,0.4037535450002701,0.4987710659607814,-0.6334976691213536,1.4410047591218935,0.4273069497540929,4,26.625686232142268,ok,0.5895721906681803,False,0.700645673281214,False,0.7060204325239922,False,1.0,0.7157107893951369,False,1.0
OC,Ojos cerrados,ZONE_BAND,BAI_ZB_TEMPORAL_DELTA_W1,BAI,ZB_TEMPORAL_DELTA,temporal,delta,2,T7 | T8,EEG49 | EEG53,W1,25,8,17,21.68530626896891,12.654098636436837,0.3918989172215097,0.4466418245679677,0.877434435524684,21.0,0.3901788040390518,0.1656259956956658,0.4507544051875094,0.4306182459566546,0.0201361592308547,0.0366614851735481,-0.2864799224183643,0.4151414571697864,-1.1498138442690753,0.5768539994323465,0.4977014836066575,0.1054189948031453,0.1647619191207402,-0.2372221732842481,0.4480601628905389,0.5292048126220998,4,47.65390987296096,ok,0.5895721906681803,False,0.700645673281214,False,0.7060204325239922,False,1.0,0.7157107893951369,False,1.0
OC,Ojos cerrados,ZONE_BAND,MSPSS_ZB_OCCIPITAL_BETA_W5,MSPSS,ZB_OCCIPITAL_BETA,occipital,beta,2,O1 | O2,EEG36 | EEG40,W5,25,11,14,9.984863309407029,9.960463246486944,0.3480515823049516,0.3976776788662896,0.8752102539352636,21.0,0.3913601129277482,0.4448829134256663,0.2727819872481546,0.2462560872983091,0.0265258999498454,0.0364758565996867,-0.1200299487386436,0.3085854565505868,-0.7617685364628558,0.5217086389855686,0.7012156015430733,0.228021633566308,0.2508436809527914,-0.29363635820557,0.749679625338186,0.3736552466382789,4,27.68572194488619,ok,0.5895721906681803,False,0.700645673281214,False,0.7060204325239922,False,1.0,0.7157107893951369,False,1.0
OA,Ojos abiertos,ZONE_BAND,MSPSS_ZB_TEMPORAL_BETA_W5,MSPSS,ZB_TEMPORAL_BETA,temporal,beta,2,T7 | T8,EEG52 | EEG56,W5,25,11,14,9.10263697564856,10.55684675404469,0.3379997878457944,0.3862378839678239,0.8751078075861456,21.0,0.3914145803610417,0.392636049752301,0.2687907988217344,0.242125560465843,0.0266652383558914,0.0364673178522962,-0.1619303371388674,0.3101494567163125,-0.8069214412608792,0.4830607669831443,0.607061844576914,0.1760694507069269,0.2301890907721698,-0.3026349693681539,0.6547738707820079,0.4528473405211748,4,30.045872887603814,ok,0.6364464721317752,False,0.700645673281214,False,0.7060204325239922,False,1.0,0.7157107893951369,False,1.0
OC,Ojos cerrados,ZONE_BAND,BAI_ZB_PARIETAL_DELTA_W1,BAI,ZB_PARIETAL_DELTA,parietal,delta,4,P3 | P4 | P7 | P8,EEG25 | EEG29 | EEG57 | EEG61,W1,25,8,17,21.80139740724204,12.686983185554586,0.3854658565573612,0.4405584838771285,0.874948209293519,21.0,0.3914994434812585,0.1692532539897638,0.450552003308809,0.4305224163842562,0.0200295869245528,0.0364540175688549,-0.2805959714344507,0.4086683215962934,-1.1304682709277265,0.5692763280588249,0.4998403118929505,0.1048698851229105,0.1645660373217454,-0.2373639244633633,0.4471036947091844,0.5308480732484997,4,47.4943213682679,ok,0.5895721906681803,False,0.700645673281214,False,0.7060204325239922,False,1.0,0.7157107893951369,False,1.0
OC,Ojos cerrados,ZONE_BAND,BAI_ZB_CENTRAL_DELTA_W4,BAI,ZB_CENTRAL_DELTA,central,delta,2,C3 | C4,EEG17 | EEG21,W4,25,17,8,21.65626321179784,12.53783633299731,0.4882616706196412,0.5590428493725625,0.8733886341049492,21.0,0.392329346016205,0.39715478949282,0.1117195432327106,0.0794534871529741,0.0322660560797364,0.036324176484938,-0.0870382065117256,0.2126274387119711,-0.529221171826127,0.3551447588026758,0.6864308195238219,0.4012234641079156,0.5170285096021117,-0.673996182579554,1.476443110795385,0.4463906849923744,4,29.94512837830703,ok,0.5895721906681803,False,0.700645673281214,False,0.7060204325239922,False,1.0,0.7157107893951369,False,1.0
OC,Ojos cerrados,ZONE_BAND,MSPSS_ZB_PARIETAL_BETA_W5,MSPSS,ZB_PARIETAL_BETA,parietal,beta,4,P3 | P4 | P7 | P8,EEG28 | EEG32 | EEG60 | EEG64,W5,25,11,14,10.194801346574195,10.08027651159297,0.3428757309853181,0.3929747200482952,0.8725134556827978,21.0,0.3927955588863244,0.4451001648771981,0.2722635661648207,0.2458820901593863,0.0263814760054343,0.036251415730835,-0.1200309668348639,0.3047628909844151,-0.7538200942852861,0.5137581606155582,0.697662145922273,0.2228447641504541,0.2480901265182823,-0.2930868976972076,0.7387764259981158,0.379240759322537,4,28.0099559736704,ok,0.5895721906681803,False,0.700645673281214,False,0.7060204325239922,False,1.0,0.7157107893951369,False,1.0
OC,Ojos cerrados,ZONE_BAND,BAI_ZB_OCCIPITAL_DELTA_W1,BAI,ZB_OCCIPITAL_DELTA,occipital,delta,2,O1 | O2,EEG33 | EEG37,W1,25,8,17,21.36993884727363,12.45982274524686,0.3953831253866612,0.4539416485529485,0.8709998887457076,21.0,0.393602694950193,0.1709535943684606,0.4500644961164409,0.4301976621154177,0.0198668340010231,0.0361257526759532,-0.2922880651290661,0.4218379793971419,-1.169548167315312,0.5849720370571799,0.4959695513283365,0.1030950602575951,0.1676774863513438,-0.2456093618077959,0.4517994823229862,0.5452647117274959,4,47.10903587708384,ok,0.5895721906681803,False,0.700645673281214,False,0.7060204325239922,False,1.0,0.7157107893951369,False,1.0
OA,Ojos abiertos,ZONE_BAND,MSPSS_ZB_PARIETAL_BETA_W5,MSPSS,ZB_PARIETAL_BETA,parietal,beta,4,P3 | P4 | P7 | P8,EEG28 | EEG32 | EEG60 | EEG64,W5,25,11,14,9.083099232142752,10.579108492458875,0.3360410043568679,0.3867844562361356,0.868806899912523,21.0,0.3947740544950021,0.393257149203167,0.2680867979144307,0.2417788599620198,0.0263079379524108,0.0359440680635995,-0.1653869402908714,0.3116572125966392,-0.8135135944160802,0.4827397138343373,0.6012154756345062,0.1706540640659965,0.2290676699632153,-0.3057182337690169,0.64702636190101,0.4645320554135271,4,30.176768019952256,ok,0.6367323459596809,False,0.700645673281214,False,0.7060204325239922,False,1.0,0.7157107893951369,False,1.0
OC,Ojos cerrados,ZONE,BAI_Z_CENTRAL_W4,BAI,Z_CENTRAL,central,all_bands,8,C3 | C4,EEG17 | EEG18 | EEG19 | EEG20 | EEG21 | EEG22 | EEG23 | EEG24,W4,25,17,8,16.991450626930785,9.578137091582258,0.5668040930715014,0.6553719742767937,0.8648586075060236,21.0,0.3968886835226269,0.1711877595821163,0.1109147641123152,0.0792472241059781,0.031667540006337,0.0356181148084406,-0.0942935936688981,0.2833528309129886,-0.6835580637783305,0.4949708764405342,0.7426010791385359,0.4725104994026032,0.5909514344521535,-0.756440285245777,1.7014612840509835,0.4329083541429772,4,22.42904292786683,ok,0.521732734045224,False,0.7181497633328379,False,0.7060204325239922,False,1.0,0.7157107893951369,False,1.0
OC,Ojos cerrados,ZONE_BAND,BAI_ZB_CENTRAL_DELTA_W1,BAI,ZB_CENTRAL_DELTA,central,delta,2,C3 | C4,EEG17 | EEG21,W1,25,8,17,21.65626321179784,12.53783633299731,0.4009459621075174,0.4644065311088436,0.8633512563877941,21.0,0.3976979219223736,0.1600220229124619,0.4505403430078271,0.4310377855236709,0.0195025574841561,0.0354940662812556,-0.2938930446877433,0.4339079386136202,-1.196254001165876,0.6084679117903895,0.5055990420075396,0.107052917419774,0.1655213791164992,-0.2371676341893168,0.4512734690288649,0.5247928255477018,4,47.71265936462261,ok,0.5895721906681803,False,0.700645673281214,False,0.7060204325239922,False,1.0,0.7157107893951369,False,1.0
OC,Ojos cerrados,ZONE_BAND,MSPSS_ZB_TEMPORAL_BETA_W5,MSPSS,ZB_TEMPORAL_BETA,temporal,beta,2,T7 | T8,EEG52 | EEG56,W5,25,11,14,10.185824845706325,10.10937608703711,0.3378049617616249,0.3916270248745936,0.8625680566089545,21.0,0.3981188124474816,0.4516725487618682,0.2718142811597525,0.2460148812515991,0.0257993999081533,0.0354296977277212,-0.1157173202516086,0.3031975712548517,-0.7462511871210054,0.5148165466177881,0.7065506516083209,0.2220876415100162,0.2478769037189319,-0.2934005992521047,0.7375758822721372,0.3804303141406178,4,28.064786719744166,ok,0.5895721906681803,False,0.700645673281214,False,0.7060204325239922,False,1.0,0.7157107893951369,False,1.0
OA,Ojos abiertos,ZONE_BAND,MSPSS_ZB_FRONTAL_BETA_W5,MSPSS,ZB_FRONTAL_BETA,frontal,beta,6,Fp1 | Fp2 | F3 | F4 | F7 | F8,EEG4 | EEG8 | EEG12 | EEG16 | EEG44 | EEG48,W5,25,11,14,9.026447836441037,10.563593207509305,0.3329002451286162,0.3863948840033836,0.8615544845715427,21.0,0.3986639319201085,0.4041001025249559,0.2684944426532046,0.2426382943628722,0.0258561482903324,0.0353464823754913,-0.1547725086648984,0.3105778477634215,-0.8006545007394354,0.4911094834096385,0.623425541526135,0.1781277364637177,0.229874763431372,-0.2999230041216635,0.656178477049099,0.4470424598939473,4,30.08388463373055,ok,0.6378622910721737,False,0.700645673281214,False,0.7060204325239922,False,1.0,0.7157107893951369,False,1.0
OC,Ojos cerrados,ZONE_BAND,BAI_ZB_OCCIPITAL_DELTA_W4,BAI,ZB_OCCIPITAL_DELTA,occipital,delta,2,O1 | O2,EEG33 | EEG37,W4,25,17,8,21.36993884727363,12.45982274524686,0.4798565080386118,0.5570159042261696,0.8614772116879662,21.0,0.3987055106050222,0.2685560006478196,0.1112137327974225,0.0798038997266357,0.0314098330707868,0.0353401422027459,-0.0958923731488353,0.214893654324487,-0.5427881918261628,0.3510034455284921,0.6599970676042533,0.3839641348897765,0.5138943810667375,-0.6847377347043725,1.4526660044839257,0.4632481730558331,4,29.873334747595425,ok,0.5895721906681803,False,0.700645673281214,False,0.7060204325239922,False,1.0,0.7157107893951369,False,1.0
OC,Ojos cerrados,ZONE_BAND,MSPSS_ZB_FRONTAL_BETA_W5,MSPSS,ZB_FRONTAL_BETA,frontal,beta,6,Fp1 | Fp2 | F3 | F4 | F7 | F8,EEG4 | EEG8 | EEG12 | EEG16 | EEG44 | EEG48,W5,25,11,14,10.091187641957935,10.063610595271342,0.3384728221122636,0.3940935180409228,0.8588642203374593,21.0,0.4001131469097523,0.4497239434898386,0.2722560621814227,0.2466932680117699,0.0255627941696527,0.0351260832845652,-0.1132766349483851,0.3063299324628428,-0.7503246035526081,0.5237713336558378,0.7152446251779692,0.2251961871638785,0.2479348169160221,-0.2904124906847035,0.7408048650124606,0.3740323387006584,4,27.99835739497792,ok,0.5895721906681803,False,0.700645673281214,False,0.7060204325239922,False,1.0,0.7162676551907265,False,1.0
OC,Ojos cerrados,ZONE,BAI_Z_OCCIPITAL_W4,BAI,Z_OCCIPITAL,occipital,all_bands,8,O1 | O2,EEG33 | EEG34 | EEG35 | EEG36 | EEG37 | EEG38 | EEG39 | EEG40,W4,25,17,8,16.84359824516788,9.511652327593085,0.5676045682526688,0.6614928758406994,0.8580660336383718,21.0,0.4005437738283561,0.1721538452634498,0.1103921969517737,0.0792018137434474,0.0311903832083262,0.0350608246706615,-0.097688140834366,0.285690873253641,-0.6918148361649787,0.4964385544962467,0.7357969261211699,0.4699164274183028,0.5966184289205044,-0.7708195173844552,1.7106523722210607,0.4397114761081096,4,22.33444999261681,ok,0.521732734045224,False,0.7181497633328379,False,0.7060204325239922,False,1.0,0.7162676551907265,False,1.0
DELTA_OC_MINUS_OA,Reactividad OC−OA,ZONE_BAND,MSPSS_ZB_CENTRAL_BETA_W4,MSPSS,ZB_CENTRAL_BETA,central,beta,2,C3 | C4,EEG20 | EEG24,W4,25,17,8,1.1648483866429604,5.25619916842377,5.366350192433189,6.256982387895375,0.8576578707996391,21.0,0.4007640957330585,0.7752365187246409,0.0936896948580642,0.0619439312160254,0.0317457636420387,0.0350274773021223,-5.2566427361211465,6.241869359344003,-18.237320672794425,7.724035200552133,0.4091882523734655,0.1097074563120426,0.4346211031639434,-0.7941366070385112,1.0135515196625964,0.8031699479895131,4,46.13501232821333,ok,0.9444361710470368,False,0.700645673281214,False,0.7060204325239922,False,1.0,0.7162676551907265,False,1.0
OC,Ojos cerrados,ZONE_BAND,BAI_ZB_TEMPORAL_DELTA_W4,BAI,ZB_TEMPORAL_DELTA,temporal,delta,2,T7 | T8,EEG49 | EEG53,W4,25,17,8,21.68530626896891,12.654098636436837,0.4627300208825765,0.5408023082171842,0.8556361795274472,21.0,0.4018565339228261,0.2774284220766047,0.1105711988870118,0.0795634546231283,0.0310077442638835,0.0348625367483962,-0.090028556107483,0.2118154446552065,-0.5305228873396002,0.3504657751246341,0.6751360863453321,0.3727014647750934,0.4975955727079486,-0.6621051773035551,1.407508106853742,0.4621622818730543,4,30.16178350138865,ok,0.5895721906681803,False,0.700645673281214,False,0.7060204325239922,False,1.0,0.7164024409392108,False,1.0
OC,Ojos cerrados,ZONE_BAND,BAI_ZB_PARIETAL_THETA_W4,BAI,ZB_PARIETAL_THETA,parietal,theta,4,P3 | P4 | P7 | P8,EEG26 | EEG30 | EEG58 | EEG62,W4,25,17,8,17.344982129937286,11.374232926109208,0.463871800234734,0.5425984002240707,0.8549081605164596,21.0,0.4022503941652349,0.2521349308386155,0.1102353076460176,0.0792686167804558,0.0309666908655618,0.0348032363294115,-0.0805007106560818,0.2409571404727212,-0.5815985159691452,0.4205970946569815,0.7416270622161101,0.3833710895786522,0.4861611670844662,-0.6276564042591704,1.3943985834164747,0.4391766138441501,4,26.84653431956962,ok,0.5895721906681803,False,0.700645673281214,False,0.7060204325239922,False,1.0,0.7164833571855753,False,1.0
DELTA_OC_MINUS_OA,Reactividad OC−OA,ZONE_BAND,BAI_ZB_OCCIPITAL_ALPHA_W2,BAI,ZB_OCCIPITAL_ALPHA,occipital,alpha,2,O1 | O2,EEG35 | EEG39,W2,25,18,7,0.5468059873566545,2.249692105295761,-14.898171571035132,17.450039800847197,-0.8537614665103416,21.0,0.402871262136698,0.5783952165400514,0.0992543890298643,0.0679895671342655,0.0312648218955988,0.034709935318947,-1.118739783757014,1.0852869197564694,-3.375717487584426,1.138237920070398,0.3143501877781101,-16.016911354792146,17.41625796068021,-52.23600253317137,20.20217982358708,0.3681979851799876,4,16.516995208439457,ok,0.9444361710470368,False,0.700645673281214,False,0.7060204325239922,False,1.0,0.7169560967014734,False,1.0
OC,Ojos cerrados,ZONE,BAI_Z_PARIETAL_W4,BAI,Z_PARIETAL,parietal,all_bands,16,P3 | P4 | P7 | P8,EEG25 | EEG26 | EEG27 | EEG28 | EEG29 | EEG30 | EEG31 | EEG32 | EEG57 | EEG58 | EEG59 | EEG60 | EEG61 | EEG62 | EEG63 | EEG64,W4,25,17,8,17.145720979247024,9.642280433611608,0.551238917911741,0.6462205080345215,0.8530198454832905,21.0,0.4032731345888649,0.1758884431082465,0.1100944014807712,0.0792594751960817,0.0308349262846894,0.0346496598470642,-0.0928081666555935,0.2822622538656303,-0.6798046576385974,0.4941883243274104,0.7455623650566158,0.4584307512561474,0.5813165790230739,-0.7504832546499691,1.667344757162264,0.4391538284767606,4,22.58803763450267,ok,0.521732734045224,False,0.7181497633328379,False,0.7060204325239922,False,1.0,0.7169560967014734,False,1.0
OC,Ojos cerrados,ZONE_BAND,BAI_ZB_FRONTAL_DELTA_W1,BAI,ZB_FRONTAL_DELTA,frontal,delta,6,Fp1 | Fp2 | F3 | F4 | F7 | F8,EEG1 | EEG5 | EEG9 | EEG13 | EEG41 | EEG45,W1,25,8,17,21.776643637751437,12.622114375615476,0.3824967274049097,0.4506116432438616,0.8488389795065957,21.0,0.4055434946776777,0.1704287565775915,0.449478439963603,0.4305895835050551,0.0188888564585478,0.0343108387204654,-0.2793558871217999,0.4193429544345003,-1.151427300852795,0.5927155266091955,0.5125515945700458,0.1031408402831098,0.1649313178055567,-0.2398526116545067,0.4461342922207264,0.5384743429137338,4,47.38606937231536,ok,0.5895721906681803,False,0.7019722019505859,False,0.7060204325239922,False,1.0,0.7169560967014734,False,1.0
OC,Ojos cerrados,ZONE_BAND,BAI_ZB_PARIETAL_DELTA_W4,BAI,ZB_PARIETAL_DELTA,parietal,delta,4,P3 | P4 | P7 | P8,EEG25 | EEG29 | EEG57 | EEG61,W4,25,17,8,21.80139740724204,12.686983185554586,0.4619985054978009,0.5447786966143477,0.8480480392662134,21.0,0.4059739234614222,0.2720664703740669,0.1099716165149081,0.0794908790180426,0.0304807374968655,0.0342469274715844,-0.0864670809918195,0.2109301285358667,-0.5251202965651971,0.3521861345815579,0.6860073259206394,0.3755314245059814,0.5022870784329118,-0.6690317378309197,1.4200945868428825,0.4629660942232199,4,30.260785582125678,ok,0.5895721906681803,False,0.7019722019505859,False,0.7060204325239922,False,1.0,0.7169560967014734,False,1.0
DELTA_OC_MINUS_OA,Reactividad OC−OA,ZONE,MSPSS_Z_FRONTAL_W2,MSPSS,Z_FRONTAL,frontal,all_bands,24,Fp1 | Fp2 | F3 | F4 | F7 | F8,EEG1 | EEG2 | EEG3 | EEG4 | EEG5 | EEG6 | EEG7 | EEG8 | EEG9 | EEG10 | EEG11 | EEG12 | EEG13 | EEG14 | EEG15 | EEG16 | EEG41 | EEG42 | EEG43 | EEG44 | EEG45 | EEG46 | EEG47 | EEG48,W2,25,18,7,1.150062019401767,5.0902557666269415,-7.495453904603942,8.849644729871777,-0.8469779446968313,21.0,0.4065567333458001,0.793918788402181,0.0572154392972913,0.0250093961854176,0.0322060431118736,0.0341605542287081,-0.0124426249227793,0.4357775343896238,-0.9186916186607336,0.8938063688151748,0.9774909485362288,-7.507896529526722,8.838908857176241,-25.889413761196543,10.8736207021431,0.4052305313047926,4,25.57394651823603,ok,0.9644656722218322,False,0.7181497633328379,False,0.7060204325239922,False,1.0,0.7169560967014734,False,1.0
OC,Ojos cerrados,ZONE,BAI_Z_TEMPORAL_W4,BAI,Z_TEMPORAL,temporal,all_bands,8,T7 | T8,EEG49 | EEG50 | EEG51 | EEG52 | EEG53 | EEG54 | EEG55 | EEG56,W4,25,17,8,17.08676137812887,9.647145283650715,0.546321632024833,0.6455767198921162,0.8462536135381865,21.0,0.4069515325552748,0.1768830126179672,0.1095761601721487,0.0792107916174499,0.0303653685546988,0.0341021513536401,-0.0955600277236567,0.2822465357490591,-0.6825238310938261,0.4914037756465125,0.7382959512563146,0.4507616043011762,0.5806084690428815,-0.7566798062865425,1.6582030148888949,0.4461927639685225,4,22.59708879435305,ok,0.521732734045224,False,0.7181497633328379,False,0.7060204325239922,False,1.0,0.7169560967014734,False,1.0
DELTA_OC_MINUS_OA,Reactividad OC−OA,ZONE_BAND,BAI_ZB_FRONTAL_ALPHA_W2,BAI,ZB_FRONTAL_ALPHA,frontal,alpha,6,Fp1 | Fp2 | F3 | F4 | F7 | F8,EEG3 | EEG7 | EEG11 | EEG15 | EEG43 | EEG47,W2,25,18,7,0.47006688644992,2.161725189367838,-18.42350648162143,21.812253766881703,-0.8446402044705016,21.0,0.4078318082029001,0.6447052188449557,0.1204058994879958,0.0905241161364941,0.0298817833515017,0.0339722416670459,-1.4248525244815051,1.1163642728488317,-3.746459122057284,0.896754073094274,0.2157732487194496,-19.848359006102932,21.7836669365181,-65.14997435622257,25.453256344016697,0.3725532408242775,4,20.225002145647483,ok,0.9444361710470368,False,0.7023790663963613,False,0.7060204325239922,False,1.0,0.7169674478480936,False,1.0
OC,Ojos cerrados,ZONE_BAND,BAI_ZB_TEMPORAL_THETA_W4,BAI,ZB_TEMPORAL_THETA,temporal,theta,2,T7 | T8,EEG50 | EEG54,W4,25,17,8,17.275949836954464,11.393341431240168,0.4613091375482597,0.5470125333019977,0.843324621400544,21.0,0.4085504902872168,0.2435164268566206,0.1093923944030704,0.0792306354455825,0.0301617589574879,0.0338664960504935,-0.0799172745053946,0.2399657399620622,-0.5789533495908213,0.4191188005800321,0.7424089799991243,0.3813918630428651,0.491568057580971,-0.6408798751284154,1.4036636012141457,0.4464774575284126,4,26.88083098033425,ok,0.5895721906681803,False,0.7023790663963613,False,0.7060204325239922,False,1.0,0.7171793616481714,False,1.0
OC,Ojos cerrados,ZONE_BAND,BAI_ZB_FRONTAL_THETA_W4,BAI,ZB_FRONTAL_THETA,frontal,theta,6,Fp1 | Fp2 | F3 | F4 | F7 | F8,EEG2 | EEG6 | EEG10 | EEG14 | EEG42 | EEG46,W4,25,17,8,17.247263672443356,11.36328711756634,0.4580895722165126,0.5446138653131909,0.8411272672117505,21.0,0.4097526725143853,0.2397570820607867,0.1092748322973378,0.0792660859417433,0.0300087463555944,0.0336902418879578,-0.0790280159593602,0.2412546536696252,-0.5807445338356942,0.4226885019169739,0.7464792710037172,0.3790615562571524,0.4882626899263588,-0.6363362935776815,1.3944594060919864,0.446200349985365,4,26.837921244292197,ok,0.5895721906681803,False,0.7024331528818033,False,0.7064701250248023,False,1.0,0.71772570706135,False,1.0
OC,Ojos cerrados,ZONE_BAND,BAI_ZB_FRONTAL_DELTA_W4,BAI,ZB_FRONTAL_DELTA,frontal,delta,6,Fp1 | Fp2 | F3 | F4 | F7 | F8,EEG1 | EEG5 | EEG9 | EEG13 | EEG41 | EEG45,W4,25,17,8,21.776643637751437,12.622114375615476,0.4580955205899318,0.5527835178225878,0.8287069093419578,21.0,0.4165902444301964,0.2799711830372878,0.1085289732220904,0.0793755298306984,0.029153443391392,0.0327026257900527,-0.0813028816105052,0.2119186610389345,-0.5220118630632258,0.3594060998422153,0.7050935434330463,0.3767926389794265,0.510548821054148,-0.6849517576941744,1.4385370356530274,0.4686730765114338,4,30.154638793151445,ok,0.5951289206145662,False,0.7121200759490537,False,0.7166116589968974,False,1.0,0.724608926017994,False,1.0
OC,Ojos cerrados,ZONE,BAI_Z_FRONTAL_W4,BAI,Z_FRONTAL,frontal,all_bands,24,Fp1 | Fp2 | F3 | F4 | F7 | F8,EEG1 | EEG2 | EEG3 | EEG4 | EEG5 | EEG6 | EEG7 | EEG8 | EEG9 | EEG10 | EEG11 | EEG12 | EEG13 | EEG14 | EEG15 | EEG16 | EEG41 | EEG42 | EEG43 | EEG44 | EEG45 | EEG46 | EEG47 | EEG48,W4,25,17,8,17.06317338912346,9.61764436161885,0.5383424062507381,0.6525012726310123,0.8250442241745164,21.0,0.418620315335422,0.1785656919227805,0.108121784023597,0.0792122748451805,0.0289095091784165,0.0324141891354159,-0.0922388728675212,0.2829966990230709,-0.6807627261681317,0.4962849804330891,0.7476982388029486,0.4461035333832169,0.5879377340561978,-0.7765799181978725,1.6687869849643062,0.4564286607996115,4,22.553713084602503,ok,0.5232753941692775,False,0.7241850754209326,False,0.7172141172747076,False,1.0,0.7249275275992111,False,1.0
DELTA_OC_MINUS_OA,Reactividad OC−OA,ZONE_BAND,MSPSS_ZB_PARIETAL_THETA_W4,MSPSS,ZB_PARIETAL_THETA,parietal,theta,4,P3 | P4 | P7 | P8,EEG26 | EEG30 | EEG58 | EEG62,W4,25,17,8,1.351563804064023,6.124929596407467,-2.830603446186416,3.4325945498736976,-0.8246250482133314,21.0,0.4188530444884292,0.4657677837792041,0.0941826895542834,0.0648511832748235,0.0293315062794599,0.0323812604828969,2.917512565538073,3.4120286186898485,-4.178189388496396,10.013214519572545,0.4021645211803794,0.0869091193516569,0.3751880182842708,-0.6933370778482544,0.8671553165515682,0.8190587017437957,4,34.976534365980505,ok,0.9444361710470368,False,0.7139540531052772,False,0.7172141172747076,False,1.0,0.7249275275992111,False,1.0
DELTA_OC_MINUS_OA,Reactividad OC−OA,ZONE,MSPSS_Z_CENTRAL_W4,MSPSS,Z_CENTRAL,central,all_bands,8,C3 | C4,EEG17 | EEG18 | EEG19 | EEG20 | EEG21 | EEG22 | EEG23 | EEG24,W4,25,17,8,1.2152772276513937,5.147940763373567,-4.809690438983862,5.847561083609774,-0.8225122183785345,21.0,0.4200273437441408,0.4968820266998543,0.0936283177190786,0.0644290641287588,0.0291992535903198,0.032215540446761,4.9187442139249615,5.830525346099554,-7.206497017859316,17.04398544570924,0.408389394666597,0.1090537749410991,0.4460323026846539,-0.8185211769176741,1.0366287267998724,0.8092186394699247,4,42.816034031631,ok,0.9644656722218322,False,0.7241850754209326,False,0.7175865781505822,False,1.0,0.7254029804636845,False,1.0
OC,Ojos cerrados,ZONE_BAND,BAI_ZB_PARIETAL_BETA_W4,BAI,ZB_PARIETAL_BETA,parietal,beta,4,P3 | P4 | P7 | P8,EEG28 | EEG32 | EEG60 | EEG64,W4,25,17,8,10.194801346574195,10.08027651159297,0.4355570659344244,0.5499509708316094,0.7919925394000051,21.0,0.4372205508106437,0.245018472129035,0.1065594338018481,0.0798731221327614,0.0266863116690867,0.0298691515459665,-0.0817879616673882,0.2801415796260958,-0.6643742691416987,0.5007983458069223,0.7731878303187961,0.3537691042670361,0.4732512711902896,-0.6304107913352637,1.337948999869336,0.4630333619319854,4,23.50910608905856,ok,0.6129206268389451,False,0.7406843631377674,False,0.7436169369737201,False,1.0,0.7473616329477712,False,1.0
OC,Ojos cerrados,ZONE_BAND,BAI_ZB_CENTRAL_BETA_W4,BAI,ZB_CENTRAL_BETA,central,beta,2,C3 | C4,EEG20 | EEG24,W4,25,17,8,10.05936711409323,10.03028756571393,0.4366796316398362,0.5521538215558323,0.7908659047389757,21.0,0.4378634596905151,0.2443720979939639,0.1064192113966314,0.0798045935684104,0.026614617828221,0.0297842323466003,-0.0838715174949604,0.2817685646962078,-0.6698413256462411,0.5020982906563202,0.7688866861700147,0.3528081141448758,0.4748476793749221,-0.6346916940200225,1.340307922309774,0.4657176325318155,4,23.403695736652537,ok,0.6129206268389451,False,0.7406843631377674,False,0.7436169369737201,False,1.0,0.7475034765816339,False,1.0
OC,Ojos cerrados,ZONE_BAND,BAI_ZB_TEMPORAL_BETA_W4,BAI,ZB_TEMPORAL_BETA,temporal,beta,2,T7 | T8,EEG52 | EEG56,W4,25,17,8,10.185824845706325,10.10937608703711,0.4332345329021495,0.5482526854495954,0.7902095956846521,21.0,0.4382382481898457,0.2481016402978062,0.1062720740322108,0.079697235658192,0.0265748383740187,0.0297348192910518,-0.0855232309488655,0.2794541928649883,-0.6666800393980943,0.4956335775003632,0.7625900700314029,0.347711301953284,0.4716845992746329,-0.6332105210430703,1.328633124949638,0.4691764206442017,4,23.58106922605637,ok,0.6129206268389451,False,0.7406843631377674,False,0.7436169369737201,False,1.0,0.7476334712600592,False,1.0
OC,Ojos cerrados,ZONE_BAND,BAI_ZB_OCCIPITAL_BETA_W4,BAI,ZB_OCCIPITAL_BETA,occipital,beta,2,O1 | O2,EEG36 | EEG40,W4,25,17,8,9.984863309407029,9.960463246486944,0.4381946991745007,0.5589633781460958,0.7839416969101869,21.0,0.4418275201062721,0.2489650399129692,0.1059191292829986,0.0797538703062065,0.0261652589767921,0.0292649801978305,-0.0835427299082441,0.2830886929735319,-0.6722578951018645,0.5051724352853761,0.7708066234393199,0.3546519692662566,0.481975984898659,-0.6476719617552538,1.356975900287767,0.4699744723255363,4,23.216526998309416,ok,0.6136493334809334,False,0.7446531237746158,False,0.7467801362021349,False,1.0,0.7477239391008491,False,1.0
DELTA_OC_MINUS_OA,Reactividad OC−OA,ZONE,BAI_Z_FRONTAL_W4,BAI,Z_FRONTAL,frontal,all_bands,24,Fp1 | Fp2 | F3 | F4 | F7 | F8,EEG1 | EEG2 | EEG3 | EEG4 | EEG5 | EEG6 | EEG7 | EEG8 | EEG9 | EEG10 | EEG11 | EEG12 | EEG13 | EEG14 | EEG15 | EEG16 | EEG41 | EEG42 | EEG43 | EEG44 | EEG45 | EEG46 | EEG47 | EEG48,W4,25,17,8,1.150062019401767,5.0902557666269415,4.615964684997452,5.89163374550248,0.7834778746253803,21.0,0.4420938406316638,0.3383102740353912,0.117428204730336,0.0916303125870572,0.0257978921432787,0.0292303609536903,-4.855344454420899,5.870118089508382,-17.062923303548924,7.352234394707128,0.4174640903283902,-0.2393797694234472,0.5030524886828754,-1.2855346895130693,0.8067751506661749,0.6390910108326696,4,38.67902771874092,ok,0.9644656722218322,False,0.743404864985979,False,0.7467801362021349,False,1.0,0.7477239391008491,False,1.0
DELTA_OC_MINUS_OA,Reactividad OC−OA,ZONE,BAI_Z_TEMPORAL_W2,BAI,Z_TEMPORAL,temporal,all_bands,8,T7 | T8,EEG49 | EEG50 | EEG51 | EEG52 | EEG53 | EEG54 | EEG55 | EEG56,W2,25,18,7,1.1910807030524235,5.008113868867217,-8.284813827237416,10.598710736845495,-0.7816812849166628,21.0,0.4431263480856563,0.6554928248608479,0.0858617055837667,0.0592635185199723,0.0265981870637943,0.0290964586280458,-0.4638896551175074,0.4917494746878107,-1.486538670815842,0.5587593605808274,0.3562315435037345,-8.748703482354923,10.587296715284232,-30.766192309699896,13.26878534499005,0.4179015808556224,4,27.12106315283094,ok,0.9644656722218322,False,0.743404864985979,False,0.7468421596949263,False,1.0,0.7477239391008491,False,1.0
DELTA_OC_MINUS_OA,Reactividad OC−OA,ZONE,MSPSS_Z_TEMPORAL_W2,MSPSS,Z_TEMPORAL,temporal,all_bands,8,T7 | T8,EEG49 | EEG50 | EEG51 | EEG52 | EEG53 | EEG54 | EEG55 | EEG56,W2,25,18,7,1.1910807030524235,5.008113868867217,-7.434650365110599,9.573084078484356,-0.776620188871012,21.0,0.4460429189915874,0.7802433341943679,0.0521063774737078,0.0248820187287527,0.0272243587449551,0.0287209008458119,-0.0043267889605718,0.4441633688870767,-0.928015080219024,0.9193615022978804,0.9923195331954464,-7.438977154071171,9.562774580396088,-27.3258555654728,12.447901257330455,0.4452985739505243,4,27.12106315283094,ok,0.9644656722218322,False,0.743404864985979,False,0.7500721731921313,False,1.0,0.7498831654192128,False,1.0
OC,Ojos cerrados,ZONE_BAND,BAI_ZB_FRONTAL_BETA_W4,BAI,ZB_FRONTAL_BETA,frontal,beta,6,Fp1 | Fp2 | F3 | F4 | F7 | F8,EEG4 | EEG8 | EEG12 | EEG16 | EEG44 | EEG48,W4,25,17,8,10.091187641957935,10.063610595271342,0.4276364297429395,0.552340002966004,0.7742267940880249,21.0,0.447426242262809,0.2543710829087431,0.1050485913805363,0.0795029650386173,0.025545626341919,0.0285441489849435,-0.0887623399382554,0.2807460026629527,-0.6726056139280858,0.4950809340515749,0.7549975826001014,0.338874089804684,0.4756691716574225,-0.6503341050842391,1.3280822846936071,0.4840484691856793,4,23.480573108217648,ok,0.6171396445004262,False,0.7519768777526202,False,0.7507151715818944,False,1.0,0.7508661639482715,False,1.0
OA,Ojos abiertos,ZONE_BAND,BAI_ZB_CENTRAL_BETA_W2,BAI,ZB_CENTRAL_BETA,central,beta,2,C3 | C4,EEG20 | EEG24,W2,25,18,7,8.89451872745027,10.61090014694074,0.5145129313025304,0.6679235325850373,0.7703171189540693,21.0,0.44969155823935,0.9637476155906562,0.0622415219548135,0.0357436618281833,0.0264978601266302,0.0282565935120806,0.0754310500197851,0.2608884442791203,-0.4671161706325391,0.6179782706721095,0.7753158720037296,0.5899439813223155,0.6148650787144245,-0.6887379490117762,1.8686259116564072,0.3482400287834606,4,26.6228028990875,ok,0.6963149930092061,False,0.7521437020252458,False,0.7517249137724479,False,1.0,0.7528741674000198,False,1.0
OA,Ojos abiertos,ZONE_BAND,BAI_ZB_OCCIPITAL_BETA_W2,BAI,ZB_OCCIPITAL_BETA,occipital,beta,2,O1 | O2,EEG36 | EEG40,W2,25,18,7,8.856748059113755,10.51561976491168,0.5223240923609792,0.6785813832390533,0.7697294757303603,21.0,0.4500326483784388,0.9576936830365806,0.0607785836430598,0.0342798617418984,0.0264987219011614,0.0282134983718161,0.0705091852631263,0.2628084981986754,-0.4760310061029286,0.6170493766291812,0.7910930773005833,0.5928332776241055,0.625623198861091,-0.7082213883102374,1.8938879435584488,0.3541166468061458,4,26.3251043749864,ok,0.6963149930092061,False,0.7521437020252458,False,0.7517249137724479,False,1.0,0.7528741674000198,False,1.0
OA,Ojos abiertos,ZONE_BAND,BAI_ZB_TEMPORAL_BETA_W2,BAI,ZB_TEMPORAL_BETA,temporal,beta,2,T7 | T8,EEG52 | EEG56,W2,25,18,7,9.10263697564856,10.55684675404469,0.5092442426553028,0.6640536438442988,0.7668721456104316,21.0,0.4516933899940268,0.9658497179369292,0.0598563961969723,0.0335282168243262,0.026328179372646,0.0280044232244356,0.0650211444662384,0.2633069359006678,-0.482555604845614,0.6125978937780909,0.8073523389543695,0.5742653871215412,0.6096201271361472,-0.6935090692954388,1.842039843538521,0.3569013516417691,4,26.467316559331174,ok,0.6963149930092061,False,0.7528223166567114,False,0.7528223166567114,False,1.0,0.7547067279624854,False,1.0
OA,Ojos abiertos,ZONE,BAI_Z_OCCIPITAL_W2,BAI,Z_OCCIPITAL,occipital,all_bands,8,O1 | O2,EEG33 | EEG34 | EEG35 | EEG36 | EEG37 | EEG38 | EEG39 | EEG40,W2,25,18,7,15.637370530471465,10.152310142795791,0.5733820428846069,0.7551146639490601,0.7593310926925492,21.0,0.4560942281007747,0.6755305579298245,0.0506266594284333,0.0245603165095732,0.0260663429188601,0.0274563670633167,0.0272407817460118,0.2691248218887567,-0.5324349238137175,0.5869164873057412,0.9203361276746728,0.6006228246306188,0.7055281609930584,-0.8666033068158047,2.067848956077042,0.4042009258393885,4,25.308535584008755,ok,0.6433918685447017,False,0.7491426280460376,False,0.7556767663718476,False,1.0,0.7574023493027202,False,1.0
DELTA_OC_MINUS_OA,Reactividad OC−OA,ZONE_BAND,BAI_ZB_TEMPORAL_ALPHA_W4,BAI,ZB_TEMPORAL_ALPHA,temporal,alpha,2,T7 | T8,EEG51 | EEG55,W4,25,17,8,0.524582497904985,2.1175379213095704,4.582832332314127,6.036810952641854,0.7591478958453335,21.0,0.4562014598436956,0.3402082722588558,0.1224972609776462,0.0984158476858014,0.0240814132918447,0.0274431203698286,-5.209637114234148,5.910443817402585,-17.50107790538968,7.081803676921384,0.3880630049640983,-0.6268047819200211,1.2287149218855704,-3.1820573446967426,1.9284477808567004,0.6152802492318561,4,11.652937861028104,ok,0.9444361710470368,False,0.7544413275167438,False,0.7556767663718476,False,1.0,0.7574023493027202,False,1.0
DELTA_OC_MINUS_OA,Reactividad OC−OA,ZONE_BAND,BAI_ZB_PARIETAL_ALPHA_W3,BAI,ZB_PARIETAL_ALPHA,parietal,alpha,4,P3 | P4 | P7 | P8,EEG27 | EEG31 | EEG59 | EEG63,W3,25,6,19,0.5676850949825529,2.179428933916049,-3.5146866476286984,4.641899323941641,-0.7571656346575443,21.0,0.4573627212588014,0.9353353296104546,0.0790967355325298,0.0539560852573453,0.0251406502751845,0.0272999903955412,-0.9986513100810086,1.2336733690237918,-3.5642155281747256,1.5669129080127084,0.4273084280738344,-4.513337957709707,4.474961379964228,-13.819529598104996,4.792853682685582,0.3246587327802632,4,6.851745498104513,ok,0.9444361710470368,False,0.7544413275167438,False,0.7556767663718476,False,1.0,0.7574023493027202,False,1.0
OA,Ojos abiertos,ZONE_BAND,BAI_ZB_FRONTAL_BETA_W2,BAI,ZB_FRONTAL_BETA,frontal,beta,6,Fp1 | Fp2 | F3 | F4 | F7 | F8,EEG4 | EEG8 | EEG12 | EEG16 | EEG44 | EEG48,W2,25,18,7,9.026447836441037,10.563593207509305,0.5076645660240804,0.6734144872976541,0.7538664160037427,21.0,0.4592994345952604,0.9646120166613504,0.0612622924016976,0.035857610515025,0.0254046818866726,0.0270625987227772,0.0782018481967494,0.2624449962505729,-0.467582399485446,0.6239860958789448,0.7686509151119086,0.5858664142208297,0.6201690863348479,-0.7038458037932355,1.875578632234895,0.3555613468585606,4,26.61613624890934,ok,0.6963149930092061,False,0.7544413275167438,False,0.7556767663718476,False,1.0,0.7575468827486845,False,1.0
OA,Ojos abiertos,ZONE_BAND,MSPSS_ZB_TEMPORAL_THETA_W3,MSPSS,ZB_TEMPORAL_THETA,temporal,theta,2,T7 | T8,EEG50 | EEG54,W3,25,6,19,15.942730521909976,12.147352547177336,0.3042970554960227,0.4045901813605918,0.752111814658244,21.0,0.4603314282634868,0.58531094474444,0.0403901650532357,0.0145413751026797,0.025848789950556,0.0269367705594535,-0.1518873743957446,0.3408916375473305,-0.8608103433910633,0.5570355945995741,0.6604751945158845,0.1524096811002781,0.217913070520554,-0.3007653573013852,0.6055847195019415,0.491973482378312,4,45.11316752456448,ok,0.6963149930092061,False,0.7544413275167438,False,0.7556767663718476,False,1.0,0.7575468827486845,False,1.0
DELTA_OC_MINUS_OA,Reactividad OC−OA,ZONE_BAND,BAI_ZB_CENTRAL_BETA_W3,BAI,ZB_CENTRAL_BETA,central,beta,2,C3 | C4,EEG20 | EEG24,W3,25,6,19,1.1648483866429604,5.25619916842377,-3.332445975479144,4.439326339763364,-0.7506647902025554,21.0,0.4611835623168208,0.9442661178798274,0.0651737514213103,0.0400893527086928,0.0250843987126174,0.0268332203452307,-0.3991384566343934,0.5073512298111267,-1.454233098289227,0.6559561850204403,0.4402398549438071,-3.7315844321135376,4.410239571783593,-12.90317970416057,5.440010839933494,0.4070253100066159,4,18.585604066124816,ok,0.9444361710470368,False,0.7544413275167438,False,0.7556767663718476,False,1.0,0.7575468827486845,False,1.0
OA,Ojos abiertos,ZONE_BAND,BAI_ZB_PARIETAL_BETA_W2,BAI,ZB_PARIETAL_BETA,parietal,beta,4,P3 | P4 | P7 | P8,EEG28 | EEG32 | EEG60 | EEG64,W2,25,18,7,9.083099232142752,10.579108492458875,0.5040366466354524,0.6718082311245449,0.7502686381078446,21.0,0.4614170159569763,0.9668199763845164,0.0601695437860092,0.0349774766023063,0.0251920671837029,0.0268049061584858,0.0745568531677701,0.261805878223844,-0.4698982758176248,0.619011982153165,0.7786028300659027,0.5785934998032225,0.6186953867082995,-0.7080539920645026,1.865240991670948,0.360324101186482,4,26.53309114912396,ok,0.6963149930092061,False,0.7544413275167438,False,0.7556767663718476,False,1.0,0.7575468827486845,False,1.0
DELTA_OC_MINUS_OA,Reactividad OC−OA,ZONE_BAND,BAI_ZB_TEMPORAL_ALPHA_W2,BAI,ZB_TEMPORAL_ALPHA,temporal,alpha,2,T7 | T8,EEG51 | EEG55,W2,25,18,7,0.524582497904985,2.1175379213095704,-12.404026452293586,16.534634568897804,-0.7501844930776983,21.0,0.4614666119977416,0.6975767840588802,0.0972845330494507,0.0730927569533457,0.024191776096105,0.0267988939835349,-1.252465385007022,1.1564959894107367,-3.657530455957626,1.152599685943582,0.2910947253282485,-13.656491837300608,16.494140091361754,-47.957933928174384,20.64495025357317,0.4170035970840238,4,14.916784963019571,ok,0.9444361710470368,False,0.7544413275167438,False,0.7556767663718476,False,1.0,0.7575468827486845,False,1.0
OA,Ojos abiertos,ZONE,BAI_Z_CENTRAL_W2,BAI,Z_CENTRAL,central,all_bands,8,C3 | C4,EEG17 | EEG18 | EEG19 | EEG20 | EEG21 | EEG22 | EEG23 | EEG24,W2,25,18,7,15.776173399279394,10.247690911917816,0.5538015593595033,0.7404812462879069,0.7478941055371163,21.0,0.4628178188996386,0.7151211287100487,0.0507869343529527,0.0255041655348606,0.0252827688180921,0.0266355044331987,0.0333973774974741,0.2672545123471532,-0.5223888064456101,0.5891835614405585,0.9017400477238764,0.5871989368569774,0.6905704176506384,-0.8489208644486661,2.023318738162621,0.4047437412254216,4,25.569207733429035,ok,0.6433918685447017,False,0.7491426280460376,False,0.7562382661758801,False,1.0,0.7581126235963406,False,1.0
OA,Ojos abiertos,ZONE_BAND,MSPSS_ZB_FRONTAL_THETA_W3,MSPSS,ZB_FRONTAL_THETA,frontal,theta,6,Fp1 | Fp2 | F3 | F4 | F7 | F8,EEG2 | EEG6 | EEG10 | EEG14 | EEG42 | EEG46,W3,25,6,19,15.993578360955702,12.124199158858136,0.3030286431311205,0.406316650022815,0.7457943038123228,21.0,0.4640586674371681,0.5992879125170865,0.0403074797542097,0.0148889200016293,0.0254185597525804,0.0264861496951861,-0.1496343966688088,0.3429274222777839,-0.8627910117744636,0.5635222184368459,0.6670401560129314,0.1533942464623116,0.217931188992482,-0.2998184713644184,0.6066069642890418,0.4892484424552848,4,45.06002236413693,ok,0.6963149930092061,False,0.7566173925606003,False,0.7566173925606003,False,1.0,0.7587487091593625,False,1.0
OA,Ojos abiertos,ZONE,BAI_Z_TEMPORAL_W2,BAI,Z_TEMPORAL,temporal,all_bands,8,T7 | T8,EEG49 | EEG50 | EEG51 | EEG52 | EEG53 | EEG54 | EEG55 | EEG56,W2,25,18,7,15.895680675076449,10.234354561487304,0.5425502630191771,0.7304288269546908,0.7427832021378203,21.0,0.4658414992047123,0.681148744693735,0.0503008551947807,0.0253496860895594,0.0249511691052213,0.0262727088275295,0.0313759633090134,0.2685257402175114,-0.5270538837130716,0.5898058103310984,0.9080929366374024,0.5739262263281905,0.6792791753668316,-0.8387121511998737,1.9865646038562548,0.4076873691653115,4,25.52660394656865,ok,0.6433918685447017,False,0.7491426280460376,False,0.7568852455106067,False,1.0,0.7587963292481822,False,1.0
OC,Ojos cerrados,ZONE_BAND,BAI_ZB_PARIETAL_ALPHA_W4,BAI,ZB_PARIETAL_ALPHA,parietal,alpha,4,P3 | P4 | P7 | P8,EEG27 | EEG31 | EEG59 | EEG63,W4,25,17,8,19.241703033234568,4.994852396993947,0.8779793283876136,1.1830869364876668,0.7421088859235884,21.0,0.4662413112345336,0.2791328450029073,0.1046690356363184,0.0811889555761027,0.0234800800602157,0.0262250285031783,-0.0872722934974099,0.5568019517875827,-1.245205341206261,1.070660754211441,0.8769480699840475,0.7907070348902037,1.0438708185275192,-1.38014117142684,2.961555241207248,0.4571808156231463,4,11.742972953468168,ok,0.6386867277185393,False,0.758115953226884,False,0.7568852455106067,False,1.0,0.7587963292481822,False,1.0
OA,Ojos abiertos,ZONE_BAND,MSPSS_ZB_CENTRAL_THETA_W3,MSPSS,ZB_CENTRAL_THETA,central,theta,2,C3 | C4,EEG18 | EEG22,W3,25,6,19,15.80887082998302,12.193263287605935,0.2940215709100736,0.4001167335723785,0.7348394761822351,21.0,0.4705644090410519,0.6004614897854099,0.0386176064920863,0.0138968459734866,0.0247207605185997,0.0257137645598002,-0.1460753043478916,0.3350593947775096,-0.8428694605332778,0.5507188518374946,0.6673084914532622,0.1479462665621819,0.2186975136025975,-0.3068601105332998,0.6027526436576638,0.5061142023395141,4,45.13515809846261,ok,0.6963149930092061,False,0.7630774200665708,False,0.7622533623775141,False,1.0,0.761920541018562,False,1.0
OA,Ojos abiertos,ZONE,BAI_Z_PARIETAL_W2,BAI,Z_PARIETAL,parietal,all_bands,16,P3 | P4 | P7 | P8,EEG25 | EEG26 | EEG27 | EEG28 | EEG29 | EEG30 | EEG31 | EEG32 | EEG57 | EEG58 | EEG59 | EEG60 | EEG61 | EEG62 | EEG63 | EEG64,W2,25,18,7,15.937098952027949,10.265794847352648,0.5408230514448518,0.7396704228598234,0.7311676048284336,21.0,0.4727570569177889,0.5620581687788259,0.0501610115958219,0.0259805503931006,0.0241804612027213,0.0254574317309788,0.0379753664889441,0.2670467592036332,-0.5173787711405904,0.5933295041184787,0.8882736351860759,0.5787984179337959,0.6897813877254637,-0.8556805058155499,2.0132773416831418,0.4108615275770171,4,25.66634686605205,ok,0.6433918685447017,False,0.7491426280460376,False,0.7623324922265353,False,1.0,0.7636585503559107,False,1.0
OA,Ojos abiertos,ZONE_BAND,MSPSS_ZB_FRONTAL_ALPHA_W3,MSPSS,ZB_FRONTAL_ALPHA,frontal,alpha,6,Fp1 | Fp2 | F3 | F4 | F7 | F8,EEG3 | EEG7 | EEG11 | EEG15 | EEG43 | EEG47,W3,25,6,19,18.667531717891176,5.079671545364602,0.8274767109223213,1.1356795630953005,0.7286181224103648,21.0,0.4742830163710876,0.5939107589421102,0.0537956986516742,0.0298754570893603,0.0239202415623138,0.0252802080145143,-0.3825434304413996,1.0289299725473886,-2.52232044660622,1.757233585723421,0.7137760386532356,0.4449332804809217,0.4806986390931043,-0.5547342645188522,1.4446008254806957,0.3651707467645678,4,19.745808497634496,ok,0.6963149930092061,False,0.7656113416554666,False,0.7623324922265353,False,1.0,0.7648720669743267,False,1.0
OA,Ojos abiertos,ZONE,BAI_Z_FRONTAL_W2,BAI,Z_FRONTAL,frontal,all_bands,24,Fp1 | Fp2 | F3 | F4 | F7 | F8,EEG1 | EEG2 | EEG3 | EEG4 | EEG5 | EEG6 | EEG7 | EEG8 | EEG9 | EEG10 | EEG11 | EEG12 | EEG13 | EEG14 | EEG15 | EEG16 | EEG41 | EEG42 | EEG43 | EEG44 | EEG45 | EEG46 | EEG47 | EEG48,W2,25,18,7,15.913111369721689,10.223866031962654,0.542897528241532,0.7454027760715669,0.7283277520144463,21.0,0.4744569977624904,0.5673125790885015,0.0503378118854194,0.0263492855758978,0.0239885263095215,0.0252600625883055,0.0409733505774663,0.2685748165534661,-0.5175585562723185,0.5995052574272511,0.8802028115138528,0.5838708788189984,0.6953365131276157,-0.8621605606258611,2.029902318263858,0.4105372606844181,4,25.74007724722694,ok,0.6433918685447017,False,0.7491426280460376,False,0.7623324922265353,False,1.0,0.7648720669743267,False,1.0
OA,Ojos abiertos,ZONE_BAND,MSPSS_ZB_PARIETAL_THETA_W3,MSPSS,ZB_PARIETAL_THETA,parietal,theta,4,P3 | P4 | P7 | P8,EEG26 | EEG30 | EEG58 | EEG62,W3,25,6,19,15.993418325873265,12.171199226815649,0.2924911577804597,0.40179714963657,0.7279572740747943,21.0,0.4746790318263893,0.6060165684639388,0.0382434852810449,0.0139741644909323,0.0242693207901125,0.0252343710894483,-0.1452013654984653,0.3370881700371684,-0.8462145908016789,0.5558118598047483,0.6710377133057092,0.1472897922819944,0.2186607305326342,-0.3074400902319401,0.602019674795929,0.5079125889566083,4,45.07690066151581,ok,0.6963149930092061,False,0.7656113416554666,False,0.7623324922265353,False,1.0,0.7648720669743267,False,1.0
OA,Ojos abiertos,ZONE_BAND,MSPSS_ZB_OCCIPITAL_THETA_W3,MSPSS,ZB_OCCIPITAL_THETA,occipital,theta,2,O1 | O2,EEG34 | EEG38,W3,25,6,19,15.67752268185539,12.02055724560404,0.2950517238255461,0.4083965251774897,0.7224638449049393,21.0,0.4779785166798156,0.6028955723606858,0.0387437348182402,0.0148517557919181,0.0238919790263221,0.0248549527235637,-0.1422198548893055,0.3435764398653348,-0.8567261759555028,0.5722864661768917,0.6831155853375687,0.1528318689362406,0.2207780599301249,-0.3063012411065645,0.6119649789790457,0.4963691058689898,4,44.61650566160972,ok,0.6963149930092061,False,0.7688363475039046,False,0.7659912126279096,False,1.0,0.7678716242690178,False,1.0
OA,Ojos abiertos,ZONE_BAND,MSPSS_ZB_TEMPORAL_ALPHA_W3,MSPSS,ZB_TEMPORAL_ALPHA,temporal,alpha,2,T7 | T8,EEG51 | EEG55,W3,25,6,19,18.675382062980805,5.089654391770822,0.8231998395954977,1.1445740311016073,0.7192193927405468,21.0,0.4799335151757065,0.5900614688543502,0.0507359239131827,0.0273534461999623,0.0233824777132203,0.0246322159473375,-0.40096216284651,1.039262427767284,-2.562226695936653,1.7603023702436336,0.7035150783305061,0.4222376767489876,0.4795657607705477,-0.5750739188068057,1.419549272304781,0.3885764757499467,4,19.827994150606976,ok,0.6963149930092061,False,0.7688363475039046,False,0.7674842993214924,False,1.0,0.7690492083683151,False,1.0
OC,Ojos cerrados,ZONE_BAND,BAI_ZB_TEMPORAL_ALPHA_W4,BAI,ZB_TEMPORAL_ALPHA,temporal,alpha,2,T7 | T8,EEG51 | EEG55,W4,25,17,8,19.199964560885796,4.996790816512311,0.8464663217397249,1.1818708860718623,0.7162087937990346,21.0,0.4817517788081769,0.2887841485206276,0.1026337851740146,0.0807143318733492,0.0219194533006654,0.0244264303007173,-0.0944690111098351,0.5573268107282379,-1.2534935627382018,1.0645555405185314,0.8670225997347474,0.7519973106298897,1.0422118869921695,-1.415400958698786,2.9193955799585654,0.4785348656550251,4,11.740484321862002,ok,0.6488164380437138,False,0.7688363475039046,False,0.7687528385236865,False,1.0,0.7691801559616149,False,1.0
DELTA_OC_MINUS_OA,Reactividad OC−OA,ZONE,BAI_Z_CENTRAL_W2,BAI,Z_CENTRAL,central,all_bands,8,C3 | C4,EEG17 | EEG18 | EEG19 | EEG20 | EEG21 | EEG22 | EEG23 | EEG24,W2,25,18,7,1.2152772276513937,5.147940763373567,-7.634934526632501,10.74090102055378,-0.7108281243838199,21.0,0.4850114487269504,0.7149277318096106,0.0786039332899289,0.0564344145997505,0.0221695186901784,0.0240607915435723,-0.4372989158119809,0.4802908668812837,-1.4361184520745574,0.5615206204505956,0.3728982764659246,-8.072233442444482,10.730157287594794,-30.38681709383222,14.242350208943256,0.4602241814695244,4,28.49703833840397,ok,0.9644656722218322,False,0.7578303886358599,False,0.769394295451594,False,1.0,0.7691801559616149,False,1.0
DELTA_OC_MINUS_OA,Reactividad OC−OA,ZONE_BAND,BAI_ZB_PARIETAL_BETA_W3,BAI,ZB_PARIETAL_BETA,parietal,beta,4,P3 | P4 | P7 | P8,EEG28 | EEG32 | EEG60 | EEG64,W3,25,6,19,1.1117021144314434,5.207201183666695,-3.119307311474899,4.391499329236135,-0.7103057697648508,21.0,0.4853285782097354,0.9622585800340792,0.0597622222501753,0.0371725938504169,0.0225896283997584,0.0240254422172015,-0.3854883235167474,0.5149187008533647,-1.456320382720595,0.6853437356871002,0.4623779940807458,-3.504795634991646,4.361206838730868,-12.574421756537395,5.564830486554103,0.4306139937771759,4,18.3745893346542,ok,0.9444361710470368,False,0.7688363475039046,False,0.769394295451594,False,1.0,0.7691801559616149,False,1.0
OA,Ojos abiertos,ZONE_BAND,MSPSS_ZB_TEMPORAL_BETA_W3,MSPSS,ZB_TEMPORAL_BETA,temporal,beta,2,T7 | T8,EEG52 | EEG56,W3,25,6,19,9.10263697564856,10.55684675404469,0.3456714879180003,0.4873302080077695,0.709316767641232,21.0,0.4859293462832499,0.5915599032013757,0.0422241960561651,0.0192772434178225,0.0229469526383425,0.0239585846122379,-0.1591787070482518,0.4221946180675898,-1.0371804799511264,0.7188230658546227,0.7099367118643144,0.1864927808697484,0.2433976912619715,-0.319680427653401,0.6926659893928978,0.4520810793899821,4,39.833482568570496,ok,0.6963149930092061,False,0.7688363475039046,False,0.769394295451594,False,1.0,0.7691801559616149,False,1.0
OC,Ojos cerrados,ZONE_BAND,BAI_ZB_CENTRAL_ALPHA_W4,BAI,ZB_CENTRAL_ALPHA,central,alpha,2,C3 | C4,EEG19 | EEG23,W4,25,17,8,19.100330072963768,4.985768157295781,0.8507990466014612,1.2022360987641858,0.7076805025868237,21.0,0.4869242404297171,0.2980748422436794,0.1030294539737826,0.081638342621798,0.0213911113519845,0.0238481758924549,-0.0630586682702006,0.5557166890507371,-1.2187347885663404,1.0926174520259393,0.910733631151624,0.7877403783312606,1.0660912712719368,-1.4293177891491913,3.0047985458117124,0.4681436168122447,4,11.713399653406093,ok,0.6488164380437138,False,0.7688363475039046,False,0.769394295451594,False,1.0,0.7691801559616149,False,1.0
DELTA_OC_MINUS_OA,Reactividad OC−OA,ZONE_BAND,BAI_ZB_TEMPORAL_DELTA_W2,BAI,ZB_TEMPORAL_DELTA,temporal,delta,2,T7 | T8,EEG49 | EEG53,W2,25,18,7,1.8233331292024568,7.0353148202065,-4.451034149195306,6.304197071235448,-0.7060429899160856,21.0,0.4879210739962135,0.7022985181722279,0.0769207864685507,0.055008789082074,0.0219119973864766,0.0237379382671258,-0.3111924295467335,0.3519778855239129,-1.0431705133202371,0.42078565422677,0.3866393689339953,-4.762226578742039,6.294363532643767,-17.85207212497704,8.327618967492963,0.4577026926633139,4,27.91595464354596,ok,0.9444361710470368,False,0.7688363475039046,False,0.769394295451594,False,1.0,0.7693969251830559,False,1.0
OA,Ojos abiertos,ZONE_BAND,MSPSS_ZB_PARIETAL_ALPHA_W3,MSPSS,ZB_PARIETAL_ALPHA,parietal,alpha,4,P3 | P4 | P7 | P8,EEG27 | EEG31 | EEG59 | EEG63,W3,25,6,19,18.674017938252018,5.097584198490498,0.7808470663150021,1.107940378933874,0.704773543018966,21.0,0.4886946601113535,0.6012369972786914,0.0486830815206756,0.0261819110173679,0.0225011705033076,0.0236526546161669,-0.3636842619906812,0.9967485931847588,-2.436536436090543,1.7091679121091805,0.7188567784813347,0.4171628043243208,0.4837604006699394,-0.5888720224398946,1.423197631088536,0.3982449134660165,4,19.72767769545631,ok,0.6963149930092061,False,0.7688363475039046,False,0.769394295451594,False,1.0,0.7693969251830559,False,1.0
OC,Ojos cerrados,ZONE_BAND,BAI_ZB_OCCIPITAL_ALPHA_W4,BAI,ZB_OCCIPITAL_ALPHA,occipital,alpha,2,O1 | O2,EEG35 | EEG39,W4,25,17,8,18.971403435617194,4.946349119009303,0.8612572501601045,1.2238565757309956,0.703724004298204,21.0,0.4893347719072137,0.2937825009945307,0.1024060315338794,0.0812387365870447,0.0211672949468346,0.0235822606774051,-0.0704321283644758,0.559891452984208,-1.2347901455351311,1.0939258888061798,0.9010899461879834,0.7908251217956286,1.0882768392441466,-1.472370459992978,3.0540207035842357,0.4754471396964349,4,11.66238191183382,ok,0.6488164380437138,False,0.7688363475039046,False,0.769394295451594,False,1.0,0.7693969251830559,False,1.0
OC,Ojos cerrados,ZONE_BAND,BAI_ZB_CENTRAL_ALPHA_W2,BAI,ZB_CENTRAL_ALPHA,central,alpha,2,C3 | C4,EEG19 | EEG23,W2,25,18,7,19.100330072963768,4.985768157295781,1.1854464398514326,1.694734464021201,0.6994880112596817,21.0,0.4919232126508994,0.6652909608666421,0.0409928845693643,0.0186487732948432,0.022344111274521,0.0232992132331443,-0.0371622686373372,0.5447124388073836,-1.169953797776551,1.0956292605018767,0.9462530335414526,1.1482841712140954,1.6048094162702746,-2.1890997090109137,4.485668051439104,0.4821642202198323,4,12.747711877609747,ok,0.6488164380437138,False,0.7688363475039046,False,0.7704086099732378,False,1.0,0.7701849017479651,False,1.0
OC,Ojos cerrados,ZONE_BAND,BAI_ZB_OCCIPITAL_THETA_W2,BAI,ZB_OCCIPITAL_THETA,occipital,theta,2,O1 | O2,EEG34 | EEG38,W2,25,18,7,17.048187388373652,11.252490706558492,0.4300523010699514,0.6177183870828895,0.696194754863666,21.0,0.4939410203719002,0.9659038147283376,0.0400229457939762,0.0178663491415711,0.0221565966524051,0.0230803398428417,-0.0915939436103459,0.246940995000677,-0.6051358556445825,0.4219479684238907,0.7144167827877806,0.3384583574596055,0.5662121075430676,-0.8390441804393957,1.5159608953586066,0.5563927273108454,4,27.20299442153448,ok,0.6488164380437138,False,0.7688363475039046,False,0.7704086099732378,False,1.0,0.7712412423350723,False,1.0
OC,Ojos cerrados,ZONE_BAND,BAI_ZB_FRONTAL_ALPHA_W2,BAI,ZB_FRONTAL_ALPHA,frontal,alpha,6,Fp1 | Fp2 | F3 | F4 | F7 | F8,EEG3 | EEG7 | EEG11 | EEG15 | EEG43 | EEG47,W2,25,18,7,19.137598604341093,4.9731899272265085,1.1682922699716762,1.6850680620621057,0.693320522936015,21.0,0.4957059644413239,0.7872026300611058,0.0397396608352562,0.0177591486005946,0.0219805122346615,0.0228901594059176,-0.0786762978654558,0.5507899696462865,-1.2241067442790114,1.0667541485480998,0.8877761502919497,1.0896159721062204,1.5925089585678267,-2.2221877059842905,4.401419650196732,0.5013220415168538,4,12.98531909499467,ok,0.6488164380437138,False,0.7688363475039046,False,0.7704086099732378,False,1.0,0.7717404810835772,False,1.0
OA,Ojos abiertos,ZONE_BAND,MSPSS_ZB_OCCIPITAL_BETA_W3,MSPSS,ZB_OCCIPITAL_BETA,occipital,beta,2,O1 | O2,EEG36 | EEG40,W3,25,6,19,8.856748059113755,10.51561976491168,0.3359934321991018,0.4849985455572743,0.6927720408172312,21.0,0.4960431739857591,0.6014746320269948,0.0415441418275381,0.0196396326969866,0.0219045091305515,0.0228539571684793,-0.1473854860975089,0.4181975036873347,-1.0170748045962452,0.7223038324012272,0.7280279888097247,0.1886079461015928,0.2456306925088011,-0.3222090427297574,0.6994249349329431,0.4511236304489915,4,39.570103333290085,ok,0.6963149930092061,False,0.7688363475039046,False,0.7704086099732378,False,1.0,0.771815428054765,False,1.0
OA,Ojos abiertos,ZONE_BAND,MSPSS_ZB_FRONTAL_BETA_W3,MSPSS,ZB_FRONTAL_BETA,frontal,beta,6,Fp1 | Fp2 | F3 | F4 | F7 | F8,EEG4 | EEG8 | EEG12 | EEG16 | EEG44 | EEG48,W3,25,6,19,9.026447836441037,10.563593207509305,0.334416976389509,0.4835694662561937,0.6915593306140133,21.0,0.4967892201491611,0.6061988147971272,0.0421853239529351,0.0203720384836689,0.0218132854692661,0.0227740146552049,-0.143711318552386,0.4173691558416734,-1.0116779934030349,0.7242553562982625,0.7340248467058667,0.1907056578371229,0.2442179691327181,-0.3171734119025547,0.6985847275768006,0.4435856057710025,4,39.78370570952833,ok,0.6963149930092061,False,0.7688363475039046,False,0.7704086099732378,False,1.0,0.7725260441457543,False,1.0
OC,Ojos cerrados,ZONE_BAND,BAI_ZB_PARIETAL_ALPHA_W2,BAI,ZB_PARIETAL_ALPHA,parietal,alpha,4,P3 | P4 | P7 | P8,EEG27 | EEG31 | EEG59 | EEG63,W2,25,18,7,19.241703033234568,4.994852396993947,1.1470904981301038,1.6609702312563106,0.6906147241799012,21.0,0.4973707760131844,0.7333666826470254,0.0402557331252838,0.0184581722784755,0.0217975608468082,0.022711842726385,-0.0457126348065704,0.5467026924407035,-1.1826431229561558,1.091217853343015,0.9341543587767016,1.1013778633235334,1.568419036864105,-2.160328080073513,4.36308380672058,0.4902518742998799,4,12.838029453869934,ok,0.6488164380437138,False,0.7688363475039046,False,0.7704086099732378,False,1.0,0.7729801932218875,False,1.0
OA,Ojos abiertos,ZONE_BAND,MSPSS_ZB_CENTRAL_ALPHA_W3,MSPSS,ZB_CENTRAL_ALPHA,central,alpha,2,C3 | C4,EEG19 | EEG23,W3,25,6,19,18.57980896524,5.058929387368242,0.780581968224813,1.134017276513106,0.6883334005500856,21.0,0.4987768971313288,0.6128795146785708,0.0488437778130571,0.0273837517088622,0.0214600261041949,0.0225620414434687,-0.358078368384543,1.024997584351241,-2.4896775356138114,1.7735207988447257,0.7303086788033647,0.4225035998402699,0.485154754180893,-0.5864309437897692,1.4314381434703092,0.3936754436864796,4,19.644189342736244,ok,0.6963149930092061,False,0.7688363475039046,False,0.7704086099732378,False,1.0,0.773100305766387,False,1.0
OC,Ojos cerrados,ZONE_BAND,BAI_ZB_OCCIPITAL_ALPHA_W2,BAI,ZB_OCCIPITAL_ALPHA,occipital,alpha,2,O1 | O2,EEG35 | EEG39,W2,25,18,7,18.971403435617194,4.946349119009303,1.1838021884334011,1.7259325906394112,0.6858913232496725,21.0,0.500284609496733,0.7113488563877575,0.0397262749425186,0.0182139985556822,0.0215122763868363,0.0224022336813898,-0.0505623515334399,0.5497300836708504,-1.193788644398646,1.0926639413317665,0.9275883304943564,1.1332398368999612,1.6360440527499582,-2.269100025783234,4.535579699583156,0.4961054715237629,4,12.752571083510734,ok,0.6488164380437138,False,0.7688363475039046,False,0.7704086099732378,False,1.0,0.773100305766387,False,1.0
OA,Ojos abiertos,ZONE_BAND,MSPSS_ZB_OCCIPITAL_ALPHA_W3,MSPSS,ZB_OCCIPITAL_ALPHA,occipital,alpha,2,O1 | O2,EEG35 | EEG39,W3,25,6,19,18.424597448260545,5.052775848091443,0.7679107569803002,1.1199921951790293,0.6856393823865449,21.0,0.5004403025408756,0.6182635263410419,0.0474308499753105,0.0261068473337405,0.0213240026415699,0.0223857791752097,-0.3520136207926271,1.008040873250979,-2.448349376856742,1.744322135271488,0.7304121519526877,0.415897136187673,0.4880943711182757,-0.5991506755235432,1.4309449478988894,0.403780919412803,4,19.552309402278052,ok,0.6963149930092061,False,0.7688363475039046,False,0.7704086099732378,False,1.0,0.773100305766387,False,1.0
OA,Ojos abiertos,ZONE,MSPSS_Z_TEMPORAL_W3,MSPSS,Z_TEMPORAL,temporal,all_bands,8,T7 | T8,EEG49 | EEG50 | EEG51 | EEG52 | EEG53 | EEG54 | EEG55 | EEG56,W3,25,6,19,15.895680675076449,10.234354561487304,0.3416868364355856,0.4993261594229192,0.6842958855399838,21.0,0.5012710146468915,0.6115943257042591,0.0415162163690595,0.0201438144724451,0.0213724018966143,0.0222981361412826,-0.1468481093186574,0.430983117447222,-1.043126567205796,0.7494303485684811,0.7366933511972401,0.1948387271169281,0.2521510776489298,-0.3295381449247904,0.7192155991586467,0.4483064060726379,4,38.543558501749445,ok,0.6433918685447017,False,0.7644259824293486,False,0.7704086099732378,False,1.0,0.773100305766387,False,1.0
OA,Ojos abiertos,ZONE_BAND,MSPSS_ZB_PARIETAL_BETA_W3,MSPSS,ZB_PARIETAL_BETA,parietal,beta,4,P3 | P4 | P7 | P8,EEG28 | EEG32 | EEG60 | EEG64,W3,25,6,19,9.083099232142752,10.579108492458875,0.3286966647466069,0.4804288933264239,0.684173390302894,21.0,0.5013467949666284,0.6076423216433801,0.040389071191371,0.0189991960823843,0.0213898751089867,0.0222901537142168,-0.1445731976036377,0.4133325546561731,-1.0041453007432757,0.7149989055360002,0.7299913839572405,0.1841234671429691,0.2448838924965342,-0.3251404660436282,0.6933874003295666,0.4604674781738726,4,39.7638574522152,ok,0.6963149930092061,False,0.7688363475039046,False,0.7704086099732378,False,1.0,0.773100305766387,False,1.0
DELTA_OC_MINUS_OA,Reactividad OC−OA,ZONE_BAND,BAI_ZB_FRONTAL_BETA_W2,BAI,ZB_FRONTAL_BETA,frontal,beta,6,Fp1 | Fp2 | F3 | F4 | F7 | F8,EEG4 | EEG8 | EEG12 | EEG16 | EEG44 | EEG48,W2,25,18,7,1.0647398055169004,5.192934095347053,-11.310375771225004,16.568990138658865,-0.6826231216612031,21.0,0.502306413702551,0.7527443753438837,0.0905730710446426,0.0703935662602521,0.0201795047843904,0.0221892536298329,-0.514064864271855,0.4732415685359696,-1.4982245820999007,0.4700948535561905,0.2896747396244808,-11.82444063549686,16.562230424456253,-46.26748432576608,22.618603054772358,0.4831246111734562,4,45.94226030063664,ok,0.9444361710470368,False,0.7688363475039046,False,0.7704086099732378,False,1.0,0.773100305766387,False,1.0
OA,Ojos abiertos,ZONE_BAND,MSPSS_ZB_CENTRAL_BETA_W3,MSPSS,ZB_CENTRAL_BETA,central,beta,2,C3 | C4,EEG20 | EEG24,W3,25,6,19,8.89451872745027,10.61090014694074,0.3223278314377236,0.4772844116067793,0.6753370183463693,21.0,0.506830452552553,0.61166296824934,0.0402250719631828,0.0193805846310809,0.0208444873321018,0.0217180994451881,-0.1373296937533466,0.4097947901232328,-0.9895446127908952,0.7148852252842022,0.7408603978882914,0.1849981376843769,0.2446806889615228,-0.323843210617513,0.693839485986267,0.4579995591657296,4,39.83590987711274,ok,0.6990764862793835,False,0.7735766299640748,False,0.7737136023671287,False,1.0,0.7772376431055997,False,1.0
OA,Ojos abiertos,ZONE,MSPSS_Z_FRONTAL_W3,MSPSS,Z_FRONTAL,frontal,all_bands,24,Fp1 | Fp2 | F3 | F4 | F7 | F8,EEG1 | EEG2 | EEG3 | EEG4 | EEG5 | EEG6 | EEG7 | EEG8 | EEG9 | EEG10 | EEG11 | EEG12 | EEG13 | EEG14 | EEG15 | EEG16 | EEG41 | EEG42 | EEG43 | EEG44 | EEG45 | EEG46 | EEG47 | EEG48,W3,25,6,19,15.913111369721689,10.223866031962654,0.3365710939402962,0.4993468057423039,0.6740227234255889,21.0,0.5076489554634414,0.62508667467845,0.0419546891957461,0.0212286730928057,0.0207260161029404,0.0216336491282875,-0.1376217350114833,0.430833294879502,-1.0335886198125386,0.7583451497895719,0.7525552527537129,0.1989493589288129,0.252447825160595,-0.3260446333465531,0.723943351204179,0.4394550986387701,4,38.49344793399585,ok,0.6433918685447017,False,0.7644259824293486,False,0.7737136023671287,False,1.0,0.7772806219685232,False,1.0
OC,Ojos cerrados,ZONE_BAND,BAI_ZB_TEMPORAL_THETA_W2,BAI,ZB_TEMPORAL_THETA,temporal,theta,2,T7 | T8,EEG50 | EEG54,W2,25,18,7,17.275949836954464,11.393341431240168,0.4067134506778697,0.6046667025103387,0.6726241894738955,21.0,0.5085207367716773,0.96006997720305,0.0384912596328057,0.0177765473684734,0.0207147122643323,0.0215439666793059,-0.0868352323055858,0.244584493343534,-0.5954765308685043,0.4218060662573326,0.7261067470289639,0.3198782183722838,0.5529920856039562,-0.8301317788745375,1.469888215619105,0.5691127831707231,4,27.524572111482808,ok,0.6488164380437138,False,0.7735766299640748,False,0.7737136023671287,False,1.0,0.7772806219685232,False,1.0
OC,Ojos cerrados,ZONE_BAND,BAI_ZB_FRONTAL_ALPHA_W4,BAI,ZB_FRONTAL_ALPHA,frontal,alpha,6,Fp1 | Fp2 | F3 | F4 | F7 | F8,EEG3 | EEG7 | EEG11 | EEG15 | EEG43 | EEG47,W4,25,17,8,19.137598604341093,4.9731899272265085,0.8124522235638744,1.2109124472609432,0.6709421687766305,21.0,0.5095703450463818,0.3096321833711923,0.0994885027757105,0.0801848212621463,0.0193036815135642,0.0214363520877471,-0.0961495722256815,0.5584285665173184,-1.2574653504465287,1.0651662059951656,0.8649454670855447,0.7163026513381928,1.07446102350383,-1.5181613687606448,2.95076667143703,0.5122465342808392,4,11.70704725041481,ok,0.6488164380437138,False,0.7735766299640748,False,0.7737136023671287,False,1.0,0.7772806219685232,False,1.0
OC,Ojos cerrados,ZONE_BAND,BAI_ZB_TEMPORAL_ALPHA_W2,BAI,ZB_TEMPORAL_ALPHA,temporal,alpha,2,T7 | T8,EEG51 | EEG55,W2,25,18,7,19.199964560885796,4.996790816512311,1.1030110149101997,1.6478663480867244,0.6693570848090103,21.0,0.5105605757762894,0.7947138114277978,0.0386923642979503,0.0181826870419817,0.0205096772559685,0.0213351860468581,-0.0544130891787921,0.5480511059525186,-1.1941477567359662,1.0853215783783818,0.9218539017906654,1.0485979257314075,1.5540603226454548,-2.1832474367840446,4.280443288246859,0.5071976516192045,4,12.859097999412704,ok,0.6488164380437138,False,0.7735766299640748,False,0.7737136023671287,False,1.0,0.7772806219685232,False,1.0
OC,Ojos cerrados,ZONE_BAND,BAI_ZB_FRONTAL_THETA_W2,BAI,ZB_FRONTAL_THETA,frontal,theta,6,Fp1 | Fp2 | F3 | F4 | F7 | F8,EEG2 | EEG6 | EEG10 | EEG14 | EEG42 | EEG46,W2,25,18,7,17.247263672443356,11.36328711756634,0.3991506130986715,0.6004372066165753,0.6647666212223245,21.0,0.5134344001195589,0.9636088311372112,0.0379296263962628,0.0176842453147253,0.0202453810815375,0.0210435552710162,-0.0849084167954712,0.2463759013561818,-0.5972751522630482,0.4274583186721055,0.7338003691621808,0.3142421963032002,0.5475616443108894,-0.8244745800475786,1.452958972653979,0.572135811687461,4,27.570076456798084,ok,0.6488164380437138,False,0.7756527342026353,False,0.7737136023671287,False,1.0,0.7772806219685232,False,1.0
OA,Ojos abiertos,ZONE,MSPSS_Z_PARIETAL_W3,MSPSS,Z_PARIETAL,parietal,all_bands,16,P3 | P4 | P7 | P8,EEG25 | EEG26 | EEG27 | EEG28 | EEG29 | EEG30 | EEG31 | EEG32 | EEG57 | EEG58 | EEG59 | EEG60 | EEG61 | EEG62 | EEG63 | EEG64,W3,25,6,19,15.937098952027949,10.265794847352648,0.3273808712169921,0.4928046398602939,0.6643218118031557,21.0,0.5137133490676838,0.6289427067233108,0.0398919296788891,0.0197148713540796,0.0201770583248094,0.0210154033160674,-0.1357182620110742,0.422840144478023,-1.015062480574223,0.7436259565520746,0.7514068285919893,0.1916626092059179,0.2531059566380026,-0.3347000424015162,0.718025260813352,0.4573176077550901,4,38.51978714835232,ok,0.6433918685447017,False,0.7644259824293486,False,0.7737136023671287,False,1.0,0.7772806219685232,False,1.0
OA,Ojos abiertos,ZONE,MSPSS_Z_OCCIPITAL_W3,MSPSS,Z_OCCIPITAL,occipital,all_bands,8,O1 | O2,EEG33 | EEG34 | EEG35 | EEG36 | EEG37 | EEG38 | EEG39 | EEG40,W3,25,6,19,15.637370530471465,10.152310142795791,0.3311188411125552,0.4993474564739475,0.6631030894814034,21.0,0.5144780676866006,0.6266780372668735,0.0410450470981529,0.0209660963450503,0.0200789507531026,0.0209383670133228,-0.1319609858734714,0.4290712954243375,-1.024263592213164,0.7603416204662211,0.761453976306783,0.1991578552390837,0.255432389743121,-0.3320428788625872,0.7303585893407548,0.4442729803516773,4,38.13591740922061,ok,0.6433918685447017,False,0.7644259824293486,False,0.7737136023671287,False,1.0,0.7772806219685232,False,1.0
OA,Ojos abiertos,ZONE,MSPSS_Z_CENTRAL_W3,MSPSS,Z_CENTRAL,central,all_bands,8,C3 | C4,EEG17 | EEG18 | EEG19 | EEG20 | EEG21 | EEG22 | EEG23 | EEG24,W3,25,6,19,15.776173399279394,10.247690911917816,0.3269381000284611,0.4933216233881066,0.6627280956854631,21.0,0.5147134948357613,0.6284880739154795,0.0402059336569284,0.0201321365216922,0.0200737971352362,0.0209146918481375,-0.1329729959837204,0.4231173183518152,-1.0128936291722044,0.7469476372047636,0.7564169813021687,0.1939651040447406,0.2536492834861659,-0.333527457598346,0.7214576656878273,0.4529595277735361,4,38.45500581997227,ok,0.6433918685447017,False,0.7644259824293486,False,0.7737136023671287,False,1.0,0.7772806219685232,False,1.0
DELTA_OC_MINUS_OA,Reactividad OC−OA,ZONE_BAND,BAI_ZB_TEMPORAL_ALPHA_W3,BAI,ZB_TEMPORAL_ALPHA,temporal,alpha,2,T7 | T8,EEG51 | EEG55,W3,25,6,19,0.524582497904985,2.1175379213095704,-3.0742655269960557,4.64057964117018,-0.6624744675690645,21.0,0.5148727606965706,0.908649962891326,0.0699785114593096,0.0505422837690187,0.0194362276902909,0.0208986866752816,-1.005853933469547,1.2846921346611695,-3.677517482923672,1.665809615984578,0.4423951688092631,-4.080119460465602,4.459209069463204,-13.353552377856513,5.193313456925309,0.3705857404713128,4,6.680904783042956,ok,0.9444361710470368,False,0.7756527342026353,False,0.7737136023671287,False,1.0,0.7772806219685232,False,1.0
OC,Ojos cerrados,ZONE_BAND,BAI_ZB_CENTRAL_THETA_W2,BAI,ZB_CENTRAL_THETA,central,theta,2,C3 | C4,EEG18 | EEG22,W2,25,18,7,17.149842108868302,11.366654659893218,0.4011279217723388,0.6068645253977731,0.660984297128617,21.0,0.5158090682447525,0.9645237324384538,0.0378791824310653,0.0178624768541282,0.0200167055769371,0.0208047733833624,-0.0878574768684795,0.2449249083071032,-0.5972067071025888,0.4214917533656298,0.7233917774621895,0.3132704449038593,0.5552443979699585,-0.8414234923219519,1.4679643821296704,0.5785928643236833,4,27.39379223925373,ok,0.6488164380437138,False,0.7756527342026353,False,0.7737136023671287,False,1.0,0.7772806219685232,False,1.0
DELTA_OC_MINUS_OA,Reactividad OC−OA,ZONE_BAND,MSPSS_ZB_PARIETAL_BETA_W3,MSPSS,ZB_PARIETAL_BETA,parietal,beta,4,P3 | P4 | P7 | P8,EEG28 | EEG32 | EEG60 | EEG64,W3,25,6,19,1.1117021144314434,5.207201183666695,2.598446151364137,3.948193250405849,0.6581355031436299,21.0,0.5176016640960804,0.9476812562678965,0.0340405627131985,0.0141168516897391,0.0199237110234593,0.0206258257380054,-0.1895767420408384,0.462939508081543,-1.1523121523186368,0.77315866823696,0.6863149152652726,2.4088694093232985,3.920958677977557,-5.745210542003969,10.562949360650563,0.5455784595477627,4,18.3745893346542,ok,0.9444361710470368,False,0.7764024961441207,False,0.7748527905629946,False,1.0,0.7777143714778164,False,1.0
DELTA_OC_MINUS_OA,Reactividad OC−OA,ZONE_BAND,BAI_ZB_FRONTAL_BETA_W5,BAI,ZB_FRONTAL_BETA,frontal,beta,6,Fp1 | Fp2 | F3 | F4 | F7 | F8,EEG4 | EEG8 | EEG12 | EEG16 | EEG44 | EEG48,W5,25,11,14,1.0647398055169004,5.192934095347053,3.190882215636256,4.898139724855446,0.6514477730074196,21.0,0.5218234548325855,0.8145019456960105,0.2833661588211923,0.2688838692941957,0.0144822895269965,0.0202087714741106,-3.843992057023208,4.87958386843003,-13.991642226320147,6.303658112273732,0.4396328584074274,-0.6531098413869518,0.4259507426503478,-1.538922902974652,0.2327032202007484,0.1401304636450638,4,35.06589003937305,ok,0.9444361710470368,False,0.7791133081709648,False,0.7774862103008513,False,1.0,0.7786759230335415,False,1.0
OC,Ojos cerrados,ZONE_BAND,BAI_ZB_PARIETAL_THETA_W2,BAI,ZB_PARIETAL_THETA,parietal,theta,4,P3 | P4 | P7 | P8,EEG26 | EEG30 | EEG58 | EEG62,W2,25,18,7,17.344982129937286,11.374232926109208,0.3915741781524409,0.6013491800921339,0.6511594113962991,21.0,0.5220059164745464,0.9623324339012304,0.0371492875366546,0.0177084798019483,0.0194408077347063,0.0201908847166652,-0.0836825407445898,0.2455533483913856,-0.5943386836785546,0.4269736021893749,0.7366462512501665,0.3078916374078511,0.5489302227890721,-0.833671253693753,1.449454528509455,0.5808059387048943,4,27.455605475869103,ok,0.6525073955931829,False,0.7791133081709648,False,0.7774862103008513,False,1.0,0.7786759230335415,False,1.0
DELTA_OC_MINUS_OA,Reactividad OC−OA,ZONE,BAI_Z_OCCIPITAL_W2,BAI,Z_OCCIPITAL,occipital,all_bands,8,O1 | O2,EEG33 | EEG34 | EEG35 | EEG36 | EEG37 | EEG38 | EEG39 | EEG40,W2,25,18,7,1.2062277146964149,5.153889862798359,-6.605135908136942,10.155106612914585,-0.650425067890176,21.0,0.5224707333221721,0.7042216439869621,0.0736944678266747,0.055033700194755,0.0186607676319197,0.0201453699495211,-0.4287518064205486,0.4807418119339823,-1.4285091342579286,0.5710055214168315,0.3825764444483762,-7.0338877145574905,10.143721093855053,-28.12891053839466,14.06113510927968,0.4956430845044531,4,26.175427173251283,ok,0.9644656722218322,False,0.7683393137090766,False,0.7774862103008513,False,1.0,0.7786759230335415,False,1.0
OA,Ojos abiertos,ZONE_BAND,BAI_ZB_PARIETAL_ALPHA_W2,BAI,ZB_PARIETAL_ALPHA,parietal,alpha,4,P3 | P4 | P7 | P8,EEG27 | EEG31 | EEG59 | EEG63,W2,25,18,7,18.674017938252018,5.097584198490498,1.076379123910733,1.6817937471386777,0.6400185074668235,21.0,0.5290822160491488,0.3282588007288887,0.055271189994436,0.0368434137511322,0.0184277762433038,0.0195058899952413,0.2242478775999439,0.5331134368448092,-0.8844222064728766,1.3329179616727644,0.6782926253373052,1.300627001510677,1.5950612124211003,-2.0164843790283613,4.617738382049716,0.4239905593130335,4,13.59471942248219,ok,0.7215201400267592,False,0.7845595639441886,False,0.7856955092587796,False,1.0,0.7835200828948188,False,1.0
OA,Ojos abiertos,ZONE_BAND,BAI_ZB_OCCIPITAL_ALPHA_W2,BAI,ZB_OCCIPITAL_ALPHA,occipital,alpha,2,O1 | O2,EEG35 | EEG39,W2,25,18,7,18.424597448260545,5.052775848091443,1.1082479087265846,1.7424666531059798,0.6360224494116498,21.0,0.5316330733093328,0.3948134992176726,0.0528649804217292,0.0346202483543804,0.0182447320673487,0.0192630741026475,0.2101694869012343,0.5352252254944264,-0.9028923020844688,1.3232312758869376,0.6985170838038378,1.318417395627819,1.6582291745053803,-2.130058953404921,4.76689374466056,0.4354642542464972,4,13.420630332821435,ok,0.7215201400267592,False,0.7845595639441886,False,0.7856955092587796,False,1.0,0.785874145428424,False,1.0
DELTA_OC_MINUS_OA,Reactividad OC−OA,ZONE,MSPSS_Z_PARIETAL_W2,MSPSS,Z_PARIETAL,parietal,all_bands,16,P3 | P4 | P7 | P8,EEG25 | EEG26 | EEG27 | EEG28 | EEG29 | EEG30 | EEG31 | EEG32 | EEG57 | EEG58 | EEG59 | EEG60 | EEG61 | EEG62 | EEG63 | EEG64,W2,25,18,7,1.2086220272190764,5.179683058723033,-5.751689104612406,9.072139946400045,-0.6339947508079126,21.0,0.5329299945860685,0.8570333252189177,0.043175396087181,0.0248613474245356,0.0183140486626454,0.0191404449548562,-0.0043716973887612,0.4314650598371724,-0.9016524093424018,0.8929090145648791,0.99201143978507,-5.756060802001167,9.06187403957962,-24.60125951388929,13.089137909886958,0.5321618421433372,4,26.800750020321548,ok,0.9644656722218322,False,0.7761116426010707,False,0.7856955092587796,False,1.0,0.7861453511297254,False,1.0
DELTA_OC_MINUS_OA,Reactividad OC−OA,ZONE_BAND,BAI_ZB_FRONTAL_DELTA_W4,BAI,ZB_FRONTAL_DELTA,frontal,delta,6,Fp1 | Fp2 | F3 | F4 | F7 | F8,EEG1 | EEG5 | EEG9 | EEG13 | EEG41 | EEG45,W4,25,17,8,1.8117560741525915,7.041477936572528,-2.2621542486288946,3.5750695649965145,-0.6327581065212363,21.0,0.5337217975701022,0.5974286721578113,0.1034842592756289,0.0863914258626593,0.0170928334129696,0.0190658486365882,2.087606094285105,3.5560951986995493,-5.3076987141001055,9.482910902670316,0.5634289164767549,-0.1745481543437894,0.3678441685691943,-0.9395219800026282,0.5904256713150493,0.6400287839709661,4,42.28427039614108,ok,0.9444361710470368,False,0.7845595639441886,False,0.7856955092587796,False,1.0,0.7861571631118217,False,1.0
DELTA_OC_MINUS_OA,Reactividad OC−OA,ZONE_BAND,BAI_ZB_OCCIPITAL_DELTA_W3,BAI,ZB_OCCIPITAL_DELTA,occipital,delta,2,O1 | O2,EEG33 | EEG37,W3,25,6,19,1.779324914617469,7.294047387420073,1.8866001376192232,2.9856436432041726,0.6318905948181199,21.0,0.5342776313617607,0.8671011849744394,0.0460789739279007,0.0279414954820944,0.0181374784458062,0.0190136058961713,-0.2839454878789631,0.3680586132698292,-1.0493652757061709,0.4814742999482445,0.449023927576075,1.60265464974026,2.962870368646488,-4.55897158903038,7.7642808885109,0.5942595575787596,4,24.66680302797616,ok,0.9444361710470368,False,0.7845595639441886,False,0.7856955092587796,False,1.0,0.7861571631118217,False,1.0
DELTA_OC_MINUS_OA,Reactividad OC−OA,ZONE_BAND,MSPSS_ZB_TEMPORAL_DELTA_W3,MSPSS,ZB_TEMPORAL_DELTA,temporal,delta,2,T7 | T8,EEG49 | EEG53,W3,25,6,19,1.8233331292024568,7.0353148202065,1.7365157781365623,2.758233375370291,0.629575362854652,21.0,0.5357625846493941,0.8751134155357706,0.0336239457871032,0.0153840516148217,0.0182398941722815,0.0188745303577888,-0.1533111252545949,0.3417580390608275,-0.8640358748324749,0.5574136243232851,0.6583180588738727,1.5832046528819677,2.736978771518677,-4.1086542930940295,7.275063598857964,0.5691128927143513,4,23.94621509531952,ok,0.9444361710470368,False,0.7845595639441886,False,0.7856955092587796,False,1.0,0.7861571631118217,False,1.0
OA,Ojos abiertos,ZONE_BAND,BAI_ZB_CENTRAL_ALPHA_W2,BAI,ZB_CENTRAL_ALPHA,central,alpha,2,C3 | C4,EEG19 | EEG23,W2,25,18,7,18.57980896524,5.058929387368242,1.1123666576196556,1.7707620701465152,0.6281852747882819,21.0,0.5366552355848695,0.5137038441440186,0.0527732795836984,0.0349736833960386,0.0177995961876598,0.0187912733076585,0.2167204577712051,0.5345168395015402,-0.8948681618962808,1.3283090774386912,0.6892470206560726,1.3290871153908608,1.688161739099325,-2.1816374093796527,4.839811640161374,0.4399030577789578,4,13.587780951377804,ok,0.7215201400267592,False,0.7845595639441886,False,0.7856955092587796,False,1.0,0.7861571631118217,False,1.0
OC,Ojos cerrados,ZONE_BAND,MSPSS_ZB_FRONTAL_BETA_W1,MSPSS,ZB_FRONTAL_BETA,frontal,beta,6,Fp1 | Fp2 | F3 | F4 | F7 | F8,EEG4 | EEG8 | EEG12 | EEG16 | EEG44 | EEG48,W1,25,8,17,10.091187641957935,10.063610595271342,-0.2888473062788353,0.4606979953088194,-0.626977562785383,21.0,0.5374314239918713,0.5994615604188419,0.1494217140990259,0.133499663656726,0.0159220504422998,0.0187190887731568,0.2749062309385427,0.3885861111125821,-0.5332028256000715,1.0830152874771568,0.4870629421773996,-0.0139410753402926,0.2474741948809312,-0.528591837227513,0.5007096865469277,0.9556087253577912,4,33.0837409715938,ok,0.6604242171131661,False,0.7845595639441886,False,0.7856955092587796,False,1.0,0.7861571631118217,False,1.0
OA,Ojos abiertos,ZONE_BAND,BAI_ZB_TEMPORAL_ALPHA_W2,BAI,ZB_TEMPORAL_ALPHA,temporal,alpha,2,T7 | T8,EEG51 | EEG55,W2,25,18,7,18.675382062980805,5.089654391770822,1.064164265279126,1.697718102698361,0.6268203558575115,21.0,0.5375325043199356,0.5437096355377129,0.0517864015059168,0.0340456068999368,0.0177407946059799,0.0187097027865401,0.2026069844896216,0.5350070579044154,-0.9100011001554238,1.3152150691346671,0.7087125345765697,1.2667712497687476,1.6112151328181417,-2.083934047274606,4.617476546812102,0.440520179939425,4,13.636450466476097,ok,0.7215201400267592,False,0.7845595639441886,False,0.7856955092587796,False,1.0,0.7861571631118217,False,1.0
DELTA_OC_MINUS_OA,Reactividad OC−OA,ZONE_BAND,BAI_ZB_TEMPORAL_BETA_W3,BAI,ZB_TEMPORAL_BETA,temporal,beta,2,T7 | T8,EEG52 | EEG56,W3,25,6,19,1.0831878700577655,4.9809001533439465,-2.9045395842291555,4.663916456339924,-0.6227683560413806,21.0,0.5401413747437013,0.960590587574963,0.0560637889220442,0.0386306164673877,0.0174331724546564,0.0184685916803087,-0.419249920194523,0.5392269843784219,-1.540633822358645,0.7021339819695993,0.4455340615268437,-3.3237895044236785,4.632639741123466,-12.957891247699692,6.310312238852334,0.4809883444519046,4,17.717320296983573,ok,0.9444361710470368,False,0.7845595639441886,False,0.7856955092587796,False,1.0,0.787756706359407,False,1.0
DELTA_OC_MINUS_OA,Reactividad OC−OA,ZONE_BAND,BAI_ZB_OCCIPITAL_BETA_W3,BAI,ZB_OCCIPITAL_BETA,occipital,beta,2,O1 | O2,EEG36 | EEG40,W3,25,6,19,1.1281152502932732,5.129693929000322,-3.0310351243894647,4.8692594758899554,-0.6224837964371331,21.0,0.5403248428672038,0.9403990111591054,0.0558289887265346,0.0384074115354899,0.0174215771910446,0.0184517179441328,-0.4081276012278997,0.5229430825675068,-1.495647275739857,0.6793920732840573,0.443838488861182,-3.4391627256173645,4.84109681538584,-13.506774686560837,6.628449235326107,0.4852653970625589,4,18.67565189385116,ok,0.9444361710470368,False,0.7845595639441886,False,0.7856955092587796,False,1.0,0.787756706359407,False,1.0
DELTA_OC_MINUS_OA,Reactividad OC−OA,ZONE_BAND,MSPSS_ZB_OCCIPITAL_BETA_W3,MSPSS,ZB_OCCIPITAL_BETA,occipital,beta,2,O1 | O2,EEG36 | EEG40,W3,25,6,19,1.1281152502932732,5.129693929000322,2.714569391796777,4.372794130749914,0.6207860033262624,21.0,0.5414201794364758,0.7602330782986273,0.0321837270719281,0.0144231342302284,0.0177605928416997,0.0183512029488469,-0.1919827867024393,0.4696242731549064,-1.1686199269755562,0.7846543535706776,0.6868247801952978,2.5225866050943377,4.347502909945503,-6.518540636422205,11.56371384661088,0.5679285844147296,4,18.67565189385116,ok,0.9444361710470368,False,0.7845595639441886,False,0.7856955092587796,False,1.0,0.7879285224902352,False,1.0
OC,Ojos cerrados,ZONE_BAND,MSPSS_ZB_TEMPORAL_BETA_W1,MSPSS,ZB_TEMPORAL_BETA,temporal,beta,2,T7 | T8,EEG52 | EEG56,W1,25,8,17,10.185824845706325,10.10937608703711,-0.2835009413374497,0.4569035952220183,-0.6204830609828998,21.0,0.5416157486255704,0.6049928227387992,0.14860543178341,0.132996562625799,0.0156088691576109,0.0183332966174622,0.2656113565763375,0.3842551339385861,-0.5334909398700349,1.06471365302271,0.4969876374496507,-0.0178895847611121,0.2472021184550106,-0.531974532746164,0.4961953632239397,0.9429936867764828,4,33.17327799167767,ok,0.6604242171131661,False,0.7845595639441886,False,0.7856955092587796,False,1.0,0.7879285224902352,False,1.0
OC,Ojos cerrados,ZONE_BAND,MSPSS_ZB_CENTRAL_BETA_W1,MSPSS,ZB_CENTRAL_BETA,central,beta,2,C3 | C4,EEG20 | EEG24,W1,25,8,17,10.05936711409323,10.03028756571393,-0.2854989327553479,0.4613183070268162,-0.618876225821994,21.0,0.5426536983947304,0.6053819916956927,0.1483742257872485,0.1328418781857614,0.0155323476014871,0.0182384658517942,0.2667176037921362,0.3884204977522237,-0.5410470409094048,1.0744822484936771,0.4998021494162067,-0.0187813289632116,0.2488857113697021,-0.5363675000825413,0.4988048421561181,0.9405616707479816,4,32.93604929993864,ok,0.6604242171131661,False,0.7845595639441886,False,0.7856955092587796,False,1.0,0.788294545546208,False,1.0
DELTA_OC_MINUS_OA,Reactividad OC−OA,ZONE,MSPSS_Z_OCCIPITAL_W2,MSPSS,Z_OCCIPITAL,occipital,all_bands,8,O1 | O2,EEG33 | EEG34 | EEG35 | EEG36 | EEG37 | EEG38 | EEG39 | EEG40,W2,25,18,7,1.2062277146964149,5.153889862798359,-5.63581968236833,9.159107424867576,-0.615324116307088,21.0,0.5449519840722781,0.8425099807255033,0.042273244644904,0.0250057154576922,0.0172675291872117,0.0180297032432903,-0.0173465807349458,0.4335913020872847,-0.9190490555091648,0.884355894039273,0.9684656555895969,-5.653166263103277,9.14883858219275,-24.67921764181008,13.372885115603523,0.5432778282722531,4,26.175427173251283,ok,0.9644656722218322,False,0.7859884385657857,False,0.7875028671564712,False,1.0,0.7899812988499553,False,1.0
OC,Ojos cerrados,ZONE_BAND,MSPSS_ZB_PARIETAL_BETA_W1,MSPSS,ZB_PARIETAL_BETA,parietal,beta,4,P3 | P4 | P7 | P8,EEG28 | EEG32 | EEG60 | EEG64,W1,25,8,17,10.194801346574195,10.08027651159297,-0.2807123084199686,0.4589142121747132,-0.6116879821388026,21.0,0.5473099954865509,0.6090697558130742,0.1481642971330903,0.1329869299916923,0.0151773671413979,0.0178172470234782,0.2641242499120897,0.3863200247166862,-0.5392722219842703,1.0675207218084497,0.5016441207936714,-0.0165880585078789,0.2477076757769867,-0.5317243704990159,0.498548253483258,0.9472420386303398,4,33.09054952132034,ok,0.6604242171131661,False,0.7851196986660017,False,0.788030359517913,False,1.0,0.7899812988499553,False,1.0
OC,Ojos cerrados,ZONE_BAND,MSPSS_ZB_OCCIPITAL_BETA_W1,MSPSS,ZB_OCCIPITAL_BETA,occipital,beta,2,O1 | O2,EEG36 | EEG40,W1,25,8,17,9.984863309407029,9.960463246486944,-0.2835838615760438,0.4640189644225914,-0.6111471369040389,21.0,0.5476611925735083,0.6100021054108862,0.1485451889192339,0.1334014235554245,0.0151437653638094,0.0177857534736191,0.2701151784390113,0.3904309103024749,-0.5418303480356463,1.082060704913669,0.4966173534128897,-0.0134686831370325,0.2507534718088575,-0.5349390747242646,0.5080017084501995,0.9576716539155108,4,32.6879581046116,ok,0.6604242171131661,False,0.7851196986660017,False,0.788030359517913,False,1.0,0.7899812988499553,False,1.0
DELTA_OC_MINUS_OA,Reactividad OC−OA,ZONE_BAND,MSPSS_ZB_FRONTAL_BETA_W3,MSPSS,ZB_FRONTAL_BETA,frontal,beta,6,Fp1 | Fp2 | F3 | F4 | F7 | F8,EEG4 | EEG8 | EEG12 | EEG16 | EEG44 | EEG48,W3,25,6,19,1.0647398055169004,5.192934095347053,2.498479332420784,4.10834962816806,0.6081467154816792,21.0,0.5496116807572909,0.7692804144855426,0.0316732353569848,0.0146195057713502,0.0170537295856345,0.0176115441691024,-0.1922985677362497,0.4619024804579035,-1.1528773610105625,0.7682802255380627,0.6814011022298866,2.3061807646845343,4.082301160597473,-6.183429247241845,10.795790776610913,0.5781125624274907,4,18.315090645832257,ok,0.9444361710470368,False,0.7851196986660017,False,0.788030359517913,False,1.0,0.7901090298571858,False,1.0
OA,Ojos abiertos,ZONE_BAND,BAI_ZB_FRONTAL_ALPHA_W2,BAI,ZB_FRONTAL_ALPHA,frontal,alpha,6,Fp1 | Fp2 | F3 | F4 | F7 | F8,EEG3 | EEG7 | EEG11 | EEG15 | EEG43 | EEG47,W2,25,18,7,18.667531717891176,5.079671545364602,1.0409740545268076,1.7222311819624234,0.6044334032674135,21.0,0.5520306757143355,0.6193456991326204,0.0528710663266629,0.0363937407355313,0.0164773255911315,0.0173971304278774,0.2297934503707677,0.5363401316637347,-0.8855869129202014,1.3451738136617368,0.67268805962183,1.2707675048975753,1.636587763393889,-2.132703065968264,4.674238075763415,0.4461274582879762,4,13.782799543240412,ok,0.7360409009524473,False,0.7851196986660017,False,0.788030359517913,False,1.0,0.7911813827652288,False,1.0
DELTA_OC_MINUS_OA,Reactividad OC−OA,ZONE_BAND,MSPSS_ZB_PARIETAL_DELTA_W3,MSPSS,ZB_PARIETAL_DELTA,parietal,delta,4,P3 | P4 | P7 | P8,EEG25 | EEG29 | EEG57 | EEG61,W3,25,6,19,1.8035370953982863,7.27385328551566,1.591850240425721,2.633680208856711,0.604420474085101,21.0,0.552039108072647,0.9064815416921552,0.0319659988520137,0.0151257055458904,0.0168402933061233,0.0173963861663459,-0.1447989909523812,0.3302418946618134,-0.8315746072001884,0.5419766252954259,0.6655279228026924,1.44705124947334,2.61289336436329,-3.986757965853643,6.880860464800323,0.5855569338166311,4,24.573526932415916,ok,0.9444361710470368,False,0.7851196986660017,False,0.788030359517913,False,1.0,0.7911813827652288,False,1.0
OC,Ojos cerrados,ZONE_BAND,MSPSS_ZB_PARIETAL_ALPHA_W1,MSPSS,ZB_PARIETAL_ALPHA,parietal,alpha,4,P3 | P4 | P7 | P8,EEG27 | EEG31 | EEG59 | EEG63,W1,25,8,17,19.241703033234568,4.994852396993947,-0.5812801020103044,0.96234375853351,-0.6040254294329312,21.0,0.5522967872387915,0.6123798080763035,0.1602026011356258,0.1456122522814495,0.0145903488541762,0.0173736533048401,0.7036481794655102,0.8316596132008698,-1.0258826662478857,2.4331790251789056,0.407047762157892,0.1223680774552057,0.4841980972277587,-0.8845769891304404,1.129313144040852,0.802939456809535,4,16.732116531542257,ok,0.6604242171131661,False,0.7851196986660017,False,0.788030359517913,False,1.0,0.7911813827652288,False,1.0
OC,Ojos cerrados,ZONE_BAND,MSPSS_ZB_FRONTAL_ALPHA_W1,MSPSS,ZB_FRONTAL_ALPHA,frontal,alpha,6,Fp1 | Fp2 | F3 | F4 | F7 | F8,EEG3 | EEG7 | EEG11 | EEG15 | EEG43 | EEG47,W1,25,8,17,19.137598604341093,4.9731899272265085,-0.5871130706718095,0.9731794714444424,-0.6032937273125855,21.0,0.5527742281042696,0.6138958596827865,0.1621368192926323,0.1476153209049494,0.0145214983876829,0.0173315867340334,0.7285043924795186,0.8441815928323161,-1.0270673354388309,2.484076120397868,0.3979021339557633,0.141391321807709,0.4841856275892308,-0.8655278127450158,1.1483104563604338,0.7731376140966268,4,16.72186602308723,ok,0.6604242171131661,False,0.7851196986660017,False,0.788030359517913,False,1.0,0.7911813827652288,False,1.0
DELTA_OC_MINUS_OA,Reactividad OC−OA,ZONE_BAND,BAI_ZB_CENTRAL_DELTA_W3,BAI,ZB_CENTRAL_DELTA,central,delta,2,C3 | C4,EEG17 | EEG21,W3,25,6,19,1.8347681373535616,7.149181836460973,1.8275429690063616,3.036586755925828,0.6018411841650677,21.0,0.5537226659545869,0.7738044757013123,0.0436902112753291,0.0271955609553354,0.0164946503199936,0.0172482290932008,-0.284761022830343,0.3768749428368633,-1.0685153716848368,0.4989933260241508,0.4582900219737587,1.5427819461760188,3.01310876068652,-4.723320748217928,7.808884640569966,0.6139775014268313,4,24.27210547206515,ok,0.9444361710470368,False,0.7851196986660017,False,0.788030359517913,False,1.0,0.7911813827652288,False,1.0
OC,Ojos cerrados,ZONE_BAND,MSPSS_ZB_TEMPORAL_ALPHA_W1,MSPSS,ZB_TEMPORAL_ALPHA,temporal,alpha,2,T7 | T8,EEG51 | EEG55,W1,25,8,17,19.199964560885796,4.996790816512311,-0.5741236517468236,0.9630539158792244,-0.5961490237259197,21.0,0.5574475829546055,0.6130822825640276,0.1607845881019206,0.1465821197450101,0.0142024683569105,0.0169235075471128,0.7065835026508553,0.8328370181955604,-1.0253958907903504,2.438562896092061,0.4057793602388445,0.1324598509040317,0.4835859241266596,-0.8732121320251987,1.1381318338332622,0.7868286193620705,4,16.751617669583506,ok,0.6604242171131661,False,0.7851196986660017,False,0.7894953354028681,False,1.0,0.7925347337106713,False,1.0
DELTA_OC_MINUS_OA,Reactividad OC−OA,ZONE_BAND,MSPSS_ZB_CENTRAL_DELTA_W2,MSPSS,ZB_CENTRAL_DELTA,central,delta,2,C3 | C4,EEG17 | EEG21,W2,25,18,7,1.8347681373535616,7.149181836460973,-3.240004823886561,5.448099708985852,-0.5947036575969126,21.0,0.5583955018355047,0.7916160334441428,0.0415240735785311,0.0253818583441041,0.016142215234427,0.0168415447790066,-0.0249756790514955,0.3130635550001706,-0.6760269823095156,0.6260756242065245,0.937168957220988,-3.2649805029380565,5.439097503224445,-14.576202973467366,8.046241967591252,0.5547431071629668,4,27.42618669452141,ok,0.9444361710470368,False,0.7851196986660017,False,0.7894953354028681,False,1.0,0.7925347337106713,False,1.0
DELTA_OC_MINUS_OA,Reactividad OC−OA,ZONE_BAND,MSPSS_ZB_CENTRAL_BETA_W3,MSPSS,ZB_CENTRAL_BETA,central,beta,2,C3 | C4,EEG20 | EEG24,W3,25,6,19,1.1648483866429604,5.25619916842377,2.3805789609743093,4.008610505941808,0.5938663677714933,21.0,0.5589450084259521,0.9162074651830155,0.0311991596766124,0.01492896784163,0.0162701918349824,0.016794155370005,-0.1947252225741976,0.4581265972286659,-1.1474516368089127,0.7580011916605174,0.6751262255127259,2.1858537384001115,3.982345817386872,-6.0958877579309965,10.46759523473122,0.5888727951653775,4,18.585604066124816,ok,0.9444361710470368,False,0.7851196986660017,False,0.7894953354028681,False,1.0,0.7925347337106713,False,1.0
DELTA_OC_MINUS_OA,Reactividad OC−OA,ZONE_BAND,BAI_ZB_TEMPORAL_THETA_W2,BAI,ZB_TEMPORAL_THETA,temporal,theta,2,T7 | T8,EEG50 | EEG54,W2,25,18,7,1.3332193150444869,5.9651941571679385,-4.747064025461167,8.00526240862739,-0.5929929317926151,21.0,0.5595185375312169,0.7019923447795471,0.0718796547234811,0.0563384732469061,0.015541181476575,0.0167447912931428,-0.3766733196921443,0.415480932888811,-1.2407132199480877,0.487366580563799,0.3749061420056632,-5.123737345153312,7.994473204995351,-21.749154503566107,11.501679813259482,0.528514088285401,4,24.30982696702249,ok,0.9444361710470368,False,0.7851196986660017,False,0.7894953354028681,False,1.0,0.7925347337106713,False,1.0
OC,Ojos cerrados,ZONE_BAND,MSPSS_ZB_CENTRAL_ALPHA_W1,MSPSS,ZB_CENTRAL_ALPHA,central,alpha,2,C3 | C4,EEG19 | EEG23,W1,25,8,17,19.100330072963768,4.985768157295781,-0.5697739641296135,0.9644303243995918,-0.5907881053868018,21.0,0.5609676661466375,0.6279141111922272,0.1603847057792834,0.1464298763645927,0.0139548294146907,0.0166205040698345,0.7022582793058608,0.83349866780936,-1.031097089832561,2.4356136484442827,0.4089779843301962,0.1324843151762473,0.4851863779843021,-0.8765159937531843,1.141484624105679,0.7874754548838632,4,16.715315071892235,ok,0.6604242171131661,False,0.7851196986660017,False,0.7894953354028681,False,1.0,0.79387328428937,False,1.0
OC,Ojos cerrados,ZONE_BAND,MSPSS_ZB_OCCIPITAL_ALPHA_W1,MSPSS,ZB_OCCIPITAL_ALPHA,occipital,alpha,2,O1 | O2,EEG35 | EEG39,W1,25,8,17,18.971403435617194,4.946349119009303,-0.5748278677654335,0.9739695558439724,-0.5901907963307219,21.0,0.5613605845461912,0.6393257724027978,0.1586938270091715,0.144739154588279,0.0139546724208925,0.0165869131463566,0.6947821919312265,0.8422251945669323,-1.0567209830686295,2.4462853669310825,0.4186801906994029,0.1199543241657929,0.4891558211322815,-0.8973008936900362,1.1372095420216222,0.8086610417369404,4,16.581970704004423,ok,0.6604242171131661,False,0.7851196986660017,False,0.7894953354028681,False,1.0,0.79387328428937,False,1.0
DELTA_OC_MINUS_OA,Reactividad OC−OA,ZONE,MSPSS_Z_PARIETAL_W4,MSPSS,Z_PARIETAL,parietal,all_bands,16,P3 | P4 | P7 | P8,EEG25 | EEG26 | EEG27 | EEG28 | EEG29 | EEG30 | EEG31 | EEG32 | EEG57 | EEG58 | EEG59 | EEG60 | EEG61 | EEG62 | EEG63 | EEG64,W4,25,17,8,1.2086220272190764,5.179683058723033,-3.421623523662014,5.808853699213755,-0.5890359270238017,21.0,0.562120678806842,0.6415395306517322,0.0792149944236728,0.0640017265378444,0.0152132678858284,0.0165220630154661,3.5302166703606392,5.791666573329273,-8.514213319581435,15.574646660302712,0.5487095050861021,0.1085931466986251,0.4465194309878026,-0.8199948439235347,1.037181137320785,0.810210954072969,4,42.51700519272265,ok,0.9644656722218322,False,0.7970240173453396,False,0.7894953354028681,False,1.0,0.7945273755501685,False,1.0
DELTA_OC_MINUS_OA,Reactividad OC−OA,ZONE_BAND,BAI_ZB_CENTRAL_THETA_W2,BAI,ZB_CENTRAL_THETA,central,theta,2,C3 | C4,EEG18 | EEG22,W2,25,18,7,1.3409712788852872,6.118784127857375,-4.117338214944049,7.021913143273254,-0.586355617185085,21.0,0.563886817421474,0.8669648464607667,0.0707981582903853,0.0555852254811526,0.0152129328092327,0.016372043324024,-0.3622691711685128,0.4054176760846395,-1.205381383251451,0.4808430409144253,0.3816784869505684,-4.479607386112562,7.0101997617465805,-19.058115864947432,10.098901092722308,0.5297235724922448,4,22.51023709084389,ok,0.9444361710470368,False,0.7868188150067078,False,0.7904955384413186,False,1.0,0.7966020119128759,False,1.0
DELTA_OC_MINUS_OA,Reactividad OC−OA,ZONE_BAND,MSPSS_ZB_TEMPORAL_THETA_W4,MSPSS,ZB_TEMPORAL_THETA,temporal,theta,2,T7 | T8,EEG50 | EEG54,W4,25,17,8,1.3332193150444869,5.9651941571679385,-2.316623538410439,3.966458474547758,-0.5840533950565492,21.0,0.565406108682648,0.6876742009126471,0.0800633450711438,0.0651201407545909,0.0149432043165529,0.0162437318227183,2.4223896565343908,3.94731425005737,-5.786499707375773,10.631279020444554,0.5460172096841241,0.1057661181239515,0.3892339163096552,-0.7036901230711824,0.9152223593190856,0.7884839307054096,4,38.22661503366249,ok,0.9444361710470368,False,0.7871082719480017,False,0.7911466072984813,False,1.0,0.7983259176005658,False,1.0
DELTA_OC_MINUS_OA,Reactividad OC−OA,ZONE_BAND,MSPSS_ZB_CENTRAL_DELTA_W3,MSPSS,ZB_CENTRAL_DELTA,central,delta,2,C3 | C4,EEG17 | EEG21,W3,25,6,19,1.8347681373535616,7.149181836460973,1.5500724567050606,2.712955409761486,0.5713593563417018,21.0,0.5738209126002658,0.7464555567681864,0.0297971258854584,0.0147150212559972,0.0150821046294612,0.0155453101942477,-0.1417385687767795,0.3367086130430958,-0.8419624621002564,0.5584853245466974,0.6780661765530261,1.408333887928281,2.691979636857736,-4.189944234606058,7.00661201046262,0.6063402720217902,4,24.27210547206515,ok,0.9444361710470368,False,0.7969734897225914,False,0.8009582586675714,False,1.0,0.8062966998377316,False,1.0
OC,Ojos cerrados,ZONE,MSPSS_Z_FRONTAL_W1,MSPSS,Z_FRONTAL,frontal,all_bands,24,Fp1 | Fp2 | F3 | F4 | F7 | F8,EEG1 | EEG2 | EEG3 | EEG4 | EEG5 | EEG6 | EEG7 | EEG8 | EEG9 | EEG10 | EEG11 | EEG12 | EEG13 | EEG14 | EEG15 | EEG16 | EEG41 | EEG42 | EEG43 | EEG44 | EEG45 | EEG46 | EEG47 | EEG48,W1,25,8,17,17.06317338912346,9.61764436161885,-0.3197764104084807,0.5645559310583854,-0.5664211335252273,21.0,0.5771115541944863,0.7385722967511261,0.1449115744933763,0.1318477411723029,0.0130638333210734,0.0152777571668489,0.3178432370831152,0.5088393527075658,-0.7403461255498094,1.37603259971604,0.5389331691432611,-0.0019331733253654,0.2445524737747418,-0.5105078835497213,0.5066415368989904,0.9937674491138704,4,33.67537100829622,ok,0.655330858706168,False,0.7970240173453396,False,0.8009582586675714,False,1.0,0.8088650129655006,False,1.0
OC,Ojos cerrados,ZONE_BAND,MSPSS_ZB_FRONTAL_THETA_W1,MSPSS,ZB_FRONTAL_THETA,frontal,theta,6,Fp1 | Fp2 | F3 | F4 | F7 | F8,EEG2 | EEG6 | EEG10 | EEG14 | EEG42 | EEG46,W1,25,8,17,17.247263672443356,11.36328711756634,-0.2850297410377939,0.5039431387277773,-0.5655990113435452,21.0,0.5776603097243435,0.8215083836067548,0.14245994011471,0.1293966549981762,0.0130632851165338,0.0152334400777513,0.2560087298801356,0.4605862585647327,-0.7018328301224053,1.2138502898826766,0.5841995242166075,-0.0290210111576582,0.2044969082703811,-0.4542956128007492,0.3962535904854327,0.8885004683154978,4,40.3556595216654,ok,0.6756260932448461,False,0.7974298081888596,False,0.8009582586675714,False,1.0,0.8092093530765987,False,1.0
OA,Ojos abiertos,ZONE_BAND,MSPSS_ZB_OCCIPITAL_BETA_W1,MSPSS,ZB_OCCIPITAL_BETA,occipital,beta,2,O1 | O2,EEG36 | EEG40,W1,25,8,17,8.856748059113755,10.51561976491168,-0.2600480848331219,0.4635398576445886,-0.5610047993596904,21.0,0.5807317258746394,0.6231991936137039,0.1445701428430215,0.1317498406295707,0.0128203022134507,0.0149869707097424,0.2462154468224409,0.4003642691682915,-0.5863876302742174,1.0788185239190993,0.545175834139498,-0.0138326380106809,0.2336186028519675,-0.4996691188875699,0.4720038428662081,0.9533444128975344,4,35.61983400416706,ok,0.7493371930046254,False,0.7974298081888596,False,0.8009582586675714,False,1.0,0.8094094422549267,False,1.0
DELTA_OC_MINUS_OA,Reactividad OC−OA,ZONE_BAND,MSPSS_ZB_OCCIPITAL_DELTA_W4,MSPSS,ZB_OCCIPITAL_DELTA,occipital,delta,2,O1 | O2,EEG33 | EEG37,W4,25,17,8,1.779324914617469,7.294047387420073,1.7689060605239646,3.1624019712106253,0.5593552232219218,21.0,0.5818365325648391,0.7177192532344617,0.0749064255415431,0.0611234887211142,0.0137829368204288,0.0148989650355071,-1.7081849649381329,3.1462064510627306,-8.251079458939726,4.83470952906346,0.5928912107110338,0.0607210955858319,0.3196422919578379,-0.6040114401301748,0.7254536313018387,0.8511602126885769,4,43.95524051468963,ok,0.9444361710470368,False,0.7974298081888596,False,0.8009582586675714,False,1.0,0.8103826509901515,False,1.0
OC,Ojos cerrados,ZONE,MSPSS_Z_TEMPORAL_W1,MSPSS,Z_TEMPORAL,temporal,all_bands,8,T7 | T8,EEG49 | EEG50 | EEG51 | EEG52 | EEG53 | EEG54 | EEG55 | EEG56,W1,25,8,17,17.08676137812887,9.647145283650715,-0.3122601982230099,0.5600926645629837,-0.5575152434225382,21.0,0.5830701044293535,0.7377108156507505,0.144081264212227,0.1314127194348602,0.0126685447773667,0.0148011069832545,0.3060395264588627,0.5039133780366425,-0.7419057110496321,1.3539847639673577,0.5501460629878562,-0.0062206717641472,0.2444894687567606,-0.5146643558808219,0.5022230123525275,0.9799414340798416,4,33.773017691862606,ok,0.655330858706168,False,0.7970240173453396,False,0.8009582586675714,False,1.0,0.8108627240560785,False,1.0
OC,Ojos cerrados,ZONE,MSPSS_Z_OCCIPITAL_W1,MSPSS,Z_OCCIPITAL,occipital,all_bands,8,O1 | O2,EEG33 | EEG34 | EEG35 | EEG36 | EEG37 | EEG38 | EEG39 | EEG40,W1,25,8,17,16.84359824516788,9.511652327593085,-0.3165711667858851,0.5688080989790217,-0.5565517919912047,21.0,0.5837165496920954,0.7447579704891357,0.1441098080748579,0.131485431935036,0.0126243761398219,0.0147499951032574,0.3112721866017492,0.5119027319021355,-0.7532878218158533,1.3758321950193515,0.5496622446546886,-0.0052989801841358,0.2479884000014092,-0.521019090158932,0.5104211297906605,0.9831539476688568,4,33.34111718928006,ok,0.655330858706168,False,0.7970240173453396,False,0.8009582586675714,False,1.0,0.8108627240560785,False,1.0
DELTA_OC_MINUS_OA,Reactividad OC−OA,ZONE_BAND,MSPSS_ZB_FRONTAL_THETA_W4,MSPSS,ZB_FRONTAL_THETA,frontal,theta,6,Fp1 | Fp2 | F3 | F4 | F7 | F8,EEG2 | EEG6 | EEG10 | EEG14 | EEG42 | EEG46,W4,25,17,8,1.2536853114876576,6.036632114049067,-1.9139116798079028,3.4689596008813983,-0.5517249838601791,21.0,0.5869605651613516,0.6526302861563946,0.0776493921258151,0.0642796803494664,0.0133697117763487,0.014495259895977,2.00495782966299,3.447595201635475,-5.16470888267486,9.17462454200084,0.5670588543887652,0.0910461498550871,0.3844060850289283,-0.7083700665686378,0.8904623662788121,0.8150691564295248,4,34.314079059114015,ok,0.9444361710470368,False,0.7974298081888596,False,0.8009582586675714,False,1.0,0.8108627240560785,False,1.0
OC,Ojos cerrados,ZONE,MSPSS_Z_PARIETAL_W1,MSPSS,Z_PARIETAL,parietal,all_bands,16,P3 | P4 | P7 | P8,EEG25 | EEG26 | EEG27 | EEG28 | EEG29 | EEG30 | EEG31 | EEG32 | EEG57 | EEG58 | EEG59 | EEG60 | EEG61 | EEG62 | EEG63 | EEG64,W1,25,8,17,17.145720979247024,9.642280433611608,-0.3072673525155485,0.5583307394110413,-0.550332143345128,21.0,0.5878983326533536,0.7428138362368494,0.1436912746465379,0.131341448796275,0.0123498258502628,0.0144221651427938,0.3006652165280928,0.5017834990146806,-0.7428506950787347,1.3441811281349203,0.5554539214612886,-0.0066021359874556,0.2448398143437153,-0.5157744036372007,0.5025701316622895,0.9787421602758948,4,33.68865466801862,ok,0.655330858706168,False,0.7970240173453396,False,0.8009582586675714,False,1.0,0.8108627240560785,False,1.0
DELTA_OC_MINUS_OA,Reactividad OC−OA,ZONE,MSPSS_Z_CENTRAL_W2,MSPSS,Z_CENTRAL,central,all_bands,8,C3 | C4,EEG17 | EEG18 | EEG19 | EEG20 | EEG21 | EEG22 | EEG23 | EEG24,W2,25,18,7,1.2152772276513937,5.147940763373567,-5.337887406039749,9.731872896271488,-0.5484953885993332,21.0,0.5891361125765566,0.8446666443252674,0.038591820924505,0.024818632811082,0.0137731881134229,0.0143260567292734,-0.0007111808996449,0.4351710960546318,-0.905699017080176,0.9042766552808862,0.9987114784763196,-5.338598586939394,9.722138457476431,-25.556892323466787,14.879695149588,0.5887165762501346,4,28.49703833840397,ok,0.9644656722218322,False,0.7970240173453396,False,0.8009582586675714,False,1.0,0.8108627240560785,False,1.0
DELTA_OC_MINUS_OA,Reactividad OC−OA,ZONE_BAND,BAI_ZB_OCCIPITAL_ALPHA_W3,BAI,ZB_OCCIPITAL_ALPHA,occipital,alpha,2,O1 | O2,EEG35 | EEG39,W3,25,6,19,0.5468059873566545,2.249692105295761,-2.509727218204095,4.5775530200020205,-0.548268301260001,21.0,0.5892892351741862,0.9331689851367918,0.0604625050497027,0.0470137805638262,0.0134487244858765,0.0143141966745967,-0.9454150467488934,1.2101867362774588,-3.4621361382173017,1.571306044719515,0.4433950334248598,-3.4551422649529884,4.414684554333155,-12.635981384249662,5.725696854343687,0.4425708200122877,4,7.094200158612891,ok,0.9444361710470368,False,0.7974298081888596,False,0.8009582586675714,False,1.0,0.8108627240560785,False,1.0
OA,Ojos abiertos,ZONE_BAND,MSPSS_ZB_FRONTAL_BETA_W1,MSPSS,ZB_FRONTAL_BETA,frontal,beta,6,Fp1 | Fp2 | F3 | F4 | F7 | F8,EEG4 | EEG8 | EEG12 | EEG16 | EEG44 | EEG48,W1,25,8,17,9.026447836441037,10.563593207509305,-0.2525022720966078,0.4610623130960584,-0.5476532453954898,21.0,0.589704059734426,0.6325174902402262,0.144568795284121,0.1323514422043211,0.0122173530797998,0.0142820989139129,0.2457504319751933,0.398226996645472,-0.5824079435930536,1.0739088075434402,0.5437949075402004,-0.0067518401214144,0.2323654787187955,-0.4899823067017966,0.4764786264589676,0.9770935197731776,4,35.72383907364681,ok,0.7493371930046254,False,0.7974298081888596,False,0.8009582586675714,False,1.0,0.8108627240560785,False,1.0
OC,Ojos cerrados,ZONE,MSPSS_Z_CENTRAL_W1,MSPSS,Z_CENTRAL,central,all_bands,8,C3 | C4,EEG17 | EEG18 | EEG19 | EEG20 | EEG21 | EEG22 | EEG23 | EEG24,W1,25,8,17,16.991450626930785,9.578137091582258,-0.3118319034073903,0.5695410835275994,-0.5475143276337137,21.0,0.5897977728355512,0.7429541028648678,0.1437583545273671,0.1315356298471256,0.0122227246802415,0.0142748542363818,0.3088414702944491,0.5138197641689598,-0.759705224966031,1.3773881655549292,0.5542267808420643,-0.0029904331129412,0.2456955347073821,-0.5139422686781832,0.5079614024523007,0.9904038410302392,4,33.64188971726934,ok,0.655330858706168,False,0.7970240173453396,False,0.8009582586675714,False,1.0,0.8108627240560785,False,1.0
OA,Ojos abiertos,ZONE_BAND,MSPSS_ZB_TEMPORAL_DELTA_W3,MSPSS,ZB_TEMPORAL_DELTA,temporal,delta,2,T7 | T8,EEG49 | EEG53,W3,25,6,19,19.86197313976645,13.695071436076708,0.2072934230287463,0.3786665619495671,0.5474299657236563,21.0,0.5898546864746899,0.6800274790037157,0.0374024570855875,0.0236657515992,0.0137367054863875,0.0142704555891525,-0.063907761040641,0.328784038356209,-0.7476515991316898,0.6198360770504078,0.8477494694137846,0.1433856619881052,0.1878547876975411,-0.2472797553060803,0.5340510792822908,0.4537869250777821,4,51.86781093389904,ok,0.7493371930046254,False,0.7974298081888596,False,0.8009582586675714,False,1.0,0.8108627240560785,False,1.0
OC,Ojos cerrados,ZONE_BAND,MSPSS_ZB_OCCIPITAL_THETA_W1,MSPSS,ZB_OCCIPITAL_THETA,occipital,theta,2,O1 | O2,EEG34 | EEG38,W1,25,8,17,17.048187388373652,11.252490706558492,-0.2796756145245617,0.5118963367189523,-0.5463520530683398,21.0,0.590582124754363,0.8275229379412938,0.1415665610322423,0.1293645197316485,0.0122020413005937,0.0142143126615225,0.2513710463895113,0.4682777725801905,-0.7224658926464925,1.2252079854255151,0.5970483510540951,-0.0283045681350503,0.2067698896203651,-0.4583060932623758,0.401696956992275,0.8924222703211684,4,40.20407297702441,ok,0.6867234008771663,False,0.7974298081888596,False,0.8009582586675714,False,1.0,0.8108627240560785,False,1.0
DELTA_OC_MINUS_OA,Reactividad OC−OA,ZONE_BAND,BAI_ZB_CENTRAL_ALPHA_W4,BAI,ZB_CENTRAL_ALPHA,central,alpha,2,C3 | C4,EEG19 | EEG23,W4,25,17,8,0.5205211077237656,2.131580235005688,3.698390279176353,6.850218520361603,0.5398937666270427,21.0,0.5949498036365057,0.52608629410146,0.1060439334341669,0.0936355984963728,0.0124083349377941,0.013880251392511,-4.286765885522295,6.737875492027371,-18.29894504279374,9.72541327174915,0.5315073101546219,-0.5883756063459424,1.2355272682713123,-3.157795218981534,1.981044006289649,0.6388389731177103,4,13.334373228796656,ok,0.9444361710470368,False,0.7974298081888596,False,0.8009582586675714,False,1.0,0.8108627240560785,False,1.0
OA,Ojos abiertos,ZONE_BAND,MSPSS_ZB_PARIETAL_BETA_W1,MSPSS,ZB_PARIETAL_BETA,parietal,beta,4,P3 | P4 | P7 | P8,EEG28 | EEG32 | EEG60 | EEG64,W1,25,8,17,9.083099232142752,10.579108492458875,-0.2496719657538795,0.4626416610484308,-0.5396659807680897,21.0,0.595104141642452,0.6380470903696716,0.1433120913967722,0.1314310796123825,0.0118810117843897,0.0138685414665895,0.2356937920485799,0.4003021908732501,-0.5967801861662532,1.068167770263413,0.5622828301041644,-0.0139781737052995,0.2319384886553492,-0.4963206658381776,0.4683643184275785,0.9525130677174208,4,35.87242646223393,ok,0.7493371930046254,False,0.7974298081888596,False,0.8009582586675714,False,1.0,0.8108627240560785,False,1.0
OA,Ojos abiertos,ZONE_BAND,MSPSS_ZB_TEMPORAL_BETA_W1,MSPSS,ZB_TEMPORAL_BETA,temporal,beta,2,T7 | T8,EEG52 | EEG56,W1,25,8,17,9.10263697564856,10.55684675404469,-0.2490723842103687,0.4617513409243358,-0.5394080366107321,21.0,0.5952789372985943,0.6424023738726571,0.1436204061187074,0.1317550209438199,0.0118653851748874,0.0138552871409639,0.2378494905540713,0.3988237473281555,-0.5915498959957348,1.0672488771038775,0.5572978485408423,-0.0112228936562973,0.2327099469566133,-0.4951697211531144,0.4727239338405197,0.9619910907915457,4,35.72201757257732,ok,0.7493371930046254,False,0.7974298081888596,False,0.8009582586675714,False,1.0,0.8108627240560785,False,1.0
DELTA_OC_MINUS_OA,Reactividad OC−OA,ZONE_BAND,BAI_ZB_OCCIPITAL_DELTA_W2,BAI,ZB_OCCIPITAL_DELTA,occipital,delta,2,O1 | O2,EEG33 | EEG37,W2,25,18,7,1.779324914617469,7.294047387420073,-3.19855460493876,5.976131910603997,-0.5352215534706107,21.0,0.5981194126874791,0.7683787100258329,0.0623531863233189,0.0495626965186015,0.0127904898047174,0.0136410529190235,-0.279619774993445,0.3423911930741298,-0.9916612404232332,0.4324216904363433,0.4232865761034224,-3.478174379932205,5.966315519970821,-15.885806737277148,8.929457977412739,0.5661227465778783,4,28.998401485993803,ok,0.9444361710470368,False,0.7974298081888596,False,0.8009582586675714,False,1.0,0.8108627240560785,False,1.0
OA,Ojos abiertos,ZONE_BAND,MSPSS_ZB_OCCIPITAL_DELTA_W3,MSPSS,ZB_OCCIPITAL_DELTA,occipital,delta,2,O1 | O2,EEG33 | EEG37,W3,25,6,19,19.59061393265616,13.595827501977174,0.2018222423516206,0.378270703799493,0.5335391832474526,21.0,0.5992627363660434,0.6908510164577196,0.0391276232229772,0.0261025836052063,0.0130250396177709,0.0135554314314454,-0.0505452625866567,0.3272135345608898,-0.7310230592417621,0.6299325340684487,0.8787127187331022,0.1512769797649638,0.1897894310891235,-0.2434117487109674,0.5459657082408952,0.4343258195047504,4,51.37893028796093,ok,0.7493371930046254,False,0.7974298081888596,False,0.8009582586675714,False,1.0,0.8108627240560785,False,1.0
OA,Ojos abiertos,ZONE_BAND,MSPSS_ZB_PARIETAL_DELTA_W3,MSPSS,ZB_PARIETAL_DELTA,parietal,delta,4,P3 | P4 | P7 | P8,EEG25 | EEG29 | EEG57 | EEG61,W3,25,6,19,19.997860311843755,13.767790509603852,0.1990722557041256,0.3736668156144129,0.5327533711464186,21.0,0.5997971309546386,0.694894962599428,0.0366771185031807,0.0236572980762214,0.0130198204269593,0.0135155311651365,-0.0569923269706296,0.3231038398590204,-0.7289235456261236,0.6149388916848644,0.8616774582157714,0.142079928733496,0.1876986887534708,-0.2482608630354534,0.5324207205024455,0.4574847598616565,4,51.99365215311305,ok,0.7493371930046254,False,0.7974298081888596,False,0.8009582586675714,False,1.0,0.8108627240560785,False,1.0
OC,Ojos cerrados,ZONE_BAND,MSPSS_ZB_PARIETAL_THETA_W1,MSPSS,ZB_PARIETAL_THETA,parietal,theta,4,P3 | P4 | P7 | P8,EEG26 | EEG30 | EEG58 | EEG62,W1,25,8,17,17.344982129937286,11.374232926109208,-0.2658814210227881,0.4998437346167405,-0.531929086250636,21.0,0.6003579376761411,0.8320424985954773,0.1407802614150274,0.129203357530774,0.0115769038842533,0.0134737406094965,0.2336001411771482,0.4558443508089333,-0.7143800818060106,1.181580364160307,0.6136799578833106,-0.0322812798456399,0.2050602030409433,-0.4587273170922546,0.3941647574009748,0.876414960256403,4,40.37622960805678,ok,0.6895869198433185,False,0.7974298081888596,False,0.8009582586675714,False,1.0,0.8108627240560785,False,1.0
OA,Ojos abiertos,ZONE_BAND,BAI_ZB_OCCIPITAL_THETA_W2,BAI,ZB_OCCIPITAL_THETA,occipital,theta,2,O1 | O2,EEG34 | EEG38,W2,25,18,7,15.67752268185539,12.02055724560404,0.3259843901270434,0.6143692362348266,0.5306001194409486,21.0,0.6012626427477615,0.95508783699457,0.0357199864594754,0.0227923670663243,0.0129276193931511,0.0134064993690837,0.0274480343370289,0.2296381884564698,-0.4501107216552297,0.5050067903292875,0.9059937085792794,0.3534324244640723,0.5698384515230569,-0.8316115085814595,1.538476357509604,0.5417774207735954,4,29.379452813185967,ok,0.7493371930046254,False,0.7974298081888596,False,0.8009582586675714,False,1.0,0.8108627240560785,False,1.0
DELTA_OC_MINUS_OA,Reactividad OC−OA,ZONE_BAND,MSPSS_ZB_PARIETAL_ALPHA_W2,MSPSS,ZB_PARIETAL_ALPHA,parietal,alpha,4,P3 | P4 | P7 | P8,EEG27 | EEG31 | EEG59 | EEG63,W2,25,18,7,0.5676850949825529,2.179428933916049,-8.128018437488796,15.342632889178788,-0.5297668591954329,21.0,0.6018302280796325,0.8175256467729022,0.0410553609145937,0.0282396172017364,0.0128157437128573,0.0133644250048473,0.3181677744348811,1.0269903679762065,-1.817575613210412,2.453911162080174,0.7597618420797209,-7.809850663053915,15.308222455797884,-39.64504202030236,24.02534069419453,0.6152504880219923,4,15.604136815197888,ok,0.9444361710470368,False,0.7974298081888596,False,0.8009582586675714,False,1.0,0.8108627240560785,False,1.0
OA,Ojos abiertos,ZONE_BAND,MSPSS_ZB_CENTRAL_BETA_W1,MSPSS,ZB_CENTRAL_BETA,central,beta,2,C3 | C4,EEG20 | EEG24,W1,25,8,17,8.89451872745027,10.61090014694074,-0.2444276549426164,0.4620416818966776,-0.5290164600285472,21.0,0.6023415933053637,0.6411650595840734,0.143085886540591,0.1316661424659386,0.0114197440746524,0.013326591189577,0.2342563385515113,0.4001425608531548,-0.5978856708634973,1.06639834796652,0.564495950904666,-0.0101713163911051,0.2310161180606015,-0.4905956338651762,0.4702530010829661,0.9652975811375324,4,35.98882838954382,ok,0.7493371930046254,False,0.7974298081888596,False,0.8009582586675714,False,1.0,0.8108627240560785,False,1.0
OA,Ojos abiertos,ZONE_BAND,MSPSS_ZB_CENTRAL_DELTA_W3,MSPSS,ZB_CENTRAL_DELTA,central,delta,2,C3 | C4,EEG17 | EEG21,W3,25,6,19,19.82149507444428,13.718131930474714,0.1984441729287844,0.375281000090666,0.5287882223742778,21.0,0.6024971692342719,0.6941417662721124,0.0372747403080097,0.0244559625150151,0.0128187777929945,0.0133150944819872,-0.0538075478044039,0.3246239609524464,-0.7289000313314491,0.6212849357226411,0.8699363538680124,0.1446366251243805,0.1882952814188267,-0.246944849011106,0.5362180992598671,0.4509576090047614,4,51.850252647845984,ok,0.7493371930046254,False,0.7974298081888596,False,0.8009582586675714,False,1.0,0.8108627240560785,False,1.0
OC,Ojos cerrados,ZONE_BAND,MSPSS_ZB_CENTRAL_THETA_W1,MSPSS,ZB_CENTRAL_THETA,central,theta,2,C3 | C4,EEG18 | EEG22,W1,25,8,17,17.149842108868302,11.366654659893218,-0.2684101461690487,0.5084034209348581,-0.5279471677737593,21.0,0.6030706332769801,0.8280915216039921,0.1406594916547536,0.1292536610187462,0.0114058306360074,0.0132727719981111,0.2390254538651827,0.4653905923330119,-0.7288072651565642,1.20685817288693,0.6128921670037351,-0.0293846923038659,0.2046598030542273,-0.4549980521946773,0.3962286675869454,0.8872023780029088,4,40.636244375131184,ok,0.6895869198433185,False,0.7974298081888596,False,0.8009582586675714,False,1.0,0.8108627240560785,False,1.0
OA,Ojos abiertos,ZONE_BAND,MSPSS_ZB_FRONTAL_DELTA_W3,MSPSS,ZB_FRONTAL_DELTA,frontal,delta,6,Fp1 | Fp2 | F3 | F4 | F7 | F8,EEG1 | EEG5 | EEG9 | EEG13 | EEG41 | EEG45,W3,25,6,19,19.964887563598847,13.704489015715016,0.2003905795491158,0.3797193526750019,0.5277333855581182,21.0,0.6032164403687235,0.6957516472440994,0.0377353643081904,0.0249737865965474,0.0127615777116429,0.0132620250586972,-0.0553417144901663,0.3303165827403598,-0.7422726531001548,0.6315892241198221,0.8685469848619783,0.1450488650589495,0.1872905282246103,-0.2444431104233103,0.5345408405412094,0.4472918262254553,4,51.933963136659735,ok,0.7493371930046254,False,0.7974298081888596,False,0.8009582586675714,False,1.0,0.8108627240560785,False,1.0
OC,Ojos cerrados,ZONE_BAND,MSPSS_ZB_TEMPORAL_THETA_W1,MSPSS,ZB_TEMPORAL_THETA,temporal,theta,2,T7 | T8,EEG50 | EEG54,W1,25,8,17,17.275949836954464,11.393341431240168,-0.2650796707566478,0.502538743243324,-0.5274810635412024,21.0,0.6033885548629038,0.8332668698665469,0.1406617438458226,0.129276073697328,0.0113856701484945,0.0132493463045031,0.2359222544619658,0.4590535305326183,-0.7187318231047877,1.1905763320287197,0.612665323618271,-0.0291574162946819,0.2044872723817258,-0.4544119790103191,0.3960971464209552,0.8879748538074256,4,40.56635972421059,ok,0.6895869198433185,False,0.7974298081888596,False,0.8009582586675714,False,1.0,0.8108627240560785,False,1.0
DELTA_OC_MINUS_OA,Reactividad OC−OA,ZONE_BAND,BAI_ZB_PARIETAL_DELTA_W4,BAI,ZB_PARIETAL_DELTA,parietal,delta,4,P3 | P4 | P7 | P8,EEG25 | EEG29 | EEG57 | EEG61,W4,25,17,8,1.8035370953982863,7.27385328551566,-1.985632131396364,3.785579269992094,-0.5245253076949861,21.0,0.6054065038801875,0.6495640717331503,0.0985325984888111,0.0867222251530478,0.0118103733357632,0.013101276114882,1.819275614615233,3.7687974667286976,-6.018367775168373,9.656919004398835,0.6342881426407305,-0.1663565167811309,0.356056265459888,-0.906816055933548,0.5741030223712861,0.6451542329650597,4,46.188614102932846,ok,0.9444361710470368,False,0.7983382468749725,False,0.8022170987811671,False,1.0,0.8111480068699667,False,1.0
DELTA_OC_MINUS_OA,Reactividad OC−OA,ZONE_BAND,BAI_ZB_OCCIPITAL_THETA_W4,BAI,ZB_OCCIPITAL_THETA,occipital,theta,2,O1 | O2,EEG34 | EEG38,W4,25,17,8,1.3706647065182616,6.008191973921184,-2.180164743335711,4.194903879229395,-0.5197174491006951,21.0,0.6086958285546296,0.7437173818452982,0.0984302417247511,0.0868340700250067,0.0115961716997443,0.0128622012809396,1.9751254719557845,4.172554234244667,-6.702176081456527,10.652427025368096,0.6408390922509055,-0.2050392713799267,0.432446202735922,-1.1043603816894632,0.6942818389296097,0.6402941000996547,4,37.29932472660195,ok,0.9444361710470368,False,0.8006603262596883,False,0.8051532123738486,False,1.0,0.8125738902300804,False,1.0
DELTA_OC_MINUS_OA,Reactividad OC−OA,ZONE_BAND,MSPSS_ZB_TEMPORAL_BETA_W3,MSPSS,ZB_TEMPORAL_BETA,temporal,beta,2,T7 | T8,EEG52 | EEG56,W3,25,6,19,1.0831878700577655,4.9809001533439465,2.1757786671094097,4.199911937034502,0.5180534020067326,21.0,0.6098362818344626,0.8587569160013145,0.0270925663870291,0.0146588405494991,0.0124337258375299,0.0127799679681306,-0.19816399448174,0.4855802777906771,-1.2079834629019448,0.8116554739384646,0.6873332346832731,1.977614672627669,4.171746885018987,-6.698007906157386,10.653237251412726,0.640356293501985,4,17.717320296983573,ok,0.9444361710470368,False,0.8006603262596883,False,0.8052415693236742,False,1.0,0.8128463469658241,False,1.0
DELTA_OC_MINUS_OA,Reactividad OC−OA,ZONE_BAND,BAI_ZB_CENTRAL_ALPHA_W3,BAI,ZB_CENTRAL_ALPHA,central,alpha,2,C3 | C4,EEG19 | EEG23,W3,25,6,19,0.5205211077237656,2.131580235005688,-2.6318704193963605,5.10144846946661,-0.5159064989382397,21.0,0.6113091628117509,0.9182437801304912,0.0569471013150378,0.0449946011844083,0.0119525001306295,0.0126742626498435,-0.9884949417253436,1.2730587141017475,-3.635965468722554,1.6589755852718675,0.4461282676257501,-3.620365361121704,4.940050404304881,-13.893762575566704,6.653031853323298,0.471745696249266,4,6.737136396330646,ok,0.9444361710470368,False,0.8008416980066605,False,0.8057677892949264,False,1.0,0.8128463469658241,False,1.0
OA,Ojos abiertos,ZONE_BAND,BAI_ZB_TEMPORAL_THETA_W2,BAI,ZB_TEMPORAL_THETA,temporal,theta,2,T7 | T8,EEG50 | EEG54,W2,25,18,7,15.942730521909976,12.147352547177336,0.3034719463931038,0.5946158838746994,0.5103663636019737,21.0,0.6151177569600609,0.9559033829864794,0.0357858995644591,0.0238262550429242,0.0119596445215348,0.0124035154807761,0.0341022466863324,0.2285499488504712,-0.4411933911549105,0.5093978845275755,0.8828105286244512,0.3375741930794363,0.5489380386132273,-0.8040049519182888,1.479153338077161,0.545188744426897,4,29.754812824135456,ok,0.7577256344557572,False,0.8040754992941972,False,0.8093654696842906,False,1.0,0.8142609871508986,False,1.0
DELTA_OC_MINUS_OA,Reactividad OC−OA,ZONE_BAND,BAI_ZB_PARIETAL_DELTA_W2,BAI,ZB_PARIETAL_DELTA,parietal,delta,4,P3 | P4 | P7 | P8,EEG25 | EEG29 | EEG57 | EEG61,W2,25,18,7,1.8035370953982863,7.27385328551566,-3.4709127046159383,6.828829823982424,-0.5082734222525666,21.0,0.6165594690011776,0.7903947413355588,0.0639860292134005,0.0524711910603372,0.0115148381530633,0.0123019938937306,-0.294822343190182,0.3426482251652762,-1.007398336115258,0.4177536497348937,0.3992731474067872,-3.76573504780612,6.820227925715016,-17.94917546632141,10.417705370709172,0.586679867403959,4,30.76618079799804,ok,0.9444361710470368,False,0.8042080030450143,False,0.8098416843272912,False,1.0,0.8155636732787351,False,1.0
OA,Ojos abiertos,ZONE_BAND,BAI_ZB_CENTRAL_THETA_W2,BAI,ZB_CENTRAL_THETA,central,theta,2,C3 | C4,EEG18 | EEG22,W2,25,18,7,15.80887082998302,12.193263287605935,0.3021932709961078,0.5974533384933574,0.5058022970600032,21.0,0.6182637351151717,0.9527241838707672,0.0354542665620014,0.0237035290735433,0.0117507374884581,0.0121826649386277,0.0341569927351625,0.2270783029064627,-0.4380781898263829,0.506392175296708,0.8818691376992601,0.3363502637312703,0.5526173504568775,-0.8128804291155802,1.4855809565781208,0.5492845909843904,4,29.79350127579485,ok,0.7577256344557572,False,0.8046816509091173,False,0.810660491846816,False,1.0,0.8164016680304196,False,1.0
OA,Ojos abiertos,ZONE_BAND,BAI_ZB_PARIETAL_THETA_W2,BAI,ZB_PARIETAL_THETA,parietal,theta,4,P3 | P4 | P7 | P8,EEG26 | EEG30 | EEG58 | EEG62,W2,25,18,7,15.993418325873265,12.171199226815649,0.2998794212061646,0.6033595513936418,0.4970161166977504,21.0,0.6243411325576635,0.9511140817641852,0.0352675283375996,0.0239192874635379,0.0113482408740616,0.0117630962027292,0.0367496587456619,0.2274194383111369,-0.4361949537263708,0.5096942712176947,0.8731700548313832,0.3366290799518265,0.5588587901573919,-0.8255813973072468,1.4988395572109,0.5533897675639734,4,29.844173357539248,ok,0.7577256344557572,False,0.8108326396852773,False,0.8172004352848999,False,1.0,0.820773423894122,False,1.0
DELTA_OC_MINUS_OA,Reactividad OC−OA,ZONE_BAND,BAI_ZB_CENTRAL_DELTA_W2,BAI,ZB_CENTRAL_DELTA,central,delta,2,C3 | C4,EEG17 | EEG21,W2,25,18,7,1.8347681373535616,7.149181836460973,-2.9752193318671587,6.085658509470727,-0.4888902864393413,21.0,0.6299862885216172,0.7920017989711539,0.0590723278195055,0.0483630603997057,0.0107092674197998,0.0113816053416542,-0.2803988035618271,0.3496995263044831,-1.0076387799593416,0.4468411728356872,0.4316329005642846,-3.255618135428986,6.075602828954168,-15.89052589358873,9.37928962273076,0.5976918880188653,4,27.42618669452141,ok,0.9444361710470368,False,0.8163969181705623,False,0.8223338963866368,False,1.0,0.8233300980678991,False,1.0
DELTA_OC_MINUS_OA,Reactividad OC−OA,ZONE,BAI_Z_PARIETAL_W2,BAI,Z_PARIETAL,parietal,all_bands,16,P3 | P4 | P7 | P8,EEG25 | EEG26 | EEG27 | EEG28 | EEG29 | EEG30 | EEG31 | EEG32 | EEG57 | EEG58 | EEG59 | EEG60 | EEG61 | EEG62 | EEG63 | EEG64,W2,25,18,7,1.2086220272190764,5.179683058723033,-4.928422214643722,10.09476392394342,-0.4882156979376376,21.0,0.6304559872297549,0.7714906183966277,0.0679157809617453,0.0573364223379013,0.0105793586238439,0.0113502175101301,-0.4437442163526643,0.4801003893480189,-1.442167632899954,0.5546792001946252,0.3658432263832206,-5.372166430996386,10.083340830116644,-26.341621622414856,15.597288760422082,0.599781439579248,4,26.800750020321548,ok,0.9644656722218322,False,0.8443606971827075,False,0.8223338963866368,False,1.0,0.8235408443754626,False,1.0
OA,Ojos abiertos,ZONE_BAND,BAI_ZB_FRONTAL_THETA_W2,BAI,ZB_FRONTAL_THETA,frontal,theta,6,Fp1 | Fp2 | F3 | F4 | F7 | F8,EEG2 | EEG6 | EEG10 | EEG14 | EEG42 | EEG46,W2,25,18,7,15.993578360955702,12.124199158858136,0.2946680676325974,0.6067331487921884,0.4856633731306544,21.0,0.6322345546191585,0.951191533840448,0.035236907319045,0.0244008301281389,0.010836077190906,0.0112318529524113,0.0408232986907412,0.2287471151160102,-0.43488236884603,0.5165289662275124,0.8600684548896834,0.3354913663233386,0.5619607381031051,-0.8331699648292644,1.5041526974759418,0.5568889385217244,4,29.90836201130815,ok,0.7577256344557572,False,0.817320989445001,False,0.8232220763270293,False,1.0,0.8254602742460406,False,1.0
OA,Ojos abiertos,ZONE_BAND,BAI_ZB_CENTRAL_ALPHA_W5,BAI,ZB_CENTRAL_ALPHA,central,alpha,2,C3 | C4,EEG19 | EEG23,W5,25,11,14,18.57980896524,5.058929387368242,0.4623005689859426,0.9552481200560092,0.4839586273761381,21.0,0.6334237668198758,0.6678409204751015,0.2117689095763543,0.2029776573841113,0.0087912521922429,0.0111531406196093,0.0341674071228925,0.775487310242859,-1.5785467396687862,1.6468815539145714,0.9652734221489138,0.4964679761088352,0.5577798871623422,-0.6634987995446145,1.6564347517622848,0.3835074440201642,4,14.548536733757564,ok,0.7577256344557572,False,0.817320989445001,False,0.8233411180500985,False,1.0,0.8262049132433161,False,1.0
DELTA_OC_MINUS_OA,Reactividad OC−OA,ZONE_BAND,BAI_ZB_FRONTAL_ALPHA_W5,BAI,ZB_FRONTAL_ALPHA,frontal,alpha,6,Fp1 | Fp2 | F3 | F4 | F7 | F8,EEG3 | EEG7 | EEG11 | EEG15 | EEG43 | EEG47,W5,25,11,14,0.47006688644992,2.161725189367838,2.656145771192437,5.580736093124571,0.4759490015062332,21.0,0.6390247652764387,0.7110983581128871,0.2883678962801503,0.2806915054591118,0.0076763908210385,0.0107870215254658,-4.28648378865408,5.485783581125467,-15.694795273142391,7.121827695834232,0.4432994102500848,-1.6303380174616438,1.0250823587193127,-3.762113482640432,0.5014374477171444,0.1266768444250685,4,11.518456080489678,ok,0.9444361710470368,False,0.822778667737904,False,0.8291843840092197,False,1.0,0.8294584945493881,False,1.0
OA,Ojos abiertos,ZONE_BAND,BAI_ZB_OCCIPITAL_ALPHA_W5,BAI,ZB_OCCIPITAL_ALPHA,occipital,alpha,2,O1 | O2,EEG35 | EEG39,W5,25,11,14,18.424597448260545,5.052775848091443,0.4570981919573021,0.964750822916844,0.4737992247317329,21.0,0.6405318544028868,0.6738736140850002,0.2119271060976524,0.2035027680281321,0.0084243380695202,0.0106897954931617,0.0373195461434068,0.7897925400860226,-1.605143954682127,1.6797830469689403,0.9627586097185972,0.4944177381007089,0.5540504435005856,-0.6577932348806199,1.6466287110820377,0.3823067908965702,4,14.61693516772391,ok,0.7577256344557572,False,0.8229531319951437,False,0.8297044746151384,False,1.0,0.8301278668373794,False,1.0
DELTA_OC_MINUS_OA,Reactividad OC−OA,ZONE_BAND,MSPSS_ZB_FRONTAL_DELTA_W4,MSPSS,ZB_FRONTAL_DELTA,frontal,delta,6,Fp1 | Fp2 | F3 | F4 | F7 | F8,EEG1 | EEG5 | EEG9 | EEG13 | EEG41 | EEG45,W4,25,17,8,1.8117560741525915,7.041477936572528,1.516681579743648,3.227359023111183,0.4699451064733302,21.0,0.6432377446328102,0.7825061765564453,0.0713896544943557,0.0616238396417164,0.0097658148526392,0.0105165906237256,-1.4441495883775357,3.2102300998376614,-8.120188548761458,5.231889372006386,0.6574216409943788,0.0725319913661122,0.3320677192282185,-0.6180406349280348,0.7631046176602593,0.8292064468591013,4,42.28427039614108,ok,0.9444361710470368,False,0.8246637751702696,False,0.8317729456458753,False,1.0,0.8324986806444998,False,1.0
DELTA_OC_MINUS_OA,Reactividad OC−OA,ZONE_BAND,BAI_ZB_PARIETAL_DELTA_W1,BAI,ZB_PARIETAL_DELTA,parietal,delta,4,P3 | P4 | P7 | P8,EEG25 | EEG29 | EEG57 | EEG61,W1,25,8,17,1.8035370953982863,7.27385328551566,1.2961631908966875,2.817260057618606,0.4600793552556584,21.0,0.6501873646818945,0.8339398817746733,0.5195312325192212,0.514688267198807,0.0048429653204141,0.010079667292022,-1.7701835507403794,2.8062238049728774,-7.606045426966363,4.065678325485605,0.5349728273092007,-0.4740203598436918,0.2491228384888522,-0.9920996638029664,0.0440589441155827,0.0708733025284039,4,53.13657908227479,ok,0.9444361710470368,False,0.8305917577558596,False,0.8390007492291134,False,1.0,0.837128084448372,False,1.0
OA,Ojos abiertos,ZONE_BAND,MSPSS_ZB_FRONTAL_ALPHA_W1,MSPSS,ZB_FRONTAL_ALPHA,frontal,alpha,6,Fp1 | Fp2 | F3 | F4 | F7 | F8,EEG3 | EEG7 | EEG11 | EEG15 | EEG43 | EEG47,W1,25,8,17,18.667531717891176,5.079671545364602,-0.4395752707376058,0.960692304816057,-0.4575609365599852,21.0,0.651966661355364,0.7135177405352406,0.1490256631765273,0.1405417727868976,0.0084838903896297,0.0099696195555067,0.551608533969494,0.8324640230637147,-1.1795951736315091,2.2828122415704977,0.5147804476639296,0.1120332632318882,0.4795136649120261,-0.8851699930552707,1.109236519519047,0.8175274831654689,4,17.164458150730812,ok,0.7577256344557572,False,0.8305917577558596,False,0.8390007492291134,False,1.0,0.837128084448372,False,1.0
OA,Ojos abiertos,ZONE_BAND,MSPSS_ZB_CENTRAL_ALPHA_W1,MSPSS,ZB_CENTRAL_ALPHA,central,alpha,2,C3 | C4,EEG19 | EEG23,W1,25,8,17,18.57980896524,5.058929387368242,-0.4383858598595664,0.9600847473082406,-0.456611628388697,21.0,0.6526379130884543,0.7123072709363087,0.1466059220836995,0.1381331745697924,0.008472747513907,0.0099282942466563,0.5248032181343633,0.8288547455493145,-1.1988945859782292,2.2485010222469555,0.5334601159167212,0.0864173582747968,0.4845229951140691,-0.9212033704533432,1.094038087002937,0.8601531485462122,4,17.089642395189546,ok,0.7577256344557572,False,0.8305917577558596,False,0.8390007492291134,False,1.0,0.837128084448372,False,1.0
DELTA_OC_MINUS_OA,Reactividad OC−OA,ZONE_BAND,BAI_ZB_FRONTAL_ALPHA_W1,BAI,ZB_FRONTAL_ALPHA,frontal,alpha,6,Fp1 | Fp2 | F3 | F4 | F7 | F8,EEG3 | EEG7 | EEG11 | EEG15 | EEG43 | EEG47,W1,25,8,17,0.47006688644992,2.161725189367838,-1.8915749785021176,4.152415999170489,-0.4555360009401731,21.0,0.6533988494346095,0.8458588782484664,0.5249825317057935,0.5202886115738199,0.0046939201319735,0.0098815737215506,0.1569213957187116,4.067362820056328,-8.301622636401046,8.615465427838469,0.9695891729966372,-1.734653582783406,0.8361329560485498,-3.4734872542150503,0.0041800886482383,0.0505047203219832,4,10.309108532961991,ok,0.9444361710470368,False,0.8305917577558596,False,0.8390007492291134,False,1.0,0.837128084448372,False,1.0
DELTA_OC_MINUS_OA,Reactividad OC−OA,ZONE,BAI_Z_FRONTAL_W3,BAI,Z_FRONTAL,frontal,all_bands,24,Fp1 | Fp2 | F3 | F4 | F7 | F8,EEG1 | EEG2 | EEG3 | EEG4 | EEG5 | EEG6 | EEG7 | EEG8 | EEG9 | EEG10 | EEG11 | EEG12 | EEG13 | EEG14 | EEG15 | EEG16 | EEG41 | EEG42 | EEG43 | EEG44 | EEG45 | EEG46 | EEG47 | EEG48,W3,25,6,19,1.150062019401767,5.0902557666269415,-1.814287260476346,3.997107662051819,-0.4539000231845207,21.0,0.6545569385817418,0.9310266483393834,0.0487798114000527,0.0394476514413486,0.009332159958704,0.0098107252879478,-0.4185664099353041,0.5263690578258339,-1.5132107900261729,0.6760779701555646,0.435395870990424,-2.23285367041165,3.96229797932928,-10.472903405161327,6.007196064338029,0.5790459045528682,4,17.11309699199481,ok,0.9644656722218322,False,0.8557113611639664,False,0.8390007492291134,False,1.0,0.8374063373326548,False,1.0
DELTA_OC_MINUS_OA,Reactividad OC−OA,ZONE_BAND,BAI_ZB_OCCIPITAL_ALPHA_W1,BAI,ZB_OCCIPITAL_ALPHA,occipital,alpha,2,O1 | O2,EEG35 | EEG39,W1,25,8,17,0.5468059873566545,2.249692105295761,-1.677214702673847,3.706442537944692,-0.4525133427817558,21.0,0.6555392520643473,0.8585069509672625,0.5163934784154998,0.5116778928166802,0.0047155855988195,0.0097508726378819,0.0725942292663925,3.6152343635020032,-7.445697205007633,7.590885663540419,0.9841690525964094,-1.6046204734074547,0.8171883406168783,-3.304056660304353,0.094815713489444,0.0629554450307406,4,10.301980916068016,ok,0.9444361710470368,False,0.8315508482845843,False,0.8390007492291134,False,1.0,0.8376405737502954,False,1.0
OA,Ojos abiertos,ZONE_BAND,MSPSS_ZB_OCCIPITAL_ALPHA_W1,MSPSS,ZB_OCCIPITAL_ALPHA,occipital,alpha,2,O1 | O2,EEG35 | EEG39,W1,25,8,17,18.424597448260545,5.052775848091443,-0.4265617051589471,0.9551720923497292,-0.446580996843828,21.0,0.6597488830661598,0.7270888945954298,0.1448897864401138,0.1367689030086754,0.0081208834314384,0.0094968850829539,0.4981854636233881,0.8210524797040158,-1.2092866404170757,2.2056575676638515,0.5505114807921799,0.071623758464441,0.4880845742037402,-0.9434036794476716,1.0866511963765535,0.884733285840792,4,17.04119706136457,ok,0.7577256344557572,False,0.8320303572229322,False,0.8405060484679875,False,1.0,0.8392412869855308,False,1.0
OA,Ojos abiertos,ZONE_BAND,BAI_ZB_OCCIPITAL_DELTA_W5,BAI,ZB_OCCIPITAL_DELTA,occipital,delta,2,O1 | O2,EEG33 | EEG37,W5,25,11,14,19.59061393265616,13.595827501977174,0.1681111336592794,0.3766569911852398,0.4463242090111702,21.0,0.6599313639188439,0.7146790005016306,0.1954441491963594,0.1878121592314264,0.0076319899649329,0.0094859666452113,-0.0524779512311415,0.3173012555262535,-0.7123420351730135,0.6073861327107305,0.8702200798889094,0.1156331824281379,0.2029541875650295,-0.3064331558775558,0.5376995207338316,0.5748921659436153,4,40.26109353954547,ok,0.7577256344557572,False,0.8320303572229322,False,0.8405060484679875,False,1.0,0.8392412869855308,False,1.0
OA,Ojos abiertos,ZONE_BAND,MSPSS_ZB_TEMPORAL_ALPHA_W1,MSPSS,ZB_TEMPORAL_ALPHA,temporal,alpha,2,T7 | T8,EEG51 | EEG55,W1,25,8,17,18.675382062980805,5.089654391770822,-0.427670878050606,0.9586481655556526,-0.4461187048772153,21.0,0.6600774167301928,0.718996876629134,0.1465218325326925,0.1384332208417897,0.0080886116909028,0.0094772332781583,0.5203809038297493,0.8297626177541688,-1.2052049238893017,2.2459667315488003,0.5373242211048314,0.0927100257791433,0.4801044714444625,-0.9057218799524256,1.0911419315107125,0.8487330553186231,4,17.206021415626605,ok,0.7577256344557572,False,0.8320303572229322,False,0.8405060484679875,False,1.0,0.8392412869855308,False,1.0
DELTA_OC_MINUS_OA,Reactividad OC−OA,ZONE_BAND,MSPSS_ZB_FRONTAL_DELTA_W3,MSPSS,ZB_FRONTAL_DELTA,frontal,delta,6,Fp1 | Fp2 | F3 | F4 | F7 | F8,EEG1 | EEG5 | EEG9 | EEG13 | EEG41 | EEG45,W3,25,6,19,1.8117560741525915,7.041477936572528,1.1568354839736594,2.605821642183052,0.4439426955578239,21.0,0.6616247690272471,0.916926716298072,0.0253800855072862,0.0162332721825708,0.0091468133247153,0.009385005568531,-0.1537099676657533,0.3412375395805713,-0.8633522793183188,0.5559323439868122,0.6570030935070421,1.003125516307906,2.58338215764733,-4.369311784957947,6.375562817573758,0.7017030505375259,4,23.426391492468014,ok,0.9444361710470368,False,0.832232413870751,False,0.8410484352041278,False,1.0,0.8399079513341233,False,1.0
OA,Ojos abiertos,ZONE_BAND,BAI_ZB_PARIETAL_ALPHA_W5,BAI,ZB_PARIETAL_ALPHA,parietal,alpha,4,P3 | P4 | P7 | P8,EEG27 | EEG31 | EEG59 | EEG63,W5,25,11,14,18.674017938252018,5.097584198490498,0.4213758500045133,0.9542002088943252,0.4416010875671265,21.0,0.663291611624424,0.6953190085294619,0.2122902049149405,0.2049753246823615,0.0073148802325789,0.0092862628828794,0.0704311831456505,0.7799520961477127,-1.551567994227507,1.692430360518808,0.9289030497884204,0.4918070331501638,0.5497024343849697,-0.651361759877328,1.6349758261776557,0.3810990827743665,4,14.725293977165745,ok,0.7577256344557572,False,0.832308955630389,False,0.8417406238888628,False,1.0,0.8399079513341233,False,1.0
OA,Ojos abiertos,ZONE_BAND,BAI_ZB_OCCIPITAL_THETA_W5,BAI,ZB_OCCIPITAL_THETA,occipital,theta,2,O1 | O2,EEG34 | EEG38,W5,25,11,14,15.67752268185539,12.02055724560404,0.1824593439037256,0.4147168616512598,0.4399612380775533,21.0,0.6644599829115939,0.7137116974311014,0.2018105721966099,0.1944533223019379,0.007357249894672,0.0092174233814635,-0.0146376674592911,0.3433303952544513,-0.7286323107462745,0.6993569758276922,0.966395793243873,0.1678216764444345,0.2326248375223346,-0.3159481562945395,0.6515915091834086,0.4786031965249528,4,35.17742566876709,ok,0.7577256344557572,False,0.832308955630389,False,0.8417989648373234,False,1.0,0.8399079513341233,False,1.0
DELTA_OC_MINUS_OA,Reactividad OC−OA,ZONE_BAND,BAI_ZB_TEMPORAL_DELTA_W1,BAI,ZB_TEMPORAL_DELTA,temporal,delta,2,T7 | T8,EEG49 | EEG53,W1,25,8,17,1.8233331292024568,7.0353148202065,1.2563479282717551,2.883180394817663,0.4357507183837551,21.0,0.6674639261818984,0.8671832121027149,0.52232855017993,0.5180095202532582,0.0043190299266717,0.009041842312951,-1.7562982262404754,2.871723272623657,-7.728373702215313,4.215777249734362,0.5473779092444919,-0.49995029796872,0.2567774026907995,-1.0339481396177217,0.0340475436802812,0.0650305974659201,4,51.131497864142034,ok,0.9444361710470368,False,0.833393652502265,False,0.843565544725567,False,1.0,0.8414327563672043,False,1.0
OA,Ojos abiertos,ZONE_BAND,BAI_ZB_PARIETAL_THETA_W5,BAI,ZB_PARIETAL_THETA,parietal,theta,4,P3 | P4 | P7 | P8,EEG26 | EEG30 | EEG58 | EEG62,W5,25,11,14,15.993418325873265,12.171199226815649,0.1782715332701793,0.4099565402777735,0.4348547120370081,21.0,0.6681039114226491,0.7190358521510328,0.203109479292589,0.1959337222345095,0.0071757570580794,0.0090046962181322,-0.0072039720184266,0.3398773348574208,-0.7140175830970645,0.6996096390602113,0.983289571555519,0.1710675612517527,0.2292329866462031,-0.3056485314459667,0.6477836539494721,0.4637829057595543,4,35.652535717335944,ok,0.7577256344557572,False,0.833393652502265,False,0.843565544725567,False,1.0,0.8414327563672043,False,1.0
OA,Ojos abiertos,ZONE_BAND,BAI_ZB_CENTRAL_THETA_W5,BAI,ZB_CENTRAL_THETA,central,theta,2,C3 | C4,EEG18 | EEG22,W5,25,11,14,15.80887082998302,12.193263287605935,0.1755297506441339,0.4084190841700428,0.4297785227172518,21.0,0.671734528556574,0.720813792028781,0.2024678986995596,0.1954530502070636,0.007014848492496,0.0087956942185245,-0.0072025683644011,0.3380721174252606,-0.710262024278375,0.6958568875495728,0.9832036291099072,0.1683271822797327,0.2291580060436406,-0.3082329797188115,0.644887344278277,0.4707392130916574,4,35.65762058108857,ok,0.7577256344557572,False,0.8361840604438681,False,0.8461655806351477,False,1.0,0.8445452557593942,False,1.0
OA,Ojos abiertos,ZONE,MSPSS_Z_OCCIPITAL_W1,MSPSS,Z_OCCIPITAL,occipital,all_bands,8,O1 | O2,EEG33 | EEG34 | EEG35 | EEG36 | EEG37 | EEG38 | EEG39 | EEG40,W1,25,8,17,15.637370530471465,10.152310142795791,-0.2441356156923222,0.5693169085509795,-0.4288220005860955,21.0,0.6724195814113973,0.7919334082721967,0.1374120968950479,0.1298587716491308,0.0075533252459171,0.0087565861041272,0.2334689853021193,0.5192235211825018,-0.846315437857267,1.3132534084615055,0.65756946784237,-0.0106666303902029,0.2335137627911634,-0.4962850844251617,0.4749518236447558,0.9639978523706944,4,37.59852668299709,ok,0.721259552524605,False,0.8557113611639664,False,0.8461655806351477,False,1.0,0.8448754269969088,False,1.0
OA,Ojos abiertos,ZONE_BAND,MSPSS_ZB_PARIETAL_ALPHA_W1,MSPSS,ZB_PARIETAL_ALPHA,parietal,alpha,4,P3 | P4 | P7 | P8,EEG27 | EEG31 | EEG59 | EEG63,W1,25,8,17,18.674017938252018,5.097584198490498,-0.4086297552915999,0.9592488741290272,-0.4259892988278199,21.0,0.6744500479945718,0.7312097306198281,0.1448733850852532,0.1374839964597343,0.0073893886255189,0.008641280129324,0.4958244685932572,0.8307257073946125,-1.2317642136757745,2.2234131508622887,0.5569835636451178,0.0871947133016572,0.4796386156175571,-0.9102683922026324,1.0846578188059468,0.8574888775455134,4,17.24525244935256,ok,0.7577256344557572,False,0.8378261465771077,False,0.8472990552695625,False,1.0,0.8450406514056812,False,1.0
OA,Ojos abiertos,ZONE,MSPSS_Z_FRONTAL_W1,MSPSS,Z_FRONTAL,frontal,all_bands,24,Fp1 | Fp2 | F3 | F4 | F7 | F8,EEG1 | EEG2 | EEG3 | EEG4 | EEG5 | EEG6 | EEG7 | EEG8 | EEG9 | EEG10 | EEG11 | EEG12 | EEG13 | EEG14 | EEG15 | EEG16 | EEG41 | EEG42 | EEG43 | EEG44 | EEG45 | EEG46 | EEG47 | EEG48,W1,25,8,17,15.913111369721689,10.223866031962654,-0.2386737214227795,0.5659007992514652,-0.4217589403274934,21.0,0.6774870849030438,0.7980165851439157,0.1376245719337783,0.1303198166099536,0.0073047553238246,0.0084705049402958,0.2364367310917905,0.5166829802299675,-0.8380643479296077,1.3109378101131888,0.6519354898389323,-0.0022369903309889,0.2308298345841075,-0.4822739101082992,0.4777999294463212,0.9923592342952524,4,37.56311161296059,ok,0.721259552524605,False,0.8557113611639664,False,0.8479996469070107,False,1.0,0.8457391365540543,False,1.0
DELTA_OC_MINUS_OA,Reactividad OC−OA,ZONE,MSPSS_Z_OCCIPITAL_W4,MSPSS,Z_OCCIPITAL,occipital,all_bands,8,O1 | O2,EEG33 | EEG34 | EEG35 | EEG36 | EEG37 | EEG38 | EEG39 | EEG40,W4,25,17,8,1.2062277146964149,5.153889862798359,-2.260844357432938,5.361477178280834,-0.4216831075196111,21.0,0.6775415779360008,0.7714900148773121,0.0714733695063974,0.0636111081480208,0.0078622613583766,0.0084674591984476,2.367479501564848,5.342375758485714,-8.742599089519581,13.477558092649277,0.6621880807228898,0.1066351441319097,0.4521711936538872,-0.8337063303777548,1.0469766186415743,0.8158500111683135,4,39.51114171181633,ok,0.9644656722218322,False,0.8557113611639664,False,0.8479996469070107,False,1.0,0.8457391365540543,False,1.0
DELTA_OC_MINUS_OA,Reactividad OC−OA,ZONE_BAND,BAI_ZB_OCCIPITAL_DELTA_W1,BAI,ZB_OCCIPITAL_DELTA,occipital,delta,2,O1 | O2,EEG33 | EEG37,W1,25,8,17,1.779324914617469,7.294047387420073,1.252221004492626,2.991719031113196,0.4185623688153242,21.0,0.6797856904602951,0.8493968349426697,0.518784251520729,0.5147696643037503,0.0040145872169787,0.008342593170871,-1.72777663937904,2.98132789530574,-7.927787406129691,4.472234127371611,0.5683956314039779,-0.4755556348864138,0.2491319766643995,-0.9936539427220722,0.0425426729492445,0.0700425301206007,4,58.69603935251304,ok,0.9444361710470368,False,0.842709533628465,False,0.8479996469070107,False,1.0,0.8472198116792081,False,1.0
OA,Ojos abiertos,ZONE,MSPSS_Z_CENTRAL_W1,MSPSS,Z_CENTRAL,central,all_bands,8,C3 | C4,EEG17 | EEG18 | EEG19 | EEG20 | EEG21 | EEG22 | EEG23 | EEG24,W1,25,8,17,15.776173399279394,10.247690911917816,-0.237400362315529,0.5675785998645493,-0.4182686985946684,21.0,0.6799970248796041,0.7972960498692772,0.1369411226525124,0.1297510734972244,0.0071900491552879,0.0083308906773379,0.2262719461426992,0.5185946177859411,-0.8522046008062032,1.3047484930916016,0.6670591745892824,-0.0111284161728298,0.2306622843632129,-0.4908168961910805,0.4685600638454208,0.9619764956485451,4,37.90081369797601,ok,0.721259552524605,False,0.8557113611639664,False,0.8479996469070107,False,1.0,0.8472198116792081,False,1.0
OA,Ojos abiertos,ZONE_BAND,BAI_ZB_TEMPORAL_ALPHA_W5,BAI,ZB_TEMPORAL_ALPHA,temporal,alpha,2,T7 | T8,EEG51 | EEG55,W5,25,11,14,18.675382062980805,5.089654391770822,0.3946302071783063,0.9510219871632404,0.4149538207370268,21.0,0.682384383194484,0.716264641649162,0.2083351544276668,0.2018440050865861,0.0064911493410806,0.0081993653973454,0.0679758636952771,0.7714516188853112,-1.5363456034761973,1.6722973308667517,0.930620763694232,0.4626060708735834,0.5561521552481404,-0.6939756509555872,1.6191877927027545,0.4148820182758642,4,14.633103292343208,ok,0.7577256344557572,False,0.8427758297802734,False,0.8479996469070107,False,1.0,0.8489459459854188,False,1.0
OA,Ojos abiertos,ZONE,MSPSS_Z_TEMPORAL_W1,MSPSS,Z_TEMPORAL,temporal,all_bands,8,T7 | T8,EEG49 | EEG50 | EEG51 | EEG52 | EEG53 | EEG54 | EEG55 | EEG56,W1,25,8,17,15.895680675076449,10.234354561487304,-0.2322163186887033,0.5618513299940777,-0.413305631386778,21.0,0.6835726732178944,0.8023248779838529,0.1369039215640594,0.1298831879665984,0.0070207335974609,0.0081343592826693,0.2233746415319511,0.5120169479577108,-0.841422892176116,1.288172175240018,0.6670973131306647,-0.0088416771567521,0.2313343079186159,-0.489927706664802,0.4722443523512977,0.9698730138209176,4,37.60457415815325,ok,0.721259552524605,False,0.8557113611639664,False,0.8479996469070107,False,1.0,0.8489459459854188,False,1.0
OA,Ojos abiertos,ZONE_BAND,BAI_ZB_CENTRAL_DELTA_W5,BAI,ZB_CENTRAL_DELTA,central,delta,2,C3 | C4,EEG17 | EEG21,W5,25,11,14,19.82149507444428,13.718131930474714,0.1538166249739869,0.3726043780631913,0.4128148621697103,21.0,0.6839266643012198,0.7410220955708507,0.1949637699986576,0.1884308584238665,0.006532911574791,0.0081150528775334,-0.0393309472365587,0.3135555233944945,-0.6914053547785836,0.6127434603054659,0.9013719907343432,0.1144856777374281,0.2012882418340982,-0.3041161367616557,0.5330874922365121,0.575548599157603,4,40.55740075952233,ok,0.7577256344557572,False,0.8427758297802734,False,0.8479996469070107,False,1.0,0.8489459459854188,False,1.0
OA,Ojos abiertos,ZONE_BAND,BAI_ZB_PARIETAL_DELTA_W5,BAI,ZB_PARIETAL_DELTA,parietal,delta,4,P3 | P4 | P7 | P8,EEG25 | EEG29 | EEG57 | EEG61,W5,25,11,14,19.997860311843755,13.767790509603852,0.1533770656017609,0.3716973352524136,0.4126396695784893,21.0,0.6840530485049886,0.7436038346336132,0.1958080681783991,0.1892875460815377,0.0065205220968613,0.0081081665195167,-0.0351466864429452,0.3132263261009243,-0.6865364907356143,0.616243117849724,0.9117236778987438,0.1182303791588157,0.2001204079324806,-0.2979427917901218,0.5344035501077533,0.5609623337985133,4,40.72583650096744,ok,0.7577256344557572,False,0.8427758297802734,False,0.8479996469070107,False,1.0,0.8489459459854188,False,1.0
OA,Ojos abiertos,ZONE,BAI_Z_OCCIPITAL_W5,BAI,Z_OCCIPITAL,occipital,all_bands,8,O1 | O2,EEG33 | EEG34 | EEG35 | EEG36 | EEG37 | EEG38 | EEG39 | EEG40,W5,25,11,14,15.637370530471465,10.152310142795791,0.201137302820074,0.4911737164737935,0.409503391720688,21.0,0.686317167498393,0.7302831552260729,0.2008611915903662,0.1944797627123057,0.0063814288780604,0.0079853822776548,-0.0077571910449791,0.4073189507874258,-0.8548233203224622,0.8393089382325041,0.9849853847843254,0.1933801117750949,0.2744865972759126,-0.377446016112084,0.7642062396622737,0.4888518853361525,4,29.65264668215035,ok,0.721259552524605,False,0.8557113611639664,False,0.8494024350227636,False,1.0,0.8498444354835786,False,1.0
OA,Ojos abiertos,ZONE,MSPSS_Z_PARIETAL_W1,MSPSS,Z_PARIETAL,parietal,all_bands,16,P3 | P4 | P7 | P8,EEG25 | EEG26 | EEG27 | EEG28 | EEG29 | EEG30 | EEG31 | EEG32 | EEG57 | EEG58 | EEG59 | EEG60 | EEG61 | EEG62 | EEG63 | EEG64,W1,25,8,17,15.937098952027949,10.265794847352648,-0.2266146216037455,0.5616127068413025,-0.4035069343040721,21.0,0.6906544894162784,0.8051664560887455,0.1364208511592171,0.1297253227357903,0.0066955284234268,0.0077532307634042,0.2159056860783373,0.5120662365076174,-0.8489943487805022,1.280805720937177,0.6775752526868235,-0.0107089355254081,0.2306447526273663,-0.4903609563030701,0.4689430852522537,0.9634058957194904,4,37.78090036305164,ok,0.721259552524605,False,0.8557113611639664,False,0.8497525291989034,False,1.0,0.8498444354835786,False,1.0
OA,Ojos abiertos,ZONE_BAND,BAI_ZB_TEMPORAL_THETA_W5,BAI,ZB_TEMPORAL_THETA,temporal,theta,2,T7 | T8,EEG50 | EEG54,W5,25,11,14,15.942730521909976,12.147352547177336,0.1646500483661472,0.4096959356408013,0.4018835288385757,21.0,0.6918306058940499,0.7386950763036538,0.2018908579964032,0.1957526244999579,0.0061382334964453,0.007690970035797,0.0022537119649582,0.3387163747032781,-0.7021455503039473,0.7066529742338639,0.9947539708598458,0.1669037603311055,0.2304820539401281,-0.3124099100040567,0.6462174306662677,0.4769638710265337,4,35.514257021774675,ok,0.7577256344557572,False,0.8480288932370394,False,0.8497525291989034,False,1.0,0.8498444354835786,False,1.0
OA,Ojos abiertos,ZONE,BAI_Z_PARIETAL_W5,BAI,Z_PARIETAL,parietal,all_bands,16,P3 | P4 | P7 | P8,EEG25 | EEG26 | EEG27 | EEG28 | EEG29 | EEG30 | EEG31 | EEG32 | EEG57 | EEG58 | EEG59 | EEG60 | EEG61 | EEG62 | EEG63 | EEG64,W5,25,11,14,15.937098952027949,10.265794847352648,0.1934906051186335,0.4861087717923548,0.39803973173577,21.0,0.6946185171171261,0.7394372306075075,0.2019169431376432,0.195895762645153,0.0060211804924901,0.0075445537162037,0.0027589919740612,0.40367716533968,-0.8367336298667619,0.8422516138148844,0.994611293262604,0.1962495970926948,0.270825560456897,-0.3669629879396014,0.7594621821249912,0.4766730476165908,4,30.00027200968551,ok,0.721259552524605,False,0.8557113611639664,False,0.8497525291989034,False,1.0,0.8498444354835786,False,1.0
OA,Ojos abiertos,ZONE_BAND,BAI_ZB_FRONTAL_THETA_W5,BAI,ZB_FRONTAL_THETA,frontal,theta,6,Fp1 | Fp2 | F3 | F4 | F7 | F8,EEG2 | EEG6 | EEG10 | EEG14 | EEG42 | EEG46,W5,25,11,14,15.993578360955702,12.124199158858136,0.1639181875347233,0.4126352666532108,0.3972471593720669,21.0,0.6951939240492181,0.7465791628323563,0.2019809446284711,0.195984199822242,0.0059967448062291,0.0075145383632941,0.0028287144413093,0.3427650106332456,-0.7099901471598186,0.7156475760424371,0.9934933222531128,0.1667469019760326,0.2297390057686274,-0.3110215150943771,0.6445153190464424,0.4759670471020168,4,35.54042416523506,ok,0.7577256344557572,False,0.8480288932370394,False,0.8497525291989034,False,1.0,0.8498444354835786,False,1.0
DELTA_OC_MINUS_OA,Reactividad OC−OA,ZONE_BAND,BAI_ZB_OCCIPITAL_ALPHA_W4,BAI,ZB_OCCIPITAL_ALPHA,occipital,alpha,2,O1 | O2,EEG35 | EEG39,W4,25,17,8,0.5468059873566545,2.249692105295761,2.3821663173782923,5.99769245672991,0.3971804714170203,21.0,0.6952423480514067,0.7232816856634959,0.1019086766080105,0.0951622006074689,0.0067464760005415,0.0075120155654782,-2.9955431751594466,5.881487482874616,-15.226765972138049,9.235679621819155,0.6158402178324024,-0.6133768577811542,1.1749126751823558,-3.0567415234364166,1.829987807874108,0.607090958362529,4,12.49307291509923,ok,0.9444361710470368,False,0.8480288932370394,False,0.8497525291989034,False,1.0,0.8498444354835786,False,1.0
DELTA_OC_MINUS_OA,Reactividad OC−OA,ZONE_BAND,BAI_ZB_TEMPORAL_ALPHA_W1,BAI,ZB_TEMPORAL_ALPHA,temporal,alpha,2,T7 | T8,EEG51 | EEG55,W1,25,8,17,0.524582497904985,2.1175379213095704,-1.5898406614821978,4.003785429805468,-0.397084381607194,21.0,0.6953121239136255,0.788194697336323,0.5126564267366349,0.5089972653919372,0.0036591613446976,0.0075083812436369,-0.0742486907864699,3.9082916308262514,-8.201986075486063,8.053488693913122,0.9850222592763016,-1.6640893522686675,0.8692262630270964,-3.471744323060721,0.1435656185233853,0.0692866771380534,4,9.90902342768956,ok,0.9444361710470368,False,0.8480288932370394,False,0.8497525291989034,False,1.0,0.8498444354835786,False,1.0
OA,Ojos abiertos,ZONE,BAI_Z_CENTRAL_W5,BAI,Z_CENTRAL,central,all_bands,8,C3 | C4,EEG17 | EEG18 | EEG19 | EEG20 | EEG21 | EEG22 | EEG23 | EEG24,W5,25,11,14,15.776173399279394,10.247690911917816,0.1926798552046452,0.4863604405436201,0.3961667914217713,21.0,0.6959785737466927,0.7402197810532332,0.2013409771585872,0.1953720229944232,0.0059689541641639,0.0074737203154959,0.0013131887240735,0.4033596168369014,-0.8375190548539986,0.8401454323021458,0.997433118835496,0.1939930439287187,0.2717489606805744,-0.3711398569929617,0.7591259448503992,0.4831679352298953,4,29.921063928589625,ok,0.721259552524605,False,0.8557113611639664,False,0.8497525291989034,False,1.0,0.8498720958693184,False,1.0
DELTA_OC_MINUS_OA,Reactividad OC−OA,ZONE_BAND,BAI_ZB_CENTRAL_ALPHA_W5,BAI,ZB_CENTRAL_ALPHA,central,alpha,2,C3 | C4,EEG19 | EEG23,W5,25,11,14,0.5205211077237656,2.131580235005688,-2.3224147604847114,5.865324850958487,-0.3959567150155702,21.0,0.696131188639026,0.8369288975960264,0.259137628965285,0.2536065014920932,0.0055311274731918,0.0074657961983774,0.7597369419518154,5.768609986822662,-11.23674425147895,12.756218135382582,0.8964737377043868,-1.562677818532896,1.0607423943639576,-3.7686123875417694,0.6432567504759783,0.1555308694273738,4,11.714166912341264,ok,0.9444361710470368,False,0.8480288932370394,False,0.8497525291989034,False,1.0,0.8498720958693184,False,1.0
OA,Ojos abiertos,ZONE_BAND,BAI_ZB_TEMPORAL_DELTA_W5,BAI,ZB_TEMPORAL_DELTA,temporal,delta,2,T7 | T8,EEG49 | EEG53,W5,25,11,14,19.86197313976645,13.695071436076708,0.1469056063548965,0.371874960876373,0.3950403275571279,21.0,0.6967970739431008,0.751111110712371,0.1951183832848542,0.1891370833755506,0.0059812999093035,0.0074312790664969,-0.0301437192102477,0.3122069446439434,-0.6794136037119206,0.6191261652914252,0.9239989155161896,0.1167618871446488,0.2020341808776369,-0.3033911925167011,0.5369149668059987,0.5694564305207894,4,40.41147886691188,ok,0.7577256344557572,False,0.8480288932370394,False,0.8497525291989034,False,1.0,0.8500833796166485,False,1.0
OC,Ojos cerrados,ZONE_BAND,MSPSS_ZB_TEMPORAL_DELTA_W1,MSPSS,ZB_TEMPORAL_DELTA,temporal,delta,2,T7 | T8,EEG49 | EEG53,W1,25,8,17,21.68530626896891,12.654098636436837,-0.1913472295135237,0.4968491960914779,-0.3851213426906574,21.0,0.7040205648870222,0.8667862810423272,0.1361327326302299,0.1300314253498001,0.0061013072804297,0.0070627832664693,0.1920011385565278,0.4618078467205103,-0.7683808530873236,1.1523831302003793,0.6818036050840596,0.0006539090430041,0.1832829407340277,-0.3805038320098827,0.3818116500958909,0.9971870230631495,4,47.65390987296096,ok,0.800023369189798,False,0.8513092785518865,False,0.8549830790284786,False,1.0,0.8533692077026341,False,1.0
OA,Ojos abiertos,ZONE_BAND,BAI_ZB_FRONTAL_ALPHA_W5,BAI,ZB_FRONTAL_ALPHA,frontal,alpha,6,Fp1 | Fp2 | F3 | F4 | F7 | F8,EEG3 | EEG7 | EEG11 | EEG15 | EEG43 | EEG47,W5,25,11,14,18.667531717891176,5.079671545364602,0.3688066626588309,0.9597655817947122,0.3842674395232859,21.0,0.7046437724049515,0.7377320311186373,0.209258590216125,0.2036984933082032,0.0055600969079218,0.0070314983370372,0.0965112933131032,0.78494423145829,-1.5358695977666847,1.728892184392891,0.9033134011889068,0.4653179559719341,0.5522793907960868,-0.6832099112853766,1.6138458232292447,0.4089790278857074,4,14.674905667814718,ok,0.7577256344557572,False,0.8513092785518865,False,0.8549830790284786,False,1.0,0.8533692077026341,False,1.0
DELTA_OC_MINUS_OA,Reactividad OC−OA,ZONE_BAND,BAI_ZB_CENTRAL_THETA_W5,BAI,ZB_CENTRAL_THETA,central,theta,2,C3 | C4,EEG18 | EEG22,W5,25,11,14,1.3409712788852872,6.118784127857375,-1.0687951145274426,2.7938059773509054,-0.3825588187555089,21.0,0.705891420263023,0.9391324339852464,0.2541077917443591,0.2489095890348367,0.0051982027095224,0.0069691071336957,0.5466621885560706,2.769208231213443,-5.212221588009254,6.305545965121396,0.8454069792787736,-0.522132925971372,0.3699156812861073,-1.2914146981558328,0.2471488462130887,0.1727449982973796,4,27.916825038546914,ok,0.9444361710470368,False,0.8513092785518865,False,0.8549830790284786,False,1.0,0.8533692077026341,False,1.0
OA,Ojos abiertos,ZONE_BAND,MSPSS_ZB_CENTRAL_THETA_W1,MSPSS,ZB_CENTRAL_THETA,central,theta,2,C3 | C4,EEG18 | EEG22,W1,25,8,17,15.80887082998302,12.193263287605935,-0.195890954660925,0.5127260568748614,-0.3820577324564083,21.0,0.7062574783766581,0.8956323037500352,0.1352737631821198,0.129263170074516,0.0060105931076037,0.0069508624252251,0.1548794144723391,0.4755323661169215,-0.8340442777205227,1.1438031066652008,0.7478767495659362,-0.0410115401885858,0.1917210947540358,-0.4397173831654262,0.3576943027882544,0.8326785962045544,4,46.57476994006803,ok,0.7577256344557572,False,0.8513092785518865,False,0.8549830790284786,False,1.0,0.8533692077026341,False,1.0
DELTA_OC_MINUS_OA,Reactividad OC−OA,ZONE_BAND,BAI_ZB_PARIETAL_ALPHA_W1,BAI,ZB_PARIETAL_ALPHA,parietal,alpha,4,P3 | P4 | P7 | P8,EEG27 | EEG31 | EEG59 | EEG63,W1,25,8,17,0.5676850949825529,2.179428933916049,-1.4183816445899815,3.719521742311716,-0.3813344141681088,21.0,0.7067860119968756,0.9075749772759504,0.5187167214573895,0.5153840424976,0.0033326789597895,0.0069245683537589,-0.2584311896599237,3.623089662040493,-7.793058611529061,7.276196232209213,0.9438109043129316,-1.6768128342499056,0.8414649679843457,-3.426735031523484,0.0731093630236732,0.0594474981690093,4,9.75586698926076,ok,0.9444361710470368,False,0.8513092785518865,False,0.8549830790284786,False,1.0,0.8533692077026341,False,1.0
OA,Ojos abiertos,ZONE_BAND,BAI_ZB_FRONTAL_DELTA_W5,BAI,ZB_FRONTAL_DELTA,frontal,delta,6,Fp1 | Fp2 | F3 | F4 | F7 | F8,EEG1 | EEG5 | EEG9 | EEG13 | EEG41 | EEG45,W5,25,11,14,19.964887563598847,13.704489015715016,0.1415122710439222,0.3740007839684925,0.3783742631294695,21.0,0.7089505927567926,0.7704850862647925,0.1945141845980706,0.1890228010462618,0.0054913835518088,0.0068174801427989,-0.0279313656513614,0.3154298506162162,-0.6839036500332285,0.6280409187305056,0.9302784516799116,0.1135809053925608,0.2009492367471913,-0.3043159094343585,0.5314777202194801,0.5779121279254963,4,40.53606820600434,ok,0.7577256344557572,False,0.8513092785518865,False,0.8553853398924506,False,1.0,0.8533692077026341,False,1.0
OA,Ojos abiertos,ZONE_BAND,MSPSS_ZB_OCCIPITAL_THETA_W1,MSPSS,ZB_OCCIPITAL_THETA,occipital,theta,2,O1 | O2,EEG34 | EEG38,W1,25,8,17,15.67752268185539,12.02055724560404,-0.1969094277918309,0.5234905400278417,-0.3761470604251193,21.0,0.7105808773334699,0.8925255969755235,0.134980744997647,0.1291527143834804,0.0058280306141665,0.0067374576698304,0.159476957328225,0.485944289300542,-0.8510995144675351,1.1700534291239852,0.7460256631959703,-0.0374324704636058,0.1946804900210409,-0.4422927128097313,0.3674277718825196,0.8493728797382986,4,46.26116559485087,ok,0.7577256344557572,False,0.8513092785518865,False,0.8553853398924506,False,1.0,0.8546175416578218,False,1.0
OC,Ojos cerrados,ZONE_BAND,MSPSS_ZB_OCCIPITAL_DELTA_W1,MSPSS,ZB_OCCIPITAL_DELTA,occipital,delta,2,O1 | O2,EEG33 | EEG37,W1,25,8,17,21.36993884727363,12.45982274524686,-0.189537583810752,0.5047381203094787,-0.3755166811940766,21.0,0.7110425655395127,0.8718468566010685,0.1358404358641366,0.1300376958332423,0.0058027400308943,0.0067148941835723,0.1909028253881525,0.4690420221955619,-0.7845234577288056,1.1663291085051106,0.6881223718997269,0.0013652415774005,0.1864407453006018,-0.3863595135710781,0.3890899967258791,0.9942265361977896,4,47.10903587708384,ok,0.8021952407317469,False,0.8513092785518865,False,0.8553853398924506,False,1.0,0.8547877757723994,False,1.0
OA,Ojos abiertos,ZONE_BAND,MSPSS_ZB_FRONTAL_THETA_W1,MSPSS,ZB_FRONTAL_THETA,frontal,theta,6,Fp1 | Fp2 | F3 | F4 | F7 | F8,EEG2 | EEG6 | EEG10 | EEG14 | EEG42 | EEG46,W1,25,8,17,15.993578360955702,12.124199158858136,-0.191853166542668,0.5131790380780251,-0.3738523055446745,21.0,0.7122620963884118,0.898198283296099,0.134800678457533,0.1290423424629316,0.0057583359946014,0.006655502207671,0.1608142198016745,0.4756653524569826,-0.8283860326251379,1.1500144722284869,0.7386573926244266,-0.0310389467409935,0.1926011360160202,-0.4315749357101882,0.3694970422282012,0.8735103851247799,4,45.95952001625466,ok,0.7577256344557572,False,0.8513092785518865,False,0.8553853398924506,False,1.0,0.8551164229460783,False,1.0
OA,Ojos abiertos,ZONE,BAI_Z_TEMPORAL_W5,BAI,Z_TEMPORAL,temporal,all_bands,8,T7 | T8,EEG49 | EEG50 | EEG51 | EEG52 | EEG53 | EEG54 | EEG55 | EEG56,W5,25,11,14,15.895680675076449,10.234354561487304,0.1812703954389984,0.4858627272327478,0.3730897335373548,21.0,0.7128211165770422,0.7538232470289301,0.2003794946504649,0.1950793072552902,0.0053001873951746,0.0066283785367132,0.0084621424802281,0.4019698930067281,-0.8274800121802678,0.8444042971407241,0.9834031740067224,0.1897325379192265,0.2729153620267704,-0.3778260273905121,0.7572911032289653,0.4945474489859436,4,29.833561140347648,ok,0.721259552524605,False,0.8637316788796381,False,0.8553853398924506,False,1.0,0.8553536778501956,False,1.0
OC,Ojos cerrados,ZONE_BAND,MSPSS_ZB_FRONTAL_DELTA_W1,MSPSS,ZB_FRONTAL_DELTA,frontal,delta,6,Fp1 | Fp2 | F3 | F4 | F7 | F8,EEG1 | EEG5 | EEG9 | EEG13 | EEG41 | EEG45,W1,25,8,17,21.776643637751437,12.622114375615476,-0.1839874940367407,0.5007317444478602,-0.3674372477415376,21.0,0.7169699380472271,0.8736545741294579,0.1359680650505461,0.1304131572053177,0.0055549078452283,0.0064290538584703,0.1907067735833149,0.4659851387423449,-0.7783623723826141,1.159775919549244,0.6864965744053092,0.0067192795465742,0.1832761041954853,-0.3744242441461096,0.3878628032392582,0.9711007353766004,4,47.38606937231536,ok,0.8021952407317469,False,0.8547199291129922,False,0.8586423244340536,False,1.0,0.8568978221065785,False,1.0
OC,Ojos cerrados,ZONE_BAND,MSPSS_ZB_PARIETAL_DELTA_W1,MSPSS,ZB_PARIETAL_DELTA,parietal,delta,4,P3 | P4 | P7 | P8,EEG25 | EEG29 | EEG57 | EEG61,W1,25,8,17,21.80139740724204,12.686983185554586,-0.1794281179519596,0.490128647380845,-0.3660837188578746,21.0,0.7179647404549134,0.8750969079335691,0.1356499488259941,0.1301338606931701,0.005516088132824,0.006381775676801,0.1823112682766343,0.4546503109613366,-0.763185812908306,1.1278083494615747,0.692476627212895,0.0028831503246746,0.1830824560850548,-0.3778576600765527,0.383623960725902,0.9875842319740832,4,47.4943213682679,ok,0.8021952407317469,False,0.8547199291129922,False,0.8586423244340536,False,1.0,0.8573192562677187,False,1.0
DELTA_OC_MINUS_OA,Reactividad OC−OA,ZONE_BAND,BAI_ZB_FRONTAL_DELTA_W3,BAI,ZB_FRONTAL_DELTA,frontal,delta,6,Fp1 | Fp2 | F3 | F4 | F7 | F8,EEG1 | EEG5 | EEG9 | EEG13 | EEG41 | EEG45,W3,25,6,19,1.8117560741525915,7.041477936572528,1.05977838202641,2.9204396260976457,0.362883167505335,21.0,0.7203190868025214,0.9349891070270782,0.0368535203900034,0.0308139410015557,0.0060395793884476,0.006270675869462,-0.2984363845258823,0.3824373918655014,-1.093758479390924,0.4968857103391594,0.4438903398188014,0.7613419975005277,2.8952908750217947,-5.259744990708515,6.782428985709569,0.7951450775727196,4,23.426391492468014,ok,0.9444361710470368,False,0.8558246575871542,False,0.8586423244340536,False,1.0,0.8575773213501828,False,1.0
DELTA_OC_MINUS_OA,Reactividad OC−OA,ZONE,MSPSS_Z_TEMPORAL_W4,MSPSS,Z_TEMPORAL,temporal,all_bands,8,T7 | T8,EEG49 | EEG50 | EEG51 | EEG52 | EEG53 | EEG54 | EEG55 | EEG56,W4,25,17,8,1.1910807030524235,5.008113868867217,-2.255865746650118,6.217712968242199,-0.3628127831201367,21.0,0.7203708941010498,0.7931553076799971,0.0696991839171963,0.063867831780915,0.0058313521362812,0.0062682435997801,2.3740941366938197,6.20035813000744,-10.52025647273948,15.268444746127116,0.7056449274171984,0.1182283900437006,0.4642344398015227,-0.8471999781669445,1.083656758254346,0.8014523323935382,4,42.83827681823581,ok,0.9644656722218322,False,0.8637316788796381,False,0.8586423244340536,False,1.0,0.8575773213501828,False,1.0
OA,Ojos abiertos,ZONE,BAI_Z_FRONTAL_W5,BAI,Z_FRONTAL,frontal,all_bands,24,Fp1 | Fp2 | F3 | F4 | F7 | F8,EEG1 | EEG2 | EEG3 | EEG4 | EEG5 | EEG6 | EEG7 | EEG8 | EEG9 | EEG10 | EEG11 | EEG12 | EEG13 | EEG14 | EEG15 | EEG16 | EEG41 | EEG42 | EEG43 | EEG44 | EEG45 | EEG46 | EEG47 | EEG48,W5,25,11,14,15.913111369721689,10.223866031962654,0.1767398151030514,0.4887638268602298,0.361605760062913,21.0,0.721259552524605,0.766686965050692,0.2007528519505529,0.1957762548740368,0.004976597076516,0.0062266059862226,0.014051390198044,0.4061933199186332,-0.8306738615406452,0.8587766419367332,0.9727310998441198,0.1907912053010954,0.2718401465945306,-0.3745313271096924,0.7561137377118834,0.4904784814515378,4,29.879993469982065,ok,0.721259552524605,False,0.8637316788796381,False,0.8586423244340536,False,1.0,0.8575773213501828,False,1.0
OA,Ojos abiertos,ZONE_BAND,MSPSS_ZB_TEMPORAL_THETA_W1,MSPSS,ZB_TEMPORAL_THETA,temporal,theta,2,T7 | T8,EEG50 | EEG54,W1,25,8,17,15.942730521909976,12.147352547177336,-0.1807246401538382,0.5093457283625334,-0.3548172294186889,21.0,0.7262650300918227,0.8982010097172434,0.1342931370350312,0.1291032134138844,0.0051899236211467,0.0059950126805876,0.1468947050451592,0.4714585654468947,-0.8335570548736537,1.1273464649639722,0.7584356909318505,-0.0338299351086789,0.1927690122086937,-0.4347150417323576,0.3670551715149997,0.862372125439844,4,46.10455895178507,ok,0.7658429161014344,False,0.8600416622599036,False,0.8613875803542071,False,1.0,0.8595423893373966,False,1.0
OC,Ojos cerrados,ZONE_BAND,MSPSS_ZB_CENTRAL_DELTA_W1,MSPSS,ZB_CENTRAL_DELTA,central,delta,2,C3 | C4,EEG17 | EEG21,W1,25,8,17,21.65626321179784,12.53783633299731,-0.181181683017781,0.5167077181533084,-0.3506463647675261,21.0,0.7293466369239711,0.8777033202381498,0.1354719238312424,0.1304101995044847,0.0050617243267576,0.0058548987202234,0.1897685635619004,0.4827743923289111,-0.8142157466052955,1.1937528737290963,0.6982229653160352,0.0085868805441194,0.1841622982878123,-0.3743995846520837,0.3915733457403225,0.9632513231642638,4,47.71265936462261,ok,0.8103851521377456,False,0.8600416622599036,False,0.8613875803542071,False,1.0,0.8607586172131861,False,1.0
DELTA_OC_MINUS_OA,Reactividad OC−OA,ZONE,BAI_Z_TEMPORAL_W4,BAI,Z_TEMPORAL,temporal,all_bands,8,T7 | T8,EEG49 | EEG50 | EEG51 | EEG52 | EEG53 | EEG54 | EEG55 | EEG56,W4,25,17,8,1.1910807030524235,5.008113868867217,2.414161715636055,6.910797562665091,0.3493318526183327,21.0,0.7303188285451753,0.6952672906466781,0.0957919391487733,0.0905375110469715,0.0052544281018018,0.0058110830120838,-2.6652112099886947,6.891508191414632,-16.996887055908775,11.666464635931383,0.7028409280179285,-0.2510494943526398,0.5159823638485782,-1.324093561847458,0.8219945731421783,0.6316187859719146,4,42.83827681823581,ok,0.9644656722218322,False,0.8637316788796381,False,0.8613875803542071,False,1.0,0.8607586172131861,False,1.0
OA,Ojos abiertos,ZONE_BAND,MSPSS_ZB_PARIETAL_THETA_W1,MSPSS,ZB_PARIETAL_THETA,parietal,theta,4,P3 | P4 | P7 | P8,EEG26 | EEG30 | EEG58 | EEG62,W1,25,8,17,15.993418325873265,12.171199226815649,-0.1767034110802169,0.5063966455413874,-0.348942696670717,21.0,0.7306067311945759,0.9035974681074076,0.134237617085691,0.1292178028799997,0.0050198142056913,0.0057981431218964,0.1388206868616937,0.468301016155985,-0.8350645898363334,1.112705963559721,0.7698099627822214,-0.0378827242185231,0.1926959285580286,-0.4386158450704553,0.3628503966334089,0.8460359629039069,4,46.21766903667717,ok,0.7658429161014344,False,0.8600416622599036,False,0.8613875803542071,False,1.0,0.8607586172131861,False,1.0
DELTA_OC_MINUS_OA,Reactividad OC−OA,ZONE_BAND,BAI_ZB_TEMPORAL_DELTA_W4,BAI,ZB_TEMPORAL_DELTA,temporal,delta,2,T7 | T8,EEG49 | EEG53,W4,25,17,8,1.8233331292024568,7.0353148202065,-1.367437291272065,3.930560412100334,-0.3478988103229181,21.0,0.7313792129634932,0.7690023146293374,0.0932702516158124,0.0880443111607605,0.0052259404550519,0.0057635039154331,1.1887892845328156,3.913211451091384,-6.949179426503718,9.326757995569348,0.7642784334492053,-0.1786480067392493,0.3688919790638413,-0.945800873609407,0.5885048601309084,0.633197613013776,4,44.83094791940559,ok,0.9444361710470368,False,0.8600416622599036,False,0.8613875803542071,False,1.0,0.8607586172131861,False,1.0
OA,Ojos abiertos,ZONE_BAND,BAI_ZB_PARIETAL_BETA_W5,BAI,ZB_PARIETAL_BETA,parietal,beta,4,P3 | P4 | P7 | P8,EEG28 | EEG32 | EEG60 | EEG64,W5,25,11,14,9.083099232142752,10.579108492458875,0.1580604108095959,0.454330052158132,0.347897767402325,21.0,0.7313799848768698,0.7419067694363642,0.2054624010490399,0.2008831079419846,0.0045792931070552,0.0057634693601679,0.0507089790186763,0.3660830609181561,-0.7106024227870077,0.8120203808243603,0.8911509934491528,0.2087693898282723,0.2690706018925234,-0.3507935590766291,0.7683323387331737,0.4464642424197904,4,30.176768019952256,ok,0.7658429161014344,False,0.8600416622599036,False,0.8613875803542071,False,1.0,0.8607586172131861,False,1.0
DELTA_OC_MINUS_OA,Reactividad OC−OA,ZONE_BAND,BAI_ZB_CENTRAL_DELTA_W5,BAI,ZB_CENTRAL_DELTA,central,delta,2,C3 | C4,EEG17 | EEG21,W5,25,11,14,1.8347681373535616,7.149181836460973,-1.0266836484342208,2.963695204638751,-0.3464201199999461,21.0,0.7324739521692224,0.6806678400538054,0.2465590250605832,0.2422534005182279,0.0043056245423552,0.0057146142638466,0.6045435167742623,2.9465484365872623,-5.523139406113308,6.732226439661832,0.8394149605212688,-0.4221401316599584,0.3183419181381761,-1.084168391977275,0.2398881286573582,0.1990636172936726,4,38.48525807692813,ok,0.9444361710470368,False,0.8600416622599036,False,0.8613875803542071,False,1.0,0.8607586172131861,False,1.0
DELTA_OC_MINUS_OA,Reactividad OC−OA,ZONE,BAI_Z_FRONTAL_W2,BAI,Z_FRONTAL,frontal,all_bands,24,Fp1 | Fp2 | F3 | F4 | F7 | F8,EEG1 | EEG2 | EEG3 | EEG4 | EEG5 | EEG6 | EEG7 | EEG8 | EEG9 | EEG10 | EEG11 | EEG12 | EEG13 | EEG14 | EEG15 | EEG16 | EEG41 | EEG42 | EEG43 | EEG44 | EEG45 | EEG46 | EEG47 | EEG48,W2,25,18,7,1.150062019401767,5.0902557666269415,-3.419441349159012,9.925457017690825,-0.3445122318362072,21.0,0.733887308331693,0.8240318360452897,0.0669352469066144,0.0616617125292084,0.0052735343774059,0.0056518418040362,-0.4789353164700922,0.4887530877097894,-1.4953530043247725,0.5374823713845878,0.3382842830780491,-3.898376665629104,9.913416032290897,-24.51445389492659,16.71770056366838,0.6981041664849287,4,25.57394651823603,ok,0.9644656722218322,False,0.8637316788796381,False,0.8613875803542071,False,1.0,0.8607586172131861,False,1.0
DELTA_OC_MINUS_OA,Reactividad OC−OA,ZONE_BAND,BAI_ZB_OCCIPITAL_BETA_W1,BAI,ZB_OCCIPITAL_BETA,occipital,beta,2,O1 | O2,EEG36 | EEG40,W1,25,8,17,1.1281152502932732,5.129693929000322,1.6728816460194336,4.8560811394372045,0.3444921116399039,21.0,0.7339022184617845,0.9071889393986448,0.5227364941178169,0.5200393913436127,0.0026971027742042,0.0056511816658154,-2.369384177242096,4.843409955022592,-12.441806575398946,7.703038220914753,0.6297724172277726,-0.6965025312226623,0.3505767253908979,-1.4255667429848673,0.0325616805395427,0.0601548033005351,4,45.25351909778928,ok,0.9444361710470368,False,0.8600416622599036,False,0.8613875803542071,False,1.0,0.8607586172131861,False,1.0
DELTA_OC_MINUS_OA,Reactividad OC−OA,ZONE,BAI_Z_PARIETAL_W4,BAI,Z_PARIETAL,parietal,all_bands,16,P3 | P4 | P7 | P8,EEG25 | EEG26 | EEG27 | EEG28 | EEG29 | EEG30 | EEG31 | EEG32 | EEG57 | EEG58 | EEG59 | EEG60 | EEG61 | EEG62 | EEG63 | EEG64,W4,25,17,8,1.2086220272190764,5.179683058723033,2.2095984934968382,6.494115796808033,0.3402462417721121,21.0,0.7370510326439579,0.6829462683841837,0.0945439253608247,0.089552382947285,0.0049915424135397,0.0055127383352404,-2.4409058075057843,6.474901130457725,-15.90619984164857,11.024388226637004,0.7099712828257915,-0.2313073140089461,0.4991946846160153,-1.269439491350879,0.8068248633329869,0.6478720947771764,4,42.51700519272265,ok,0.9644656722218322,False,0.8637316788796381,False,0.8629581531523409,False,1.0,0.8607586172131861,False,1.0
DELTA_OC_MINUS_OA,Reactividad OC−OA,ZONE_BAND,BAI_ZB_OCCIPITAL_THETA_W1,BAI,ZB_OCCIPITAL_THETA,occipital,theta,2,O1 | O2,EEG34 | EEG38,W1,25,8,17,1.3706647065182616,6.008191973921184,0.8235560531702973,2.425181128860288,0.3395853791577732,21.0,0.737541568227534,0.932961541380086,0.5244600808558207,0.5218487274441383,0.0026113534116823,0.0054913442732252,-1.4221132185400729,2.4063050982614347,-6.426298615523352,3.582072178443206,0.5608318917373927,-0.5985571653697753,0.3019921884106862,-1.2265843013882485,0.0294699706486976,0.060714948228489,4,36.47320091142759,ok,0.9444361710470368,False,0.862621717225186,False,0.8629581531523409,False,1.0,0.8607586172131861,False,1.0
OA,Ojos abiertos,ZONE_BAND,BAI_ZB_OCCIPITAL_BETA_W5,BAI,ZB_OCCIPITAL_BETA,occipital,beta,2,O1 | O2,EEG36 | EEG40,W5,25,11,14,8.856748059113755,10.51561976491168,0.1506720648821872,0.4556913273012342,0.3306450130936674,21.0,0.7441888874724627,0.7565738835143064,0.2042475857767515,0.2001048939836688,0.0041426917930826,0.0052060059373196,0.0540573350350312,0.3655725212164707,-0.7061923413387445,0.8143070114088071,0.8838556955957735,0.2047293999172185,0.2720502113746533,-0.3610299861186021,0.7704887859530392,0.4600778695928236,4,29.91253312368563,ok,0.7697357322577514,False,0.862644487728825,False,0.8653069707156423,False,1.0,0.8648870643866988,False,1.0
DELTA_OC_MINUS_OA,Reactividad OC−OA,ZONE_BAND,MSPSS_ZB_TEMPORAL_DELTA_W4,MSPSS,ZB_TEMPORAL_DELTA,temporal,delta,2,T7 | T8,EEG49 | EEG53,W4,25,17,8,1.8233331292024568,7.0353148202065,1.1687322013120118,3.536821486259736,0.3304470428752034,21.0,0.744336315715047,0.8496792849723389,0.0668633981040111,0.0620112989231933,0.0048520991808177,0.0051997737211883,-1.094176262721538,3.5212104355118985,-8.416934234611665,6.228581709168588,0.7590625582424261,0.0745559385904737,0.3319386908913297,-0.6157483585879173,0.7648602357688647,0.8244556274793897,4,44.83094791940559,ok,0.9444361710470368,False,0.862644487728825,False,0.8653069707156423,False,1.0,0.8648870643866988,False,1.0
DELTA_OC_MINUS_OA,Reactividad OC−OA,ZONE_BAND,BAI_ZB_CENTRAL_THETA_W4,BAI,ZB_CENTRAL_THETA,central,theta,2,C3 | C4,EEG18 | EEG22,W4,25,17,8,1.3409712788852872,6.118784127857375,1.435499886965301,4.367327612414412,0.3286906809749741,21.0,0.7456447164073484,0.7106521759044506,0.0942051047947123,0.089545110806901,0.0046599939878112,0.0051446458933234,-1.6283636695395152,4.346854986631167,-10.66814348076124,7.41141614168221,0.7117087844268691,-0.1928637825742141,0.4223768451953075,-1.0712445175347756,0.6855169523863472,0.6526352280947945,4,38.3767562509974,ok,0.9444361710470368,False,0.862644487728825,False,0.8653069707156423,False,1.0,0.8648870643866988,False,1.0
OA,Ojos abiertos,ZONE_BAND,BAI_ZB_CENTRAL_BETA_W5,BAI,ZB_CENTRAL_BETA,central,beta,2,C3 | C4,EEG20 | EEG24,W5,25,11,14,8.89451872745027,10.61090014694074,0.1488587246915222,0.4532293899104871,0.3284401409205211,21.0,0.7458314203282042,0.7561514031676132,0.2058031865665076,0.201723551603732,0.0040796349627756,0.0051368060079949,0.0594303607661678,0.3655029288325336,-0.7006745903224849,0.8195353118548205,0.8723887412715469,0.20828908545769,0.2680009121131346,-0.3490493217724308,0.7656274926878108,0.4457108307518411,4,30.2851381603418,ok,0.7697357322577514,False,0.862644487728825,False,0.8653069707156423,False,1.0,0.8648870643866988,False,1.0
DELTA_OC_MINUS_OA,Reactividad OC−OA,ZONE_BAND,BAI_ZB_FRONTAL_DELTA_W2,BAI,ZB_FRONTAL_DELTA,frontal,delta,6,Fp1 | Fp2 | F3 | F4 | F7 | F8,EEG1 | EEG5 | EEG9 | EEG13 | EEG41 | EEG45,W2,25,18,7,1.8117560741525915,7.041477936572528,-2.094085740453618,6.397903681348314,-0.3273081066472548,21.0,0.7466752184041205,0.8450812317856616,0.0572413057628097,0.0524318628372825,0.0048094429255272,0.0051014569846196,-0.307012991858802,0.3554120430094072,-1.0461327970841148,0.4321068133665107,0.3974447056263806,-2.40109873231242,6.3880242481924085,-15.685722399309478,10.88352493468464,0.7107801062295562,4,28.130354894268727,ok,0.9444361710470368,False,0.862644487728825,False,0.8653069707156423,False,1.0,0.8648870643866988,False,1.0
OA,Ojos abiertos,ZONE_BAND,BAI_ZB_FRONTAL_BETA_W5,BAI,ZB_FRONTAL_BETA,frontal,beta,6,Fp1 | Fp2 | F3 | F4 | F7 | F8,EEG4 | EEG8 | EEG12 | EEG16 | EEG44 | EEG48,W5,25,11,14,9.026447836441037,10.563593207509305,0.148044754743679,0.4540400685037148,0.3260609911181612,21.0,0.747605173269957,0.758441625742162,0.2053182772888767,0.2012950773270432,0.0040231999618335,0.0050626557109027,0.059550704069167,0.3649499336357811,-0.6994042305522511,0.8185056386905852,0.8719407571263591,0.2075954588128461,0.2701183624748545,-0.3541464275050311,0.7693373451307234,0.4507263586674142,4,30.08388463373055,ok,0.7697357322577514,False,0.862644487728825,False,0.8653069707156423,False,1.0,0.8648870643866988,False,1.0
DELTA_OC_MINUS_OA,Reactividad OC−OA,ZONE_BAND,MSPSS_ZB_CENTRAL_THETA_W2,MSPSS,ZB_CENTRAL_THETA,central,theta,2,C3 | C4,EEG18 | EEG22,W2,25,18,7,1.3409712788852872,6.118784127857375,2.0750769389348176,6.364600750027706,0.326034109669139,21.0,0.747625222698315,0.9394601146081274,0.0297324252501027,0.0248211044799658,0.0049113207701368,0.0050618209841783,0.0030149785849391,0.3674670410520021,-0.761174567467919,0.7672045246377973,0.9935310681998588,2.0780919175197567,6.353983843306004,-11.1357408521954,15.291924687234914,0.7468651290973999,4,22.51023709084389,ok,0.9444361710470368,False,0.862644487728825,False,0.8653069707156423,False,1.0,0.8648870643866988,False,1.0
OA,Ojos abiertos,ZONE_BAND,BAI_ZB_TEMPORAL_BETA_W5,BAI,ZB_TEMPORAL_BETA,temporal,beta,2,T7 | T8,EEG52 | EEG56,W5,25,11,14,9.10263697564856,10.55684675404469,0.1464654822681711,0.454589959761762,0.3221925146453513,21.0,0.7504923389513076,0.7597723321503134,0.2030674651263839,0.1991280372347474,0.0039394278916364,0.0049432388806427,0.0518869536719628,0.3650362507178252,-0.7072474871483109,0.8110213944922365,0.8883227942123914,0.198352435940134,0.2709253904270939,-0.3650677568803024,0.7617726287605704,0.4721821577174255,4,30.045872887603814,ok,0.7697357322577514,False,0.864290601479433,False,0.8672869864614495,False,1.0,0.8653024571057215,False,1.0
DELTA_OC_MINUS_OA,Reactividad OC−OA,ZONE_BAND,BAI_ZB_FRONTAL_THETA_W4,BAI,ZB_FRONTAL_THETA,frontal,theta,6,Fp1 | Fp2 | F3 | F4 | F7 | F8,EEG2 | EEG6 | EEG10 | EEG14 | EEG42 | EEG46,W4,25,17,8,1.2536853114876576,6.036632114049067,1.2316307184557116,3.8764771052435343,0.3177190745663739,21.0,0.7538356856536589,0.7411406296042692,0.0938043574222378,0.0894483435655076,0.0043560138567301,0.0048069243020624,-1.4249734370842468,3.8526029141105327,-9.436899795506717,6.586952921338221,0.715181101220208,-0.1933427186285352,0.4295643533445387,-1.0866706950453309,0.6999852577882603,0.6572573007407921,4,34.314079059114015,ok,0.9444361710470368,False,0.8652927213859322,False,0.8692741296131681,False,1.0,0.8668136437102796,False,1.0
DELTA_OC_MINUS_OA,Reactividad OC−OA,ZONE_BAND,BAI_ZB_FRONTAL_DELTA_W1,BAI,ZB_FRONTAL_DELTA,frontal,delta,6,Fp1 | Fp2 | F3 | F4 | F7 | F8,EEG1 | EEG5 | EEG9 | EEG13 | EEG41 | EEG45,W1,25,8,17,1.8117560741525915,7.041477936572528,0.875250027906654,2.765453449574085,0.3164942183501421,21.0,0.7547519823770241,0.8860205647362063,0.5177714529051858,0.5154712551080266,0.0023001977971591,0.0047699328690031,-1.3702388869519948,2.7533875167120274,-7.096221686606692,4.355743912702702,0.6238978257817146,-0.4949888590453408,0.2580503140388889,-1.0316338647569396,0.041656146666258,0.0687859881773284,4,49.994417758637056,ok,0.9444361710470368,False,0.8652927213859322,False,0.8692741296131681,False,1.0,0.8673791104951972,False,1.0
DELTA_OC_MINUS_OA,Reactividad OC−OA,ZONE_BAND,BAI_ZB_CENTRAL_BETA_W1,BAI,ZB_CENTRAL_BETA,central,beta,2,C3 | C4,EEG20 | EEG24,W1,25,8,17,1.1648483866429604,5.25619916842377,1.2290267882573405,3.898674615892253,0.3152422064789484,21.0,0.7556889766770474,0.9335360805238008,0.5204900702118405,0.518220900241718,0.0022691699701224,0.0047322689878914,-1.8998582519884408,3.88357298058584,-9.976190389425092,6.17647388544821,0.6297681247186108,-0.6708314637311001,0.3428187058289502,-1.3837619906046106,0.0420990631424103,0.0637968993627517,4,37.44567313718525,ok,0.9444361710470368,False,0.8652927213859322,False,0.8692741296131681,False,1.0,0.8673791104951972,False,1.0
DELTA_OC_MINUS_OA,Reactividad OC−OA,ZONE_BAND,MSPSS_ZB_FRONTAL_THETA_W2,MSPSS,ZB_FRONTAL_THETA,frontal,theta,6,Fp1 | Fp2 | F3 | F4 | F7 | F8,EEG2 | EEG6 | EEG10 | EEG14 | EEG42 | EEG46,W2,25,18,7,1.2536853114876576,6.036632114049067,-1.7371741461815002,5.6138876542694245,-0.3094422712325494,21.0,0.7600346057099983,0.9488233627299152,0.0292848974367885,0.0248586899153158,0.0044262075214727,0.0045597390107407,-0.0069639927097716,0.3728171754265741,-0.7822797522791433,0.7683517668595999,0.9852732207712538,-1.7441381388912718,5.601494617373617,-13.39308389634902,9.904807618566478,0.7585892341375026,4,20.279289617921616,ok,0.9444361710470368,False,0.8659082733991219,False,0.8708657635140025,False,1.0,0.8700448960419669,False,1.0
DELTA_OC_MINUS_OA,Reactividad OC−OA,ZONE_BAND,BAI_ZB_PARIETAL_THETA_W2,BAI,ZB_PARIETAL_THETA,parietal,theta,4,P3 | P4 | P7 | P8,EEG26 | EEG30 | EEG58 | EEG62,W2,25,18,7,1.351563804064023,6.124929596407467,-1.916810998467907,6.200370658526136,-0.3091445824826775,21.0,0.7602578712317997,0.8432442835892132,0.0578733906641267,0.0535858005997041,0.0042875900644225,0.0045509701370657,-0.3574279727892411,0.4081133840130217,-1.2061462164013852,0.4912902708229029,0.3910437029409902,-2.274238971257148,6.186924904094219,-15.140653658101956,10.59217571558766,0.7168592167494399,4,20.666088656300783,ok,0.9444361710470368,False,0.8659082733991219,False,0.8708657635140025,False,1.0,0.8700448960419669,False,1.0
DELTA_OC_MINUS_OA,Reactividad OC−OA,ZONE_BAND,BAI_ZB_OCCIPITAL_THETA_W5,BAI,ZB_OCCIPITAL_THETA,occipital,theta,2,O1 | O2,EEG34 | EEG38,W5,25,11,14,1.3706647065182616,6.008191973921184,-0.7833397481797697,2.537157549864159,-0.3087469866511483,21.0,0.7605561001355621,0.9024025421501024,0.2501411192133661,0.2467373061572855,0.0034038130560806,0.0045392715126743,0.2607094262533472,2.508646383383057,-4.95630632415608,5.477725176662776,0.9182155209492568,-0.5226303219264224,0.3792911229804815,-1.3114093924589407,0.2661487486060958,0.1827370362680118,4,26.261311383579766,ok,0.9444361710470368,False,0.8659082733991219,False,0.8708657635140025,False,1.0,0.8700448960419669,False,1.0
DELTA_OC_MINUS_OA,Reactividad OC−OA,ZONE_BAND,BAI_ZB_TEMPORAL_BETA_W5,BAI,ZB_TEMPORAL_BETA,temporal,beta,2,T7 | T8,EEG52 | EEG56,W5,25,11,14,1.0831878700577655,4.9809001533439465,1.395464119327317,4.633497324373044,0.3011686468419697,21.0,0.7662477145640361,0.9256764670038506,0.2622719483083632,0.2590855760070156,0.0031863723013475,0.0043191692305058,-2.04796549942653,4.611451068885327,-11.638002986564713,7.542071987711653,0.6615097606244159,-0.652501380099213,0.4514604016395326,-1.591364681695104,0.2863619214966778,0.1631285633663253,4,31.47290775099696,ok,0.9444361710470368,False,0.8707360392773137,False,0.876045405370468,False,1.0,0.8731888168527427,False,1.0
DELTA_OC_MINUS_OA,Reactividad OC−OA,ZONE_BAND,BAI_ZB_PARIETAL_THETA_W1,BAI,ZB_PARIETAL_THETA,parietal,theta,4,P3 | P4 | P7 | P8,EEG26 | EEG30 | EEG58 | EEG62,W1,25,8,17,1.351563804064023,6.124929596407467,0.6799466516904933,2.2857337161576696,0.2974741313408489,21.0,0.7690273708102184,0.9368816892188014,0.524236757894849,0.522231962757352,0.002004795137497,0.0042138504198564,-1.269001876996983,2.266447943430948,-5.982338398510559,3.444334644516593,0.5814663273026224,-0.5890552253064898,0.2962977234093637,-1.2052400730698951,0.0271296224569156,0.0599986787367464,4,35.703763059899224,ok,0.9444361710470368,False,0.8722427646240662,False,0.8778851264956832,False,1.0,0.875982542689114,False,1.0
DELTA_OC_MINUS_OA,Reactividad OC−OA,ZONE_BAND,BAI_ZB_PARIETAL_THETA_W5,BAI,ZB_PARIETAL_THETA,parietal,theta,4,P3 | P4 | P7 | P8,EEG26 | EEG30 | EEG58 | EEG62,W5,25,11,14,1.351563804064023,6.124929596407467,-0.6923524187552722,2.3750345769858128,-0.2915125638439949,21.0,0.7735194061238284,0.954434881395408,0.2523930812748794,0.2493677804115567,0.0030253008633227,0.0040466464228043,0.1695234269880183,2.3456896697739995,-4.70860528570869,5.047652139684726,0.943070794173736,-0.522828991767254,0.3721951302660066,-1.296851137608663,0.2511931540741555,0.1747248150413814,4,26.28142079187144,ok,0.9444361710470368,False,0.8756823465552774,False,0.8816710556122664,False,1.0,0.8795983025343365,False,1.0
DELTA_OC_MINUS_OA,Reactividad OC−OA,ZONE_BAND,BAI_ZB_CENTRAL_DELTA_W1,BAI,ZB_CENTRAL_DELTA,central,delta,2,C3 | C4,EEG17 | EEG21,W1,25,8,17,1.8347681373535616,7.149181836460973,0.8998523646259883,3.1451889416670538,0.2861043903292617,21.0,0.7776015163040211,0.8589678941450397,0.5147025906985152,0.5128109540364434,0.0018916366620718,0.0038978915316991,-1.382261980337779,3.1348234562403468,-7.9014842407122785,5.136960280036721,0.6637641301599069,-0.4824096157117906,0.2551379567803243,-1.0129980429476857,0.048178811524104,0.0725318604084557,4,58.657945131240176,ok,0.9444361710470368,False,0.8768223383048531,False,0.8820707469201609,False,1.0,0.8834876802262707,False,1.0
DELTA_OC_MINUS_OA,Reactividad OC−OA,ZONE_BAND,BAI_ZB_FRONTAL_BETA_W1,BAI,ZB_FRONTAL_BETA,frontal,beta,6,Fp1 | Fp2 | F3 | F4 | F7 | F8,EEG4 | EEG8 | EEG12 | EEG16 | EEG44 | EEG48,W1,25,8,17,1.0647398055169004,5.192934095347053,1.262613989825932,4.44404136107279,0.2841139150696692,21.0,0.7791056014266171,0.9260881498690064,0.526633392494837,0.5248138452645127,0.0018195472303242,0.0038438436541057,-1.9674994819482745,4.430700426895597,-11.181645431561195,7.246646467664649,0.6615408890728115,-0.7048854921223424,0.3440891541924544,-1.4204580610016078,0.010687076756923,0.0532104621873364,4,40.28861767741711,ok,0.9444361710470368,False,0.8768223383048531,False,0.8820707469201609,False,1.0,0.8845743360527933,False,1.0
DELTA_OC_MINUS_OA,Reactividad OC−OA,ZONE,MSPSS_Z_FRONTAL_W4,MSPSS,Z_FRONTAL,frontal,all_bands,24,Fp1 | Fp2 | F3 | F4 | F7 | F8,EEG1 | EEG2 | EEG3 | EEG4 | EEG5 | EEG6 | EEG7 | EEG8 | EEG9 | EEG10 | EEG11 | EEG12 | EEG13 | EEG14 | EEG15 | EEG16 | EEG41 | EEG42 | EEG43 | EEG44 | EEG45 | EEG46 | EEG47 | EEG48,W4,25,17,8,1.150062019401767,5.0902557666269415,-1.517535817446262,5.373060205858057,-0.282434173321145,21.0,0.7803755745736533,0.8404363513725042,0.0670207016271435,0.0634767547824376,0.0035439468447059,0.0037985267742667,1.6281014223627326,5.353438328460626,-9.504983042399791,12.761185887125258,0.7640275784547755,0.1105656049164707,0.4587744970507013,-0.8435081907581458,1.064639400591087,0.8118909265964264,4,38.67902771874092,ok,0.9644656722218322,False,0.8993009673953767,False,0.8820707469201609,False,1.0,0.8851328734543986,False,1.0
DELTA_OC_MINUS_OA,Reactividad OC−OA,ZONE_BAND,BAI_ZB_CENTRAL_BETA_W5,BAI,ZB_CENTRAL_BETA,central,beta,2,C3 | C4,EEG20 | EEG24,W5,25,11,14,1.1648483866429604,5.25619916842377,1.3264158502015264,4.713414584763654,0.2814129388255451,21.0,0.7811479892377009,0.9101819789838486,0.2627637431271583,0.2599835464888841,0.0027801966382742,0.0037711067684965,-1.94955665182959,4.694028706336643,-11.711323737076432,7.812210433417251,0.6821154824310544,-0.6231408016280637,0.4270498237328786,-1.5112395274514732,0.2649579241953457,0.1593138632233296,4,34.220080567288164,ok,0.9444361710470368,False,0.8768223383048531,False,0.8820707469201609,False,1.0,0.8854346491637323,False,1.0
DELTA_OC_MINUS_OA,Reactividad OC−OA,ZONE_BAND,BAI_ZB_TEMPORAL_BETA_W1,BAI,ZB_TEMPORAL_BETA,temporal,beta,2,T7 | T8,EEG52 | EEG56,W1,25,8,17,1.0831878700577655,4.9809001533439465,1.1034306855452645,3.9291269271463296,0.2808335556486262,21.0,0.7815863110166216,0.9498962632299822,0.5186640203949213,0.5168563176033818,0.0018077027915395,0.0037555945703927,-1.8067640337459712,3.912349322543813,-9.942939850319044,6.329411782827101,0.6489655197765433,-0.7033333482007067,0.362713644652838,-1.4576376652923846,0.0509709688909711,0.066045179519171,4,34.91052160223961,ok,0.9444361710470368,False,0.8768223383048531,False,0.8820707469201609,False,1.0,0.8854346491637323,False,1.0
DELTA_OC_MINUS_OA,Reactividad OC−OA,ZONE_BAND,BAI_ZB_OCCIPITAL_BETA_W5,BAI,ZB_OCCIPITAL_BETA,occipital,beta,2,O1 | O2,EEG36 | EEG40,W5,25,11,14,1.1281152502932732,5.129693929000322,1.4379651144712338,5.146569701406159,0.2794026308588319,21.0,0.782669169744716,0.8805665167281227,0.2590186818230574,0.2562641426937754,0.002754539129282,0.0037174204824206,-2.0609738877287804,5.127890183477509,-12.725005307531768,8.603057532074208,0.6918080943670224,-0.6230087732575467,0.4380889836858968,-1.5340646889534162,0.2880471424383228,0.1696792844411379,4,35.056573805583334,ok,0.9444361710470368,False,0.8768223383048531,False,0.8820707469201609,False,1.0,0.8854346491637323,False,1.0
DELTA_OC_MINUS_OA,Reactividad OC−OA,ZONE,BAI_Z_TEMPORAL_W3,BAI,Z_TEMPORAL,temporal,all_bands,8,T7 | T8,EEG49 | EEG50 | EEG51 | EEG52 | EEG53 | EEG54 | EEG55 | EEG56,W3,25,6,19,1.1910807030524235,5.008113868867217,-1.1411894277329273,4.092709919210663,-0.2788346719556957,21.0,0.7830991005973613,0.9662244420299674,0.0405684072434244,0.0370162819888157,0.0035521252546086,0.0037023225849827,-0.4240913054469894,0.5415939160484509,-1.5503975114816284,0.7022149005876495,0.4423436498282604,-1.5652807331799168,4.056716715880548,-10.001684979663308,6.871123513303475,0.7034895480862063,4,17.111188859066576,ok,0.9644656722218322,False,0.8993009673953767,False,0.8820707469201609,False,1.0,0.8854346491637323,False,1.0
DELTA_OC_MINUS_OA,Reactividad OC−OA,ZONE_BAND,BAI_ZB_CENTRAL_ALPHA_W2,BAI,ZB_CENTRAL_ALPHA,central,alpha,2,C3 | C4,EEG19 | EEG23,W2,25,18,7,0.5205211077237656,2.131580235005688,-6.123272455754085,21.98058500810632,-0.2785764097495974,21.0,0.7832946222190021,0.885136128675729,0.0713080312262909,0.0678760803014616,0.0034319509248292,0.0036954674318558,-1.2257832731212936,1.1650916644723983,-3.648724028934909,1.197157482692322,0.3047138030334262,-7.349055728875379,21.94968516202374,-52.99592487923367,38.297813421482914,0.7410867994312516,4,19.84941198397792,ok,0.9444361710470368,False,0.8768223383048531,False,0.8820707469201609,False,1.0,0.8854346491637323,False,1.0
DELTA_OC_MINUS_OA,Reactividad OC−OA,ZONE,BAI_Z_PARIETAL_W3,BAI,Z_PARIETAL,parietal,all_bands,16,P3 | P4 | P7 | P8,EEG25 | EEG26 | EEG27 | EEG28 | EEG29 | EEG30 | EEG31 | EEG32 | EEG57 | EEG58 | EEG59 | EEG60 | EEG61 | EEG62 | EEG63 | EEG64,W3,25,6,19,1.2086220272190764,5.179683058723033,-1.0743091649942085,3.895098751089351,-0.2758105079348127,21.0,0.7853895115252956,0.9638897684024968,0.0387959256117065,0.035314012540093,0.0034819130716134,0.0036224493470123,-0.3969401502190821,0.5227339856130356,-1.4840249838096309,0.6901446833714664,0.4560808125122817,-1.4712493152132906,3.8598631401933066,-9.498274140313349,6.555775509886766,0.7069089585436422,4,17.508661328012224,ok,0.9644656722218322,False,0.8993009673953767,False,0.8820707469201609,False,1.0,0.8860290905503719,False,1.0
DELTA_OC_MINUS_OA,Reactividad OC−OA,ZONE_BAND,BAI_ZB_CENTRAL_THETA_W1,BAI,ZB_CENTRAL_THETA,central,theta,2,C3 | C4,EEG18 | EEG22,W1,25,8,17,1.3409712788852872,6.118784127857375,0.7692839096024908,2.8011689129420225,0.2746296041085663,21.0,0.7862844353138255,0.931549359961551,0.522779929906553,0.5210659958552282,0.0017139340513248,0.0035914961644198,-1.356905478328299,2.7855271110553645,-7.149726223343332,4.435915266686734,0.6312143543824174,-0.5876215687258082,0.2956112183397996,-1.2023787510420725,0.027135613590456,0.0600262351730794,4,39.97470784509269,ok,0.9444361710470368,False,0.8774800441480858,False,0.8820707469201609,False,1.0,0.8860290905503719,False,1.0
DELTA_OC_MINUS_OA,Reactividad OC−OA,ZONE_BAND,MSPSS_ZB_FRONTAL_BETA_W4,MSPSS,ZB_FRONTAL_BETA,frontal,beta,6,Fp1 | Fp2 | F3 | F4 | F7 | F8,EEG4 | EEG8 | EEG12 | EEG16 | EEG44 | EEG48,W4,25,17,8,1.0647398055169004,5.192934095347053,1.4857855854693458,5.423760943884163,0.2739400944919445,21.0,0.7868071062527835,0.9087922757227958,0.065491738708307,0.0621522878827325,0.0033394508255745,0.0035734845414407,-1.385305122025591,5.405219053550739,-12.62607349957555,9.85546325552437,0.8002206639158519,0.1004804634437548,0.448095703544735,-0.831385565410866,1.0323464922983756,0.8247387762336902,4,39.48367807110754,ok,0.9444361710470368,False,0.8774800441480858,False,0.8820707469201609,False,1.0,0.8860290905503719,False,1.0
DELTA_OC_MINUS_OA,Reactividad OC−OA,ZONE_BAND,BAI_ZB_PARIETAL_BETA_W1,BAI,ZB_PARIETAL_BETA,parietal,beta,4,P3 | P4 | P7 | P8,EEG28 | EEG32 | EEG60 | EEG64,W1,25,8,17,1.1117021144314434,5.207201183666695,1.0666720649676016,3.94858528673889,0.2701403129242167,21.0,0.7896893081365848,0.9378564005726612,0.5180476592853474,0.5163728568013731,0.0016748024839742,0.0034750375555615,-1.7387911547102202,3.933284995509237,-9.918505086630878,6.440922777210437,0.6629569807424647,-0.6721190897426186,0.3472677796063691,-1.3943019720398642,0.0500637925546271,0.0665152324012863,4,38.02307641795161,ok,0.9444361710470368,False,0.8790604543264394,False,0.8839805688096098,False,1.0,0.8877770327261817,False,1.0
DELTA_OC_MINUS_OA,Reactividad OC−OA,ZONE_BAND,BAI_ZB_OCCIPITAL_THETA_W2,BAI,ZB_OCCIPITAL_THETA,occipital,theta,2,O1 | O2,EEG34 | EEG38,W2,25,18,7,1.3706647065182616,6.008191973921184,-2.178395514173328,8.157336329977348,-0.2670474069051137,21.0,0.7920376156150664,0.8253146844463574,0.0546824238850282,0.0514722011329216,0.0032102227521065,0.0033959198826068,-0.3557243338683354,0.4159263627468293,-1.2206905562238686,0.5092418884871979,0.4020611189549901,-2.534119848041663,8.14672580004633,-19.47616361101819,14.407923914934866,0.7588217527273938,4,23.17093674987296,ok,0.9444361710470368,False,0.8800417951278515,False,0.8852879459184795,False,1.0,0.8900269717476712,False,1.0
DELTA_OC_MINUS_OA,Reactividad OC−OA,ZONE_BAND,BAI_ZB_TEMPORAL_THETA_W1,BAI,ZB_TEMPORAL_THETA,temporal,theta,2,T7 | T8,EEG50 | EEG54,W1,25,8,17,1.3332193150444869,5.9651941571679385,0.6116490390335487,2.317777068831046,0.2638946804931629,21.0,0.7944334270445043,0.9608746575241504,0.5249338854934728,0.5233584666659814,0.0015754188274913,0.0033162096377423,-1.220427801770558,2.2978071193496628,-5.998979299683944,3.5581236961428284,0.6009037670042185,-0.6087787627370091,0.3036000379859099,-1.2401496049923568,0.0225920795183386,0.0580004264549685,4,33.8417322592198,ok,0.9444361710470368,False,0.8810721926556425,False,0.8855703185577277,False,1.0,0.8907305687766954,False,1.0
DELTA_OC_MINUS_OA,Reactividad OC−OA,ZONE,BAI_Z_PARIETAL_W1,BAI,Z_PARIETAL,parietal,all_bands,16,P3 | P4 | P7 | P8,EEG25 | EEG26 | EEG27 | EEG28 | EEG29 | EEG30 | EEG31 | EEG32 | EEG57 | EEG58 | EEG59 | EEG60 | EEG61 | EEG62 | EEG63 | EEG64,W1,25,8,17,1.2086220272190764,5.179683058723033,0.8444126735649398,3.2032953543830645,0.2636074979503626,21.0,0.7946517658524677,0.9539212979952748,0.5194906617200434,0.5179006583109138,0.0015900034091296,0.0033089958559832,-1.5254084364381966,3.1841222316021742,-8.147153112583274,5.09633623970688,0.6368416284870225,-0.6809957628732568,0.3499524848160076,-1.4087617952934792,0.0467702695469656,0.0651643653765907,4,33.02326715322234,ok,0.9644656722218322,False,0.8999244592400659,False,0.8855703185577277,False,1.0,0.8907305687766954,False,1.0
DELTA_OC_MINUS_OA,Reactividad OC−OA,ZONE,BAI_Z_OCCIPITAL_W1,BAI,Z_OCCIPITAL,occipital,all_bands,8,O1 | O2,EEG33 | EEG34 | EEG35 | EEG36 | EEG37 | EEG38 | EEG39 | EEG40,W1,25,8,17,1.2062277146964149,5.153889862798359,0.8997523505443685,3.470003566340824,0.2592943590237206,21.0,0.7979330205261919,0.9500123666235544,0.5198246948637887,0.518287366415811,0.0015373284479777,0.0032015983153103,-1.5874773653514271,3.452127440419854,-8.766569384212882,5.591614653510028,0.6503459310500691,-0.6877250148070586,0.3517682269880145,-1.4192670897866426,0.0438170601725252,0.0640170338586576,4,35.7561207098939,ok,0.9644656722218322,False,0.8999244592400659,False,0.8879076637902729,False,1.0,0.8938384029974714,False,1.0
DELTA_OC_MINUS_OA,Reactividad OC−OA,ZONE_BAND,BAI_ZB_CENTRAL_ALPHA_W1,BAI,ZB_CENTRAL_ALPHA,central,alpha,2,C3 | C4,EEG19 | EEG23,W1,25,8,17,0.5205211077237656,2.131580235005688,-1.1245023108520118,4.5032614012355126,-0.249708424774874,21.0,0.805239240818963,0.7502432018171064,0.5043329393641198,0.5028611788254516,0.0014717605386682,0.0029692522573119,-0.4355521396654143,4.419113344806082,-9.625601432944986,8.754497153614157,0.9224215987937916,-1.560054450517426,0.8664874457338781,-3.362013738948323,0.2419048379134707,0.0861740120225793,4,11.085285836382557,ok,0.9444361710470368,False,0.8907845651459826,False,0.8937363549421217,False,1.0,0.8999534420203563,False,1.0
DELTA_OC_MINUS_OA,Reactividad OC−OA,ZONE_BAND,BAI_ZB_FRONTAL_THETA_W1,BAI,ZB_FRONTAL_THETA,frontal,theta,6,Fp1 | Fp2 | F3 | F4 | F7 | F8,EEG2 | EEG6 | EEG10 | EEG14 | EEG42 | EEG46,W1,25,8,17,1.2536853114876576,6.036632114049067,0.5764530393499161,2.3475211975284385,0.2455581828001503,21.0,0.8084081896764103,0.9403919133761042,0.5247089751942476,0.5233442376469021,0.0013647375473455,0.0028713724352428,-1.1791253365134549,2.32826718466075,-6.021022007959088,3.6627713349321778,0.6178243981473076,-0.6026722971635388,0.3000461459130101,-1.226652416261416,0.0213078219343385,0.0576114788660218,4,34.92706908805687,ok,0.9444361710470368,False,0.8907845651459826,False,0.8937363549421217,False,1.0,0.9020356019291416,False,1.0
DELTA_OC_MINUS_OA,Reactividad OC−OA,ZONE_BAND,MSPSS_ZB_PARIETAL_BETA_W4,MSPSS,ZB_PARIETAL_BETA,parietal,beta,4,P3 | P4 | P7 | P8,EEG28 | EEG32 | EEG60 | EEG64,W4,25,17,8,1.1117021144314434,5.207201183666695,1.580278389260892,6.441525934456696,0.2453267137849657,21.0,0.8085850294758276,0.9434071933815796,0.0649971509051715,0.0623174685148101,0.0026796823903614,0.0028659617379301,-1.479050780227211,6.426159738426208,-14.84298154068996,11.884879980235535,0.8201939640383322,0.101227609033681,0.444665470334929,-0.8235048593471825,1.0259600774145443,0.8221209868631547,4,45.59682772594008,ok,0.9444361710470368,False,0.8907845651459826,False,0.8937363549421217,False,1.0,0.9020356019291416,False,1.0
DELTA_OC_MINUS_OA,Reactividad OC−OA,ZONE,BAI_Z_TEMPORAL_W1,BAI,Z_TEMPORAL,temporal,all_bands,8,T7 | T8,EEG49 | EEG50 | EEG51 | EEG52 | EEG53 | EEG54 | EEG55 | EEG56,W1,25,8,17,1.1910807030524235,5.008113868867217,0.8085001847677091,3.2988937108256824,0.2450822171428339,21.0,0.8087718336323797,0.9614499994037684,0.5202237105398315,0.5188514294218567,0.0013722811179748,0.0028602520552211,-1.516768005712692,3.2790367516752004,-8.335898231867317,5.302362220441934,0.6484332389062984,-0.7082678209449829,0.3614107033398198,-1.4598625232432405,0.0433268813532745,0.0634330688525572,4,31.681296515472237,ok,0.9644656722218322,False,0.9053416048123654,False,0.8937363549421217,False,1.0,0.9020356019291416,False,1.0
DELTA_OC_MINUS_OA,Reactividad OC−OA,ZONE_BAND,MSPSS_ZB_OCCIPITAL_BETA_W2,MSPSS,ZB_OCCIPITAL_BETA,occipital,beta,2,O1 | O2,EEG36 | EEG40,W2,25,18,7,1.1281152502932732,5.129693929000322,-2.5911555125683625,10.59281777369585,-0.2446143762618796,21.0,0.8091293133409342,0.8948084357834218,0.0279435402364913,0.0251738184267183,0.0027697218097729,0.002849342527333,-0.0356686709403885,0.4394896071178558,-0.94963734251661,0.8783000006358329,0.93608379839058,-2.626824183508751,10.583696767763245,-24.636826510148783,19.38317814313128,0.8063941763548924,4,31.81067583684195,ok,0.9444361710470368,False,0.8907845651459826,False,0.8937363549421217,False,1.0,0.9020356019291416,False,1.0
DELTA_OC_MINUS_OA,Reactividad OC−OA,ZONE_BAND,BAI_ZB_PARIETAL_BETA_W2,BAI,ZB_PARIETAL_BETA,parietal,beta,4,P3 | P4 | P7 | P8,EEG28 | EEG32 | EEG60 | EEG64,W2,25,18,7,1.1117021144314434,5.207201183666695,-4.776271420902214,20.24866292597914,-0.2358808301744325,21.0,0.815810425812204,0.8826134725723094,0.0631426187542993,0.0606604032538757,0.0024822155004236,0.0026495126687512,-0.469194908090903,0.4793205726574469,-1.4659966070521293,0.5276067908703233,0.3387848376597869,-5.245466328993117,20.24298896108353,-47.34306643113201,36.85213377314577,0.7980618721358317,4,57.00578280710232,ok,0.9444361710470368,False,0.8964949734200044,False,0.8997909108222838,False,1.0,0.9064560286802266,False,1.0
DELTA_OC_MINUS_OA,Reactividad OC−OA,ZONE,BAI_Z_CENTRAL_W5,BAI,Z_CENTRAL,central,all_bands,8,C3 | C4,EEG17 | EEG18 | EEG19 | EEG20 | EEG21 | EEG22 | EEG23 | EEG24,W5,25,11,14,1.2152772276513937,5.147940763373567,-0.9115661792604726,3.953356042449679,-0.2305803397094547,21.0,0.8198723224387139,0.9439504675992448,0.2520485367423944,0.2501548912832485,0.0018936454591459,0.0025317758600249,0.295726135212831,3.928834662959361,-7.874732823523461,8.466185093949123,0.9407117852348392,-0.6158400440476416,0.4396387033717486,-1.5301187782576555,0.2984386901623724,0.1758818988029366,4,28.102360472686435,ok,0.9644656722218322,False,0.9059072069274702,False,0.9023778862382716,False,1.0,0.9094553805198862,False,1.0
DELTA_OC_MINUS_OA,Reactividad OC−OA,ZONE_BAND,MSPSS_ZB_TEMPORAL_THETA_W2,MSPSS,ZB_TEMPORAL_THETA,temporal,theta,2,T7 | T8,EEG50 | EEG54,W2,25,18,7,1.3332193150444869,5.9651941571679385,-1.669635843806351,7.26937948589398,-0.2296806552809948,21.0,0.8205622912193349,0.9359345473891184,0.0272575664170171,0.0248139816806056,0.0024435847364114,0.0025120573052527,-0.0045558441993796,0.3772878909087361,-0.7891689655812936,0.7800572771825344,0.990479565310832,-1.6741916880057306,7.259582078695018,-16.771319085796836,13.422935709785374,0.8198432973560735,4,24.30982696702249,ok,0.9444361710470368,False,0.9000683267488134,False,0.9023778862382716,False,1.0,0.9094650550251656,False,1.0
DELTA_OC_MINUS_OA,Reactividad OC−OA,ZONE_BAND,BAI_ZB_CENTRAL_THETA_W3,BAI,ZB_CENTRAL_THETA,central,theta,2,C3 | C4,EEG18 | EEG22,W3,25,6,19,1.3409712788852872,6.118784127857375,-0.7002392233200161,3.094025683400879,-0.2263197836646042,21.0,0.8231410601856928,0.9502426475417732,0.0369940605010162,0.0346452136030509,0.0023488468979653,0.0024390783084757,-0.3356773517683161,0.4458742176391776,-1.2629235477778724,0.5915688442412401,0.4598958352356334,-1.035916575088332,3.0617300847052022,-7.403132848060522,5.331299697883858,0.7384636577876891,4,20.51113101791388,ok,0.9444361710470368,False,0.9012014364044024,False,0.9028459645730236,False,1.0,0.9114791867747576,False,1.0
DELTA_OC_MINUS_OA,Reactividad OC−OA,ZONE,BAI_Z_CENTRAL_W1,BAI,Z_CENTRAL,central,all_bands,8,C3 | C4,EEG17 | EEG18 | EEG19 | EEG20 | EEG21 | EEG22 | EEG23 | EEG24,W1,25,8,17,1.2152772276513937,5.147940763373567,0.8148344317414771,3.6140588687054014,0.2254624125791731,21.0,0.8237992433613669,0.9544060969231049,0.5171635607077454,0.5159947907400642,0.0011687699676812,0.002420633308858,-1.4949370014549763,3.59682947952686,-8.974953384203689,5.985079381293735,0.6818997755581193,-0.6801025697134995,0.3524758171487763,-1.4131161589877967,0.0529110195607978,0.0672900614439045,4,35.82309533246292,ok,0.9644656722218322,False,0.9059072069274702,False,0.9028459645730236,False,1.0,0.9114791867747576,False,1.0
OA,Ojos abiertos,ZONE_BAND,MSPSS_ZB_OCCIPITAL_DELTA_W1,MSPSS,ZB_OCCIPITAL_DELTA,occipital,delta,2,O1 | O2,EEG33 | EEG37,W1,25,8,17,19.59061393265616,13.595827501977174,-0.1129740129608481,0.5034033863955336,-0.2244204469297756,21.0,0.8245993143100282,0.8938925331096081,0.1316218516234329,0.1295392105099078,0.0020826411135251,0.0023983112857211,0.1177877744047387,0.472616175257709,-0.8650713669034363,1.1006469157129135,0.8056081749589187,0.0048137614438905,0.1733462440298754,-0.3556794875721812,0.3653070104599623,0.9781080980810392,4,56.80784956130596,ok,0.8411826559954079,False,0.9012014364044024,False,0.9028459645730236,False,1.0,0.9114791867747576,False,1.0
DELTA_OC_MINUS_OA,Reactividad OC−OA,ZONE,BAI_Z_OCCIPITAL_W4,BAI,Z_OCCIPITAL,occipital,all_bands,8,O1 | O2,EEG33 | EEG34 | EEG35 | EEG36 | EEG37 | EEG38 | EEG39 | EEG40,W4,25,17,8,1.2062277146964149,5.153889862798359,-1.3209426353049227,5.983040131301381,-0.2207811758430579,21.0,0.827395248993756,0.8548243151000003,0.090255913760548,0.08814425358065,0.002111660179898,0.002321158457459,1.082563719695132,5.961724259313339,-11.31552058842176,13.480648027812023,0.8576491716685896,-0.2383789156097906,0.5045919823754912,-1.2877353880964473,0.810977556876866,0.6415001872701168,4,39.51114171181633,ok,0.9644656722218322,False,0.9059072069274702,False,0.9032747142474296,False,1.0,0.9124977423086426,False,1.0
DELTA_OC_MINUS_OA,Reactividad OC−OA,ZONE_BAND,BAI_ZB_OCCIPITAL_DELTA_W5,BAI,ZB_OCCIPITAL_DELTA,occipital,delta,2,O1 | O2,EEG33 | EEG37,W5,25,11,14,1.779324914617469,7.294047387420073,-0.6726337575331217,3.0466870823439884,-0.2207754650719254,21.0,0.8273996382506456,0.791267528911827,0.2469425248152382,0.2451946495130702,0.001747875302168,0.0023210383798915,0.2531332786305477,3.030645924065411,-6.049439943523392,6.555706500784488,0.9342255566066544,-0.419500478902574,0.3122298202725441,-1.068817935878192,0.2298169780730438,0.1934287902479433,4,41.42354117038128,ok,0.9444361710470368,False,0.9026177871825224,False,0.9032747142474296,False,1.0,0.9124977423086426,False,1.0
OA,Ojos abiertos,ZONE_BAND,MSPSS_ZB_TEMPORAL_DELTA_W1,MSPSS,ZB_TEMPORAL_DELTA,temporal,delta,2,T7 | T8,EEG49 | EEG53,W1,25,8,17,19.86197313976645,13.695071436076708,-0.1066161652473093,0.4915057126535001,-0.2169174487753537,21.0,0.8303661959257393,0.8994586962145843,0.1313164029850669,0.1293700065426229,0.0019463964424439,0.0022406275991999,0.1083773418925842,0.4605643360344186,-0.8494186277124042,1.0661733114975729,0.8162443746881602,0.0017611766452748,0.1716343728517126,-0.3551720413682993,0.358694394658849,0.9919097395361935,4,55.99703831702247,ok,0.8411826559954079,False,0.9042100137122387,False,0.9051957077678844,False,1.0,0.914258863142979,False,1.0
DELTA_OC_MINUS_OA,Reactividad OC−OA,ZONE_BAND,BAI_ZB_FRONTAL_THETA_W5,BAI,ZB_FRONTAL_THETA,frontal,theta,6,Fp1 | Fp2 | F3 | F4 | F7 | F8,EEG2 | EEG6 | EEG10 | EEG14 | EEG42 | EEG46,W5,25,11,14,1.2536853114876576,6.036632114049067,-0.5175587090655334,2.417174991933644,-0.2141171867128689,21.0,0.8325210395722196,0.9656426442787868,0.2548013798137238,0.253174498748919,0.0016268810648047,0.0021831509355158,-0.0227151610342809,2.387578011793016,-4.987955449726424,4.942525127657862,0.9924989299095276,-0.5402738700998143,0.3771023458319137,-1.3245011293711473,0.2439533891715187,0.1666634387320234,4,26.10479422754768,ok,0.9444361710470368,False,0.9049141734480648,False,0.9062275467041576,False,1.0,0.9153773545591553,False,1.0
DELTA_OC_MINUS_OA,Reactividad OC−OA,ZONE_BAND,MSPSS_ZB_PARIETAL_DELTA_W4,MSPSS,ZB_PARIETAL_DELTA,parietal,delta,4,P3 | P4 | P7 | P8,EEG25 | EEG29 | EEG57 | EEG61,W4,25,17,8,1.8035370953982863,7.27385328551566,0.7123849401535677,3.421392537583709,0.2082149102530852,21.0,0.8370673343634151,0.9004164695211444,0.0640747246151292,0.0621425537315384,0.0019321708835907,0.0020644499453187,-0.6414937382352052,3.406225205886888,-7.725126834657967,6.442139358187557,0.8524261564432238,0.0708912019183625,0.3218023353152298,-0.5983333898688884,0.7401157937056134,0.8277695226237036,4,46.188614102932846,ok,0.9444361710470368,False,0.9061213529573514,False,0.909059066277458,False,1.0,0.9177678511344052,False,1.0
DELTA_OC_MINUS_OA,Reactividad OC−OA,ZONE_BAND,BAI_ZB_TEMPORAL_DELTA_W3,BAI,ZB_TEMPORAL_DELTA,temporal,delta,2,T7 | T8,EEG49 | EEG53,W3,25,6,19,1.8233331292024568,7.0353148202065,0.6385943014870602,3.107367356035429,0.2055097541804063,21.0,0.8391529740541848,0.9691255254849006,0.0350177868090505,0.0330770578193658,0.0019407289896846,0.0020111551934902,-0.3044105410321483,0.3850173751514873,-1.1050980048578922,0.4962769227935955,0.4379918428885722,0.3341837604549119,3.083422369086997,-6.078144087441429,6.746511608351253,0.9147225274125168,4,23.94621509531952,ok,0.9444361710470368,False,0.9061213529573514,False,0.909059066277458,False,1.0,0.9193838492920284,False,1.0
OA,Ojos abiertos,ZONE_BAND,MSPSS_ZB_PARIETAL_DELTA_W1,MSPSS,ZB_PARIETAL_DELTA,parietal,delta,4,P3 | P4 | P7 | P8,EEG25 | EEG29 | EEG57 | EEG61,W1,25,8,17,19.997860311843755,13.767790509603852,-0.1002297864645119,0.4914450426680992,-0.2039491250544627,21.0,0.8403567510986909,0.900314486862321,0.1311046982465047,0.1293836547471606,0.001721043499344,0.0019807259814512,0.1031220712209346,0.460897624159693,-0.8553670089836576,1.0616111514255269,0.8251205050635403,0.0028922847564226,0.1705626278145357,-0.3518121174398202,0.3575966869526655,0.9866307450976676,4,56.37746418266965,ok,0.8411826559954079,False,0.9061213529573514,False,0.909059066277458,False,1.0,0.9198861850565424,False,1.0
OA,Ojos abiertos,ZONE_BAND,MSPSS_ZB_CENTRAL_DELTA_W1,MSPSS,ZB_CENTRAL_DELTA,central,delta,2,C3 | C4,EEG17 | EEG21,W1,25,8,17,19.82149507444428,13.718131930474714,-0.1025131757487489,0.504911143293883,-0.20303211190782,21.0,0.8410642678966137,0.9000716381195198,0.1310800336852401,0.1293743835769027,0.0017056501083373,0.0019629542126547,0.1056090956213526,0.4750476156957913,-0.8823065028844891,1.0935246941271943,0.826218376285095,0.0030959198726036,0.1710702354124753,-0.3526641101120034,0.3588559498572106,0.9857320275471106,4,57.20917330006916,ok,0.8411826559954079,False,0.9061213529573514,False,0.909059066277458,False,1.0,0.9198861850565424,False,1.0
OA,Ojos abiertos,ZONE_BAND,MSPSS_ZB_FRONTAL_DELTA_W1,MSPSS,ZB_FRONTAL_DELTA,frontal,delta,6,Fp1 | Fp2 | F3 | F4 | F7 | F8,EEG1 | EEG5 | EEG9 | EEG13 | EEG41 | EEG45,W1,25,8,17,19.964887563598847,13.704489015715016,-0.101045045375288,0.4980564846260382,-0.2028786864428778,21.0,0.8411826559954079,0.8961227329828046,0.1314327485931139,0.1297303666484059,0.0017023819447079,0.0019599886387041,0.1101653603548311,0.4678450363191695,-0.8627716543616379,1.0831023750713002,0.8161219734335405,0.009120314979543,0.1708253021936793,-0.3461303484922221,0.3643709784513083,0.9579260408399104,4,56.11681028487555,ok,0.8411826559954079,False,0.9061213529573514,False,0.909059066277458,False,1.0,0.9198861850565424,False,1.0
DELTA_OC_MINUS_OA,Reactividad OC−OA,ZONE,BAI_Z_CENTRAL_W3,BAI,Z_CENTRAL,central,all_bands,8,C3 | C4,EEG17 | EEG18 | EEG19 | EEG20 | EEG21 | EEG22 | EEG23 | EEG24,W3,25,6,19,1.2152772276513937,5.147940763373567,-0.8510190789855511,4.313039603562877,-0.1973130685566969,21.0,0.8454798514370055,0.9635474754336693,0.0361788995723421,0.0343920465279468,0.0017868530443952,0.0018539260487267,-0.3998838157613839,0.5261910206311029,-1.4941579472372135,0.6943903157144458,0.4557265688133263,-1.250902894746935,4.280821607087712,-10.153358775655937,7.6515529861620655,0.7729927578230956,4,17.84709421956547,ok,0.9644656722218322,False,0.9158954585128192,False,0.9118643738481806,False,1.0,0.9209637292727552,False,1.0
DELTA_OC_MINUS_OA,Reactividad OC−OA,ZONE_BAND,BAI_ZB_TEMPORAL_ALPHA_W5,BAI,ZB_TEMPORAL_ALPHA,temporal,alpha,2,T7 | T8,EEG51 | EEG55,W5,25,11,14,0.524582497904985,2.1175379213095704,-1.0713030815263909,5.455592824795983,-0.1963678588067014,21.0,0.8462101389311116,0.8916769189366757,0.2621511949049978,0.2607963521516052,0.0013548427533925,0.0018362064748727,-0.5397591630921622,5.349876815881983,-11.665437056987969,10.585918730803645,0.9205933523912064,-1.611062244618553,1.068789560602952,-3.833731811948865,0.6116073227117593,0.146612556933071,4,10.841736796008972,ok,0.9444361710470368,False,0.9099033751947436,False,0.9118643738481806,False,1.0,0.9209637292727552,False,1.0
DELTA_OC_MINUS_OA,Reactividad OC−OA,ZONE_BAND,MSPSS_ZB_OCCIPITAL_BETA_W4,MSPSS,ZB_OCCIPITAL_BETA,occipital,beta,2,O1 | O2,EEG36 | EEG40,W4,25,17,8,1.1281152502932732,5.129693929000322,1.178216507547312,6.0770479193197575,0.1938797460855298,21.0,0.8481331793686708,0.9322173036021966,0.0638991067945187,0.062223514905352,0.0016755918891666,0.0017899693305803,-1.07871439582816,6.060179424099471,-13.681547427719234,11.524118636062916,0.8604285348728695,0.0995021117191519,0.4524784651561392,-0.8414783688606862,1.04048259229899,0.8280690194859799,4,42.463876209746445,ok,0.9444361710470368,False,0.9103397274082334,False,0.9119589450808157,False,1.0,0.9220340345742472,False,1.0
DELTA_OC_MINUS_OA,Reactividad OC−OA,ZONE,BAI_Z_FRONTAL_W1,BAI,Z_FRONTAL,frontal,all_bands,24,Fp1 | Fp2 | F3 | F4 | F7 | F8,EEG1 | EEG2 | EEG3 | EEG4 | EEG5 | EEG6 | EEG7 | EEG8 | EEG9 | EEG10 | EEG11 | EEG12 | EEG13 | EEG14 | EEG15 | EEG16 | EEG41 | EEG42 | EEG43 | EEG44 | EEG45 | EEG46 | EEG47 | EEG48,W1,25,8,17,1.150062019401767,5.0902557666269415,0.6467527979865806,3.3491752411954145,0.1931080792761791,21.0,0.8487297915552123,0.9593609474097176,0.5220449488397698,0.5211962206064552,0.0008487282333146,0.0017757490610347,-1.3545158504847847,3.330353956857979,-8.280366047010247,5.571334346040677,0.6883303072233715,-0.7077630524982041,0.3545663806352147,-1.4451242065421808,0.0295981015457724,0.0590490171078924,4,32.57298309210151,ok,0.9644656722218322,False,0.9158954585128192,False,0.9119589450808157,False,1.0,0.9223070994922332,False,1.0
DELTA_OC_MINUS_OA,Reactividad OC−OA,ZONE_BAND,BAI_ZB_PARIETAL_DELTA_W3,BAI,ZB_PARIETAL_DELTA,parietal,delta,4,P3 | P4 | P7 | P8,EEG25 | EEG29 | EEG57 | EEG61,W3,25,6,19,1.8035370953982863,7.27385328551566,0.5683386031679385,2.9682099971999807,0.1914752001051383,21.0,0.8499925539423331,0.965419850929465,0.0326052033498407,0.0309162816468573,0.0016889217029834,0.0017458453454904,-0.2818419144904317,0.3721891860420583,-1.055851698641422,0.4921678696605587,0.4573106573279786,0.2864966886775068,2.9447828098641278,-5.837514412432011,6.410507789787024,0.9234190052746588,4,24.573526932415916,ok,0.9444361710470368,False,0.9107063077953568,False,0.9120091780497136,False,1.0,0.9233035472034292,False,1.0
DELTA_OC_MINUS_OA,Reactividad OC−OA,ZONE_BAND,MSPSS_ZB_PARIETAL_THETA_W2,MSPSS,ZB_PARIETAL_THETA,parietal,theta,4,P3 | P4 | P7 | P8,EEG26 | EEG30 | EEG58 | EEG62,W2,25,18,7,1.351563804064023,6.124929596407467,-1.000871741030107,5.591179783710232,-0.1790090427687771,21.0,0.8596464324926562,0.9759543168811096,0.026287128844791,0.0248013247307,0.0014858041140909,0.0015259160663329,-0.0020645200941871,0.3680159506298907,-0.767395586104726,0.7632665459163518,0.9955769492420148,-1.002936261124294,5.579055084317771,-12.60521645496988,10.599343932721291,0.8590579350867099,4,20.666088656300783,ok,0.949885560765366,False,0.9194079491900066,False,0.9210497490992744,False,1.0,0.93076073591054,False,1.0
DELTA_OC_MINUS_OA,Reactividad OC−OA,ZONE_BAND,MSPSS_ZB_TEMPORAL_BETA_W2,MSPSS,ZB_TEMPORAL_BETA,temporal,beta,2,T7 | T8,EEG52 | EEG56,W2,25,18,7,1.0831878700577655,4.9809001533439465,-2.735303532981584,16.126633970192632,-0.1696140396090921,21.0,0.8669369784406376,0.927447979744875,0.0264852734582816,0.0251516082366248,0.0013336652216567,0.0013699486872627,-0.0380139927466228,0.4533394043872815,-0.9807848944710136,0.904756908977768,0.933967310314685,-2.7733175257282072,16.120260748294392,-36.29723495850141,30.750599907045,0.8650538202890552,4,47.98898453522551,ok,0.9526779982864148,False,0.925555492997122,False,0.9275359969051044,False,1.0,0.9352411040147484,False,1.0
OC,Ojos cerrados,ZONE_BAND,BAI_ZB_FRONTAL_BETA_W5,BAI,ZB_FRONTAL_BETA,frontal,beta,6,Fp1 | Fp2 | F3 | F4 | F7 | F8,EEG4 | EEG8 | EEG12 | EEG16 | EEG44 | EEG48,W5,25,11,14,10.091187641957935,10.063610595271342,-0.0734829858850593,0.4707773023159339,-0.1560886336778948,21.0,0.8774539208542969,0.8803820803487103,0.1829267101927235,0.1819787627115149,0.0009479474812086,0.0011601743601632,0.0392711441908776,0.3659364405189335,-0.7217353438026635,0.8002776321844187,0.915556298640684,-0.0342118416941816,0.296178645206236,-0.6501490527777575,0.5817253693893941,0.909137660680853,4,27.99835739497792,ok,0.9695623434854108,False,0.9351196314610624,False,0.9374507701434794,False,1.0,0.9420192877687869,False,1.0
DELTA_OC_MINUS_OA,Reactividad OC−OA,ZONE,BAI_Z_FRONTAL_W5,BAI,Z_FRONTAL,frontal,all_bands,24,Fp1 | Fp2 | F3 | F4 | F7 | F8,EEG1 | EEG2 | EEG3 | EEG4 | EEG5 | EEG6 | EEG7 | EEG8 | EEG9 | EEG10 | EEG11 | EEG12 | EEG13 | EEG14 | EEG15 | EEG16 | EEG41 | EEG42 | EEG43 | EEG44 | EEG45 | EEG46 | EEG47 | EEG48,W5,25,11,14,1.150062019401767,5.0902557666269415,0.5402433302741273,3.6119686571179614,0.1495703262013338,21.0,0.8825307840024444,0.9702727379620728,0.259244518381461,0.2584553921848953,0.0007891261965656,0.0010652991657131,-1.180124647499829,3.5846497321373554,-8.634811858952041,6.274562563952383,0.7452531726466816,-0.6398813172257017,0.443400358468657,-1.5619828414543369,0.2822202070029335,0.163737711016506,4,26.168551097417623,ok,0.9675120660314258,False,0.9455686971454762,False,0.9402772589318886,False,1.0,0.9456502718400708,False,1.0
OC,Ojos cerrados,ZONE_BAND,BAI_ZB_CENTRAL_BETA_W5,BAI,ZB_CENTRAL_BETA,central,beta,2,C3 | C4,EEG20 | EEG24,W5,25,11,14,10.05936711409323,10.03028756571393,-0.0704524823237322,0.4713403722650808,-0.1494726241784991,21.0,0.8826069203840661,0.8864012966312828,0.1828450439856742,0.1819756663927271,0.0008693775929471,0.0010639078751813,0.0469198358194047,0.3648169573485111,-0.7117585594739864,0.8055982311127958,0.8988884532505523,-0.0235326465043275,0.2984465348399265,-0.6441861922684405,0.5971208992597855,0.9378981047304632,4,27.841375522155403,ok,0.9698977147077648,False,0.9389435323234746,False,0.9402772589318886,False,1.0,0.9456502718400708,False,1.0
OC,Ojos cerrados,ZONE_BAND,BAI_ZB_OCCIPITAL_BETA_W5,BAI,ZB_OCCIPITAL_BETA,occipital,beta,2,O1 | O2,EEG36 | EEG40,W5,25,11,14,9.984863309407029,9.960463246486944,-0.0663542558633528,0.4752880606353661,-0.1396085055758613,21.0,0.8902996066718972,0.8940471420918886,0.182729213090023,0.1819706871501613,0.0007585259398616,0.0009281207061488,0.0439042031789439,0.3688086884894562,-0.7230754514595873,0.8108838578174752,0.9063724897661416,-0.0224500526844088,0.2997980851793667,-0.645914301246268,0.6010141958774504,0.9410158495909732,4,27.68572194488619,ok,0.9705649259365424,False,0.9448886051445706,False,0.9469323407551914,False,1.0,0.948942095734118,False,1.0
DELTA_OC_MINUS_OA,Reactividad OC−OA,ZONE_BAND,MSPSS_ZB_OCCIPITAL_THETA_W2,MSPSS,ZB_OCCIPITAL_THETA,occipital,theta,2,O1 | O2,EEG34 | EEG38,W2,25,18,7,1.3706647065182616,6.008191973921184,-1.0153671745481512,7.345723484216604,-0.1382256188556268,21.0,0.8913789767642202,0.9700177602524724,0.0256832280668019,0.024796770462512,0.0008864576042898,0.0009098248432396,-0.0027219825355101,0.3745438372212687,-0.7816285318782911,0.7761845668072708,0.9942700542306158,-1.0180891570836614,7.336168647227985,-16.27448704311611,14.238308728948788,0.8909488337661602,4,23.17093674987296,ok,0.9732971976428708,False,0.9448886051445706,False,0.9469323407551914,False,1.0,0.949334610275416,False,1.0
OC,Ojos cerrados,ZONE_BAND,BAI_ZB_PARIETAL_BETA_W5,BAI,ZB_PARIETAL_BETA,parietal,beta,4,P3 | P4 | P7 | P8,EEG28 | EEG32 | EEG60 | EEG64,W5,25,11,14,10.194801346574195,10.08027651159297,-0.0639710813955133,0.469505338682549,-0.1362520851733418,21.0,0.8929197318616192,0.896017948749628,0.1827104792405278,0.1819879707576993,0.0007225084828285,0.0008840300340044,0.0446962209711342,0.3641145270920368,-0.7125213906359372,0.8019138325782057,0.9034697428127636,-0.0192748604243791,0.2964049159713064,-0.6356826273236524,0.5971329064748943,0.9487661338986558,4,28.0099559736704,ok,0.9705649259365424,False,0.9448886051445706,False,0.9472274383256216,False,1.0,0.9505963652593792,False,1.0
DELTA_OC_MINUS_OA,Reactividad OC−OA,ZONE_BAND,BAI_ZB_TEMPORAL_THETA_W4,BAI,ZB_TEMPORAL_THETA,temporal,theta,2,T7 | T8,EEG50 | EEG54,W4,25,17,8,1.3332193150444869,5.9651941571679385,-0.5916684828216195,4.447514309375899,-0.1330335197740254,21.0,0.8954334218314411,0.9250057748863664,0.0900096713050594,0.0892427697023451,0.0007669016027143,0.0008427579706414,0.3764509590047192,4.426048255234839,-8.828020270014443,9.580922188023882,0.933024513222859,-0.2152175238169003,0.4364405737738114,-1.1228453834378107,0.6924103358040101,0.6270449928112556,4,38.22661503366249,ok,0.9732971976428708,False,0.9458803751740577,False,0.9485523536350012,False,1.0,0.9516358814925916,False,1.0
OC,Ojos cerrados,ZONE_BAND,BAI_ZB_TEMPORAL_BETA_W5,BAI,ZB_TEMPORAL_BETA,temporal,beta,2,T7 | T8,EEG52 | EEG56,W5,25,11,14,10.185824845706325,10.10937608703711,-0.0607215686974672,0.4677771999773933,-0.12980873950334,21.0,0.8979530957047412,0.9008960632118532,0.1826182830402599,0.1819624194983411,0.0006558635419188,0.0008023956595925,0.0383929052597677,0.3621530229354243,-0.7147455351467216,0.7915313456662572,0.9165782529699302,-0.0223286634376994,0.2960754917203113,-0.6380513551038144,0.5933940282284155,0.940598004475656,4,28.064786719744166,ok,0.9707601034645852,False,0.9468749691086902,False,0.949879861464818,False,1.0,0.9523680468359254,False,1.0
DELTA_OC_MINUS_OA,Reactividad OC−OA,ZONE_BAND,MSPSS_ZB_OCCIPITAL_ALPHA_W2,MSPSS,ZB_OCCIPITAL_ALPHA,occipital,alpha,2,O1 | O2,EEG35 | EEG39,W2,25,18,7,0.5468059873566545,2.249692105295761,-1.9219427226819623,16.080210776472487,-0.1195222344656093,21.0,0.905997678485553,0.9527359705274504,0.0278286542569775,0.0271673201381476,0.0006613341188299,0.0006802649776974,0.2337592474832837,1.0000918405805206,-1.8460455901871544,2.313564085153722,0.8174520650900515,-1.6881834751986788,16.049080812500954,-35.06407412802901,31.68770717763166,0.917224259763804,4,16.516995208439457,ok,0.9751349335107468,False,0.953681766826898,False,0.9570398012171336,False,1.0,0.9567061280211232,False,1.0
DELTA_OC_MINUS_OA,Reactividad OC−OA,ZONE_BAND,BAI_ZB_TEMPORAL_THETA_W5,BAI,ZB_TEMPORAL_THETA,temporal,theta,2,T7 | T8,EEG50 | EEG54,W5,25,11,14,1.3332193150444869,5.9651941571679385,-0.2791835404832087,2.5558810758072283,-0.10923181955758,21.0,0.9140556858062826,0.98276285455632,0.2536852754175532,0.2532612410553587,0.0004240343621945,0.0005681709716122,-0.2611360299664216,2.527272321385648,-5.516886538917077,4.994614478984233,0.918683677586895,-0.5403195704496304,0.381343266923011,-1.333366307936407,0.2527271670371462,0.1711816761819991,4,26.33934423872792,ok,0.9751349335107468,False,0.959818678010578,False,0.9641937280856612,False,1.0,0.9627332075356112,False,1.0
DELTA_OC_MINUS_OA,Reactividad OC−OA,ZONE_BAND,BAI_ZB_FRONTAL_THETA_W3,BAI,ZB_FRONTAL_THETA,frontal,theta,6,Fp1 | Fp2 | F3 | F4 | F7 | F8,EEG2 | EEG6 | EEG10 | EEG14 | EEG42 | EEG46,W3,25,6,19,1.2536853114876576,6.036632114049067,-0.291084808256812,2.715599404625956,-0.1071898925006966,21.0,0.915655792492096,0.9806984205748516,0.0355293224397269,0.035001634213268,0.0005276882264588,0.0005471272883004,-0.3458180756025734,0.4495395791472936,-1.2806868081503398,0.589050656945193,0.4502984683713754,-0.6369028838593855,2.6781326130692102,-6.206384544014833,4.932578776296062,0.814328744856654,4,19.55342432950517,ok,0.9751349335107468,False,0.959818678010578,False,0.9641937280856612,False,1.0,0.963161612013094,False,1.0
DELTA_OC_MINUS_OA,Reactividad OC−OA,ZONE_BAND,BAI_ZB_PARIETAL_ALPHA_W5,BAI,ZB_PARIETAL_ALPHA,parietal,alpha,4,P3 | P4 | P7 | P8,EEG27 | EEG31 | EEG59 | EEG63,W5,25,11,14,0.5676850949825529,2.179428933916049,-0.5342239885050685,5.042182056419264,-0.1059509518949125,21.0,0.916626837500102,0.9550105595181058,0.2676351252654124,0.267243637731165,0.0003914875342474,0.0005345525813063,-1.076585758630978,4.934221870580287,-11.337861873647851,9.184690356385897,0.829389287351886,-1.6108097471360463,1.0378123250200733,-3.769058626476813,0.5474391322047203,0.1355746443266042,4,10.501011887047794,ok,0.9751349335107468,False,0.959818678010578,False,0.9641937280856612,False,1.0,0.963161612013094,False,1.0
OC,Ojos cerrados,ZONE_BAND,BAI_ZB_OCCIPITAL_ALPHA_W5,BAI,ZB_OCCIPITAL_ALPHA,occipital,alpha,2,O1 | O2,EEG35 | EEG39,W5,25,11,14,18.971403435617194,4.946349119009303,0.0973263277007414,0.9724374406312464,0.1000849243706239,21.0,0.9212262423987656,0.9264445848062158,0.1830140920088319,0.1826243900385963,0.0003897019702355,0.000476999623156,-9.690368063079711e-06,0.7721896652031743,-1.605866008880216,1.60584662814409,0.9999901056304776,0.0973166373326783,0.5910648838282124,-1.1318700782088298,1.3265033528741863,0.8707969263624478,4,13.960785555468735,ok,0.986738615168418,False,0.9629542603471416,False,0.9676746243684512,False,1.0,0.9672332155740084,False,1.0
DELTA_OC_MINUS_OA,Reactividad OC−OA,ZONE,BAI_Z_CENTRAL_W4,BAI,Z_CENTRAL,central,all_bands,8,C3 | C4,EEG17 | EEG18 | EEG19 | EEG20 | EEG21 | EEG22 | EEG23 | EEG24,W4,25,17,8,1.2152772276513937,5.147940763373567,0.6318498971010621,6.6081598023203,0.0956166188473836,21.0,0.9247316351034506,0.9170107578699408,0.0893157271619519,0.088919252619661,0.0003964745422908,0.0004353589428477,-0.866603145931133,6.588908207645478,-14.568987876190509,12.835781584328242,0.8966123172184856,-0.2347532488300708,0.504048216169742,-1.2829788975869567,0.8134723999268149,0.6461988841391139,4,42.816034031631,ok,0.9675120660314258,False,0.9680222593515536,False,0.9689160566096124,False,1.0,0.9689667308152824,False,1.0
DELTA_OC_MINUS_OA,Reactividad OC−OA,ZONE,BAI_Z_OCCIPITAL_W5,BAI,Z_OCCIPITAL,occipital,all_bands,8,O1 | O2,EEG33 | EEG34 | EEG35 | EEG36 | EEG37 | EEG38 | EEG39 | EEG40,W5,25,11,14,1.2062277146964149,5.153889862798359,-0.3589642901878522,3.767270070322607,-0.0952849897902628,21.0,0.92499186204331,0.9606345850177028,0.2502776030040053,0.2499534648355208,0.0003241381684845,0.0004323442513966,-0.2493645097904152,3.7414554945070897,-8.030147155599806,7.531418136018975,0.9474915518811324,-0.6083287999782675,0.4402664708687182,-1.5239130481662495,0.3072554482097145,0.1815790515367417,4,27.391322034759085,ok,0.9675120660314258,False,0.9680222593515536,False,0.9689160566096124,False,1.0,0.9689667308152824,False,1.0
DELTA_OC_MINUS_OA,Reactividad OC−OA,ZONE,BAI_Z_PARIETAL_W5,BAI,Z_PARIETAL,parietal,all_bands,16,P3 | P4 | P7 | P8,EEG25 | EEG26 | EEG27 | EEG28 | EEG29 | EEG30 | EEG31 | EEG32 | EEG57 | EEG58 | EEG59 | EEG60 | EEG61 | EEG62 | EEG63 | EEG64,W5,25,11,14,1.2086220272190764,5.179683058723033,-0.3194857981604355,3.533414175159998,-0.0904184401609156,21.0,0.9288115833901688,0.9848163522839068,0.2529834446458526,0.2526926241884197,0.0002908204574328,0.0003893092533873,-0.2978682348777277,3.5061997992374194,-7.589409879753275,6.993673409997821,0.9331021101993244,-0.6173540330381633,0.4376970425409418,-1.527594862502666,0.2928867964263394,0.1730454521789889,4,26.375548732340075,ok,0.9675120660314258,False,0.9680222593515536,False,0.9715602336717248,False,1.0,0.9700212127743624,False,1.0
OC,Ojos cerrados,ZONE,BAI_Z_FRONTAL_W5,BAI,Z_FRONTAL,frontal,all_bands,24,Fp1 | Fp2 | F3 | F4 | F7 | F8,EEG1 | EEG2 | EEG3 | EEG4 | EEG5 | EEG6 | EEG7 | EEG8 | EEG9 | EEG10 | EEG11 | EEG12 | EEG13 | EEG14 | EEG15 | EEG16 | EEG41 | EEG42 | EEG43 | EEG44 | EEG45 | EEG46 | EEG47 | EEG48,W5,25,11,14,17.06317338912346,9.61764436161885,-0.03787739076076,0.5064844396091371,-0.0747849051196729,21.0,0.9410936805757136,0.9475938454812772,0.1825859085487248,0.1823682124132574,0.0002176961354674,0.0002663229539888,7.237654478284283e-06,0.4091635581833502,-0.8508949627016562,0.8509094380106128,0.9999860532589522,-0.0378701531062817,0.2985157788474871,-0.6586676996671822,0.5829273934546187,0.9002568970203549,4,27.373902539960493,ok,0.9642413697823786,False,0.9680222593515536,False,0.983036574417528,False,1.0,0.97923621478455,False,1.0
OC,Ojos cerrados,ZONE,BAI_Z_CENTRAL_W5,BAI,Z_CENTRAL,central,all_bands,8,C3 | C4,EEG17 | EEG18 | EEG19 | EEG20 | EEG21 | EEG22 | EEG23 | EEG24,W5,25,11,14,16.991450626930785,9.578137091582258,-0.0357526602798394,0.507679596585137,-0.0704236698112877,21.0,0.944522794985764,0.9511678810958196,0.1823913192002976,0.1821982275455514,0.0001930916547461,0.0002361663461758,0.0042539648604171,0.4091572892089876,-0.8466351984498407,0.8551431281706751,0.9918027676264968,-0.0314986954194223,0.3005476426059604,-0.6565217339830441,0.5935243431441996,0.9175256419154344,4,27.22963399270137,ok,0.9642413697823786,False,0.9680222593515536,False,0.9837024082205952,False,1.0,0.9809979484324468,False,1.0
OC,Ojos cerrados,ZONE,BAI_Z_TEMPORAL_W5,BAI,Z_TEMPORAL,temporal,all_bands,8,T7 | T8,EEG49 | EEG50 | EEG51 | EEG52 | EEG53 | EEG54 | EEG55 | EEG56,W5,25,11,14,17.08676137812887,9.647145283650715,-0.0351455056622155,0.5033157542130492,-0.0698279467074633,21.0,0.9449912821603944,0.9511242704970864,0.1824827763598833,0.1822929588988335,0.0001898174610497,0.0002321877210177,0.0005015111052578,0.4050095344755927,-0.8417619240368972,0.8427649462474129,0.9990236915940496,-0.0346439945569576,0.2988210592025173,-0.6560764063707023,0.586788417256787,0.9088051054794836,4,27.3982245898189,ok,0.9642413697823786,False,0.9680222593515536,False,0.9837024082205952,False,1.0,0.9809979484324468,False,1.0
DELTA_OC_MINUS_OA,Reactividad OC−OA,ZONE_BAND,MSPSS_ZB_OCCIPITAL_DELTA_W3,MSPSS,ZB_OCCIPITAL_DELTA,occipital,delta,2,O1 | O2,EEG33 | EEG37,W3,25,6,19,1.779324914617469,7.294047387420073,0.1757473534431345,2.687109587370382,0.0654038652793173,21.0,0.9484710850214148,0.985613847948645,0.0178964777264323,0.0176964248480295,0.0002000528784027,0.0002036983615939,-0.1447064679878879,0.3312564882559805,-0.833592047120897,0.5441791111451212,0.6666854140317667,0.0310408854552466,2.6666134090876654,-5.514485278619937,5.576567049530431,0.990822263060786,4,24.66680302797616,ok,0.9877929135153076,False,0.9858144063839712,False,0.9837024082205952,False,1.0,0.9834493975072818,False,1.0
OC,Ojos cerrados,ZONE_BAND,BAI_ZB_FRONTAL_THETA_W5,BAI,ZB_FRONTAL_THETA,frontal,theta,6,Fp1 | Fp2 | F3 | F4 | F7 | F8,EEG2 | EEG6 | EEG10 | EEG14 | EEG42 | EEG46,W5,25,11,14,17.247263672443356,11.36328711756634,-0.0267229629728179,0.428341267096302,-0.0623870848446875,21.0,0.9508445712220124,0.9569862057962728,0.1823208254807585,0.1821692764972173,0.0001515489835411,0.000185340397877,0.0023688668111834,0.3453127417457915,-0.7157482916842384,0.7204860253066052,0.9945912574649578,-0.0243540961616344,0.2534469401781558,-0.5514258618599954,0.5027176695367264,0.9243590158442722,4,32.33704510088968,ok,0.986738615168418,False,0.9858144063839712,False,0.9837024082205952,False,1.0,0.9835966747456464,False,1.0
DELTA_OC_MINUS_OA,Reactividad OC−OA,ZONE,BAI_Z_OCCIPITAL_W3,BAI,Z_OCCIPITAL,occipital,all_bands,8,O1 | O2,EEG33 | EEG34 | EEG35 | EEG36 | EEG37 | EEG38 | EEG39 | EEG40,W3,25,6,19,1.2062277146964149,5.153889862798359,-0.2424239596652586,4.082745963861156,-0.0593776741955289,21.0,0.9532127254055376,0.988793243414492,0.0336994431356489,0.0335372100980247,0.0001622330376241,0.0001678908663269,-0.4019713231968715,0.5269035383710023,-1.49772721642921,0.693784570035467,0.4540120043017996,-0.6443952828621301,4.048603125360237,-9.06392639416903,7.77513582844477,0.8750598402927793,4,17.618564821313658,ok,0.9726660463321812,False,0.9680222593515536,False,0.9837024082205952,False,1.0,0.9835966747456464,False,1.0
DELTA_OC_MINUS_OA,Reactividad OC−OA,ZONE_BAND,BAI_ZB_OCCIPITAL_THETA_W3,BAI,ZB_OCCIPITAL_THETA,occipital,theta,2,O1 | O2,EEG34 | EEG38,W3,25,6,19,1.3706647065182616,6.008191973921184,0.1662033316312688,2.882826355202176,0.0576529111201402,21.0,0.9545701707882496,0.9769851797146084,0.0316666825660373,0.0315134157755917,0.0001532667904455,0.0001582789600297,-0.3418067103379409,0.4575046060466571,-1.293239623099252,0.60962620242337,0.4632803692726021,-0.1756033787066721,2.846291856028532,-6.09479132863925,5.743584571225906,0.9513887558520524,4,19.93294206893364,ok,0.9877929135153076,False,0.9858144063839712,False,0.9837024082205952,False,1.0,0.9835966747456464,False,1.0
OC,Ojos cerrados,ZONE,BAI_Z_PARIETAL_W5,BAI,Z_PARIETAL,parietal,all_bands,16,P3 | P4 | P7 | P8,EEG25 | EEG26 | EEG27 | EEG28 | EEG29 | EEG30 | EEG31 | EEG32 | EEG57 | EEG58 | EEG59 | EEG60 | EEG61 | EEG62 | EEG63 | EEG64,W5,25,11,14,17.145720979247024,9.642280433611608,-0.0287159645383445,0.5041397253822655,-0.056960328838539,21.0,0.9551152958935332,0.9600297223144146,0.1823433671839506,0.1822170400494467,0.0001263271345038,0.0001544990029235,-0.0009257822162087,0.4061988751521733,-0.8456625866954787,0.8438110222630612,0.9982030269601248,-0.0296417467545533,0.2985956070233039,-0.6506053050950817,0.5913218115859751,0.9218650090888014,4,27.40345525369182,ok,0.9642413697823786,False,0.9680222593515536,False,0.9837024082205952,False,1.0,0.9835966747456464,False,1.0
DELTA_OC_MINUS_OA,Reactividad OC−OA,ZONE_BAND,BAI_ZB_TEMPORAL_THETA_W3,BAI,ZB_TEMPORAL_THETA,temporal,theta,2,T7 | T8,EEG50 | EEG54,W3,25,6,19,1.3332193150444869,5.9651941571679385,-0.1620047949672193,2.8909561923657328,-0.0560384814529642,21.0,0.955840908339472,0.991793683744617,0.0354626170846806,0.0353183814778842,0.0001442356067964,0.0001495386382645,-0.3608674921532217,0.4608087356541471,-1.3191717185910437,0.5974367342846001,0.4423006973908279,-0.5228722871204411,2.8539942213190628,-6.458078182548356,5.412333608307475,0.8563927565041154,4,19.839221718183616,ok,0.9877929135153076,False,0.9858144063839712,False,0.9837024082205952,False,1.0,0.9835966747456464,False,1.0
DELTA_OC_MINUS_OA,Reactividad OC−OA,ZONE_BAND,BAI_ZB_OCCIPITAL_ALPHA_W5,BAI,ZB_OCCIPITAL_ALPHA,occipital,alpha,2,O1 | O2,EEG35 | EEG39,W5,25,11,14,0.5468059873566545,2.249692105295761,0.2901482514034622,5.297967339044632,0.0547659569860209,21.0,0.9568426131231508,0.9636150624480538,0.2565448739876228,0.2564386905387108,0.000106183448912,0.0001428242878376,-1.716029632384625,5.201041120979833,-12.532186754572257,9.100127489803006,0.7447142244484398,-1.4258813809811626,1.0087760819232876,-3.523746087178975,0.67198332521665,0.1721683331509873,4,11.278119940272182,ok,0.9877929135153076,False,0.9858144063839712,False,0.9837024082205952,False,1.0,0.9835966747456464,False,1.0
OC,Ojos cerrados,ZONE_BAND,BAI_ZB_CENTRAL_THETA_W5,BAI,ZB_CENTRAL_THETA,central,theta,2,C3 | C4,EEG18 | EEG22,W5,25,11,14,17.149842108868302,11.366654659893218,-0.0232923328555557,0.4275889674946961,-0.0544736525641173,21.0,0.9570727194716064,0.9626982067784357,0.1822750223299497,0.1821594747212673,0.0001155476086823,0.0001413037535084,0.0004212906136907,0.3439079426201505,-0.7147744281709866,0.7156170093983681,0.9990341464039396,-0.0228710422418649,0.2540859148515627,-0.5512716285174731,0.5055295440337432,0.92912987035008,4,32.321186712281694,ok,0.986738615168418,False,0.9858144063839712,False,0.9837024082205952,False,1.0,0.9835966747456464,False,1.0
OC,Ojos cerrados,ZONE_BAND,BAI_ZB_TEMPORAL_DELTA_W5,BAI,ZB_TEMPORAL_DELTA,temporal,delta,2,T7 | T8,EEG49 | EEG53,W5,25,11,14,21.68530626896891,12.654098636436837,-0.0208543328594997,0.3901222888882348,-0.053455886662949,21.0,0.9578739496007168,0.9646120475989431,0.1850309505596452,0.184920055322016,0.0001108952376291,0.0001360729437582,-0.0365418322293076,0.3199327965686977,-0.7018785053560157,0.6287948408974002,0.9101505869448552,-0.0573961650888074,0.2232451700868968,-0.5216599115701037,0.4068675813924888,0.7996044455586965,4,36.35450067096243,ok,0.986738615168418,False,0.9858144063839712,False,0.9837024082205952,False,1.0,0.983659655867378,False,1.0
OC,Ojos cerrados,ZONE_BAND,BAI_ZB_CENTRAL_ALPHA_W5,BAI,ZB_CENTRAL_ALPHA,central,alpha,2,C3 | C4,EEG19 | EEG23,W5,25,11,14,19.100330072963768,4.985768157295781,0.0507426360297803,0.9671215144287446,0.0524676943618122,21.0,0.9586519417890946,0.9614251948405468,0.183133441158062,0.183026359328595,0.000107081829467,0.0001310885215069,0.0448716657275615,0.7707736873183351,-1.5580399655714514,1.647783297026575,0.9541266743511008,0.0956143017573419,0.5841506197965095,-1.1191934145777342,1.310422018092418,0.8715474141150537,4,14.099549539457572,ok,0.986738615168418,False,0.9858144063839712,False,0.9837024082205952,False,1.0,0.98370510552532,False,1.0
DELTA_OC_MINUS_OA,Reactividad OC−OA,ZONE_BAND,BAI_ZB_FRONTAL_THETA_W2,BAI,ZB_FRONTAL_THETA,frontal,theta,6,Fp1 | Fp2 | F3 | F4 | F7 | F8,EEG2 | EEG6 | EEG10 | EEG14 | EEG42 | EEG46,W2,25,18,7,1.2536853114876576,6.036632114049067,-0.2994386530930648,6.241027190198597,-0.0479790656197311,21.0,0.9621863065263152,0.9622515512411444,0.0560989478679391,0.0559954787498746,0.0001034691180644,0.0001096186065591,-0.3818959301906613,0.4144653887116462,-1.24382389071584,0.4800320303345175,0.3672972310055999,-0.6813345832837261,6.227249700337885,-13.631609274682686,12.268940108115231,0.9139146682564926,4,20.279289617921616,ok,0.9877929135153076,False,0.9858144063839712,False,0.9837024082205952,False,1.0,0.983794823198567,False,1.0
OC,Ojos cerrados,ZONE_BAND,BAI_ZB_CENTRAL_DELTA_W5,BAI,ZB_CENTRAL_DELTA,central,delta,2,C3 | C4,EEG17 | EEG21,W5,25,11,14,21.65626321179784,12.53783633299731,-0.0187278133190819,0.3949064582549226,-0.0474234161726286,21.0,0.9626238841639808,0.9694082186519064,0.1846100602926864,0.1845227366739259,8.732361876051531e-05,0.0001070943048326,-0.0348412104467459,0.3246242076604395,-0.7099342070311492,0.6402517861376573,0.9155476926872188,-0.0535690237658279,0.2248782661180905,-0.5212289793633644,0.4140909318317085,0.8140245684579374,4,36.07975077702435,ok,0.986738615168418,False,0.9858144063839712,False,0.9837024082205952,False,1.0,0.983794823198567,False,1.0
OC,Ojos cerrados,ZONE,BAI_Z_OCCIPITAL_W5,BAI,Z_OCCIPITAL,occipital,all_bands,8,O1 | O2,EEG33 | EEG34 | EEG35 | EEG36 | EEG37 | EEG38 | EEG39 | EEG40,W5,25,11,14,16.84359824516788,9.511652327593085,-0.0232054930819238,0.51147652343873,-0.045369615258018,21.0,0.9642413697823786,0.9682958211129474,0.1824701642463678,0.1823900306730487,8.013357331915216e-05,9.801914231702844e-05,-0.0105562890424939,0.412495543043178,-0.8683877312435494,0.8472751531585615,0.9798249698850124,-0.0337617821244178,0.3024163702554526,-0.6626710525799492,0.5951474883311135,0.9121690061764663,4,27.04980013034814,ok,0.9642413697823786,False,0.9707127883715222,False,0.9837024082205952,False,1.0,0.983794823198567,False,1.0
DELTA_OC_MINUS_OA,Reactividad OC−OA,ZONE_BAND,BAI_ZB_PARIETAL_THETA_W3,BAI,ZB_PARIETAL_THETA,parietal,theta,4,P3 | P4 | P7 | P8,EEG26 | EEG30 | EEG58 | EEG62,W3,25,6,19,1.351563804064023,6.124929596407467,0.1207118879854698,2.662491277204362,0.0453379468391041,21.0,0.9642663117268352,0.9935688229859784,0.032742282838602,0.0326476053768013,9.467746180069624e-05,9.788235350403332e-05,-0.3402880419284581,0.4472214278798394,-1.2703359150062534,0.5897598311493373,0.4551800977737643,-0.2195761539429882,2.624662415556413,-5.677860451070499,5.238708143184523,0.934120065552536,4,20.03225141783533,ok,0.9877929135153076,False,0.9858144063839712,False,0.9837024082205952,False,1.0,0.983794823198567,False,1.0
OC,Ojos cerrados,ZONE_BAND,BAI_ZB_FRONTAL_DELTA_W5,BAI,ZB_FRONTAL_DELTA,frontal,delta,6,Fp1 | Fp2 | F3 | F4 | F7 | F8,EEG1 | EEG5 | EEG9 | EEG13 | EEG41 | EEG45,W5,25,11,14,21.776643637751437,12.622114375615476,-0.0172062445291012,0.3923765500109752,-0.0438513579076526,21.0,0.9654371861292332,0.9713880113275526,0.1845976047210903,0.184522939426864,7.466529422628376e-05,9.15686471594732e-05,-0.035531208135198,0.3226977616470805,-0.7066179409190995,0.6355555246487034,0.9133701662389428,-0.0527374526642992,0.2232162888914681,-0.5169411374117296,0.4114662320831311,0.8155187835041765,4,36.32086563182104,ok,0.986738615168418,False,0.9858144063839712,False,0.9837024082205952,False,1.0,0.9842644022966928,False,1.0
OC,Ojos cerrados,ZONE_BAND,BAI_ZB_TEMPORAL_THETA_W5,BAI,ZB_TEMPORAL_THETA,temporal,theta,2,T7 | T8,EEG50 | EEG54,W5,25,11,14,17.275949836954464,11.393341431240168,-0.0186945828859506,0.4266463969165409,-0.0438175102873482,21.0,0.9654638462977672,0.9700142294398646,0.1822242165587332,0.1821494494914972,7.476706723597015e-05,9.142734322768068e-05,-0.0021375008524811,0.3432617745806517,-0.7159894396361962,0.711714437931234,0.995090358845922,-0.0208320837384317,0.253374233326138,-0.5477526472607297,0.5060884797838663,0.935251487428136,4,32.3967647911154,ok,0.986738615168418,False,0.9858144063839712,False,0.9837024082205952,False,1.0,0.9842644022966928,False,1.0
DELTA_OC_MINUS_OA,Reactividad OC−OA,ZONE_BAND,MSPSS_ZB_CENTRAL_DELTA_W4,MSPSS,ZB_CENTRAL_DELTA,central,delta,2,C3 | C4,EEG17 | EEG21,W4,25,17,8,1.8347681373535616,7.149181836460973,0.1324730124183297,3.1310362054259366,0.0423096392781279,21.0,0.9666515664781048,0.98464996114605,0.0625204589405934,0.0624405452570843,7.99136835091252e-05,8.524312265931486e-05,-0.06006999990404,3.113788461776972,-6.535547594568737,6.415407594760657,0.9847905978279496,0.0724030125142897,0.3281906991257302,-0.6101069090984351,0.7549129341270145,0.8275247963113456,4,41.83804214587366,ok,0.9877929135153076,False,0.9858144063839712,False,0.9837024082205952,False,1.0,0.9850991154566948,False,1.0
DELTA_OC_MINUS_OA,Reactividad OC−OA,ZONE_BAND,BAI_ZB_FRONTAL_DELTA_W5,BAI,ZB_FRONTAL_DELTA,frontal,delta,6,Fp1 | Fp2 | F3 | F4 | F7 | F8,EEG1 | EEG5 | EEG9 | EEG13 | EEG41 | EEG45,W5,25,11,14,1.8117560741525915,7.041477936572528,0.1149497455787072,2.8347084222687364,0.040550818093209,21.0,0.9680370552450014,0.9663802629550824,0.2480664577966539,0.2480075789351022,5.887886155164779e-05,7.830327847740182e-05,-0.5495137769870287,2.816226388671218,-6.406177164755129,5.307149610781072,0.8471712693988165,-0.4345640314083215,0.3231729676708083,-1.1066390092182652,0.2375109464016221,0.1930737578543583,4,36.53587219180215,ok,0.9877929135153076,False,0.9858144063839712,False,0.9837774951676844,False,1.0,0.9856658450624248,False,1.0
OC,Ojos cerrados,ZONE_BAND,BAI_ZB_PARIETAL_ALPHA_W5,BAI,ZB_PARIETAL_ALPHA,parietal,alpha,4,P3 | P4 | P7 | P8,EEG27 | EEG31 | EEG59 | EEG63,W5,25,11,14,19.241703033234568,4.994852396993947,0.0373039171644931,0.9604301898296472,0.0388408419055525,21.0,0.9693841662775716,0.971150939863372,0.1827770915587167,0.1827183833935228,5.870816519382149e-05,7.183861904434073e-05,0.0415518670573642,0.759835651369766,-1.5386128732488755,1.6217166073636042,0.9569060796398712,0.0788557842218574,0.5874316406559108,-1.14277518851727,1.3004867569609846,0.8944924126429353,4,14.06362258532976,ok,0.986738615168418,False,0.9858144063839712,False,0.9838134299163448,False,1.0,0.9856658450624248,False,1.0
OC,Ojos cerrados,ZONE_BAND,BAI_ZB_PARIETAL_THETA_W5,BAI,ZB_PARIETAL_THETA,parietal,theta,4,P3 | P4 | P7 | P8,EEG26 | EEG30 | EEG58 | EEG62,W5,25,11,14,17.344982129937286,11.374232926109208,-0.0140091223477656,0.427610106626564,-0.0327614388216505,21.0,0.9741742213956414,0.9773283866760154,0.1821578548278599,0.1821160548428506,4.1799985009305374e-05,5.1110089222055535e-05,-0.0038647688759242,0.3443042831416666,-0.7198847228963731,0.7121551851445246,0.9911499976666092,-0.0178738912236898,0.2535842343275399,-0.54523117573591,0.5094833932885302,0.944474544952158,4,32.3526042067022,ok,0.986738615168418,False,0.9883942168717206,False,0.9873387379009878,False,1.0,0.9878637186199628,False,1.0
OC,Ojos cerrados,ZONE_BAND,BAI_ZB_PARIETAL_DELTA_W5,BAI,ZB_PARIETAL_DELTA,parietal,delta,4,P3 | P4 | P7 | P8,EEG25 | EEG29 | EEG57 | EEG61,W5,25,11,14,21.80139740724204,12.686983185554586,-0.0117821491258179,0.3895604762067657,-0.0302447241068788,21.0,0.9761574827201448,0.979980306188538,0.1847703091955878,0.1847347984371489,3.551075843888363e-05,4.355920649043593e-05,-0.0408940937068155,0.3197704274503292,-0.7058931017670081,0.6241049143533771,0.8994561147979355,-0.0526762428326334,0.2224954793937974,-0.5153809221692967,0.4100284365040297,0.8151433550659426,4,36.46967377202207,ok,0.986738615168418,False,0.9883942168717206,False,0.9877769911151916,False,1.0,0.989123521390052,False,1.0
OC,Ojos cerrados,ZONE_BAND,BAI_ZB_FRONTAL_ALPHA_W5,BAI,ZB_FRONTAL_ALPHA,frontal,alpha,6,Fp1 | Fp2 | F3 | F4 | F7 | F8,EEG3 | EEG7 | EEG11 | EEG15 | EEG43 | EEG47,W5,25,11,14,19.137598604341093,4.9731899272265085,0.0264785884767357,0.9702197058928088,0.027291332381638,21.0,0.9784850618873412,0.9795838850560188,0.1821860185569316,0.1821570127659032,2.90057910283803e-05,3.546746776962448e-05,0.0164474927547266,0.7732212756684338,-1.591554177163346,1.6244491626727993,0.983229985549937,0.0429260812314624,0.5860504556404743,-1.1758325600274326,1.2616847224903576,0.9423032394014556,4,14.065718748786416,ok,0.986738615168418,False,0.9883942168717206,False,0.9877769911151916,False,1.0,0.9907300399086844,False,1.0
DELTA_OC_MINUS_OA,Reactividad OC−OA,ZONE_BAND,BAI_ZB_PARIETAL_BETA_W5,BAI,ZB_PARIETAL_BETA,parietal,beta,4,P3 | P4 | P7 | P8,EEG28 | EEG32 | EEG60 | EEG64,W5,25,11,14,1.1117021144314434,5.207201183666695,0.1121339965274251,4.687742027519315,0.0239206841735625,21.0,0.9811417213960136,0.9917949369624618,0.2561470263418199,0.2561267581501357,2.026819168421401e-05,2.7247577682639977e-05,-0.7352962763559969,4.66768568297874,-10.44228004551576,8.971687492803765,0.8763327253177944,-0.6231622798285718,0.4331693450443932,-1.5239872468945133,0.2776626872373696,0.1649988404295355,4,33.57131441537834,ok,0.996082965884278,False,0.9883942168717206,False,0.9877769911151916,False,1.0,0.9914204920348002,False,1.0
OC,Ojos cerrados,ZONE_BAND,BAI_ZB_OCCIPITAL_THETA_W5,BAI,ZB_OCCIPITAL_THETA,occipital,theta,2,O1 | O2,EEG34 | EEG38,W5,25,11,14,17.048187388373652,11.252490706558492,-0.0099894108140311,0.4319099350131669,-0.0231284580516226,21.0,0.9817661676906004,0.9840975084484388,0.1822293143339466,0.1822084835505339,2.083078341263977e-05,2.547264627818449e-05,-0.0100436205264268,0.3474029471796042,-0.7325075991803305,0.7124203581274768,0.977208901416184,-0.0200330313404579,0.2566269359478922,-0.553717960267738,0.5136518975868221,0.9385170895544008,4,31.993173001492984,ok,0.986738615168418,False,0.9883942168717206,False,0.9877769911151916,False,1.0,0.9914204920348002,False,1.0
OC,Ojos cerrados,ZONE_BAND,BAI_ZB_OCCIPITAL_DELTA_W5,BAI,ZB_OCCIPITAL_DELTA,occipital,delta,2,O1 | O2,EEG33 | EEG37,W5,25,11,14,21.36993884727363,12.45982274524686,-0.0091724349244411,0.3974313927312591,-0.0230792914002229,21.0,0.9818049220925756,0.9845123843638328,0.1858299502136311,0.1858092992287471,2.065098488401862e-05,2.536446150216071e-05,-0.0523538683197249,0.3270083640131729,-0.732404989463268,0.6276972528238183,0.8743326968031611,-0.0615263032441661,0.2258699665598246,-0.5312486128101555,0.4081960063218232,0.7879771890544235,4,35.86879859882633,ok,0.986738615168418,False,0.9883942168717206,False,0.9877769911151916,False,1.0,0.9914204920348002,False,1.0
DELTA_OC_MINUS_OA,Reactividad OC−OA,ZONE,BAI_Z_TEMPORAL_W5,BAI,Z_TEMPORAL,temporal,all_bands,8,T7 | T8,EEG49 | EEG50 | EEG51 | EEG52 | EEG53 | EEG54 | EEG55 | EEG56,W5,25,11,14,1.1910807030524235,5.008113868867217,0.0829456826227672,3.738607431302516,0.0221862509361859,21.0,0.9825088471625772,0.99609080484001,0.2557123284743511,0.2556948827353009,1.7445739050159226e-05,2.3439510981552014e-05,-0.7286831476065366,3.711202368741494,-8.446550974227506,6.989184679014433,0.8462263197249065,-0.6457374649837694,0.4518434503652087,-1.5853973600127815,0.2939224300452427,0.1676779906303218,4,26.33427257421083,ok,0.9825088471625772,False,0.9825088471625772,False,0.9877769911151916,False,1.0,0.9914204920348002,False,1.0
DELTA_OC_MINUS_OA,Reactividad OC−OA,ZONE_BAND,BAI_ZB_TEMPORAL_DELTA_W5,BAI,ZB_TEMPORAL_DELTA,temporal,delta,2,T7 | T8,EEG49 | EEG53,W5,25,11,14,1.8233331292024568,7.0353148202065,0.0501513066534186,3.002197458048836,0.016704866136957,21.0,0.986829760346002,0.991623566413762,0.2525503742798117,0.2525404420071434,9.93227266832264e-06,1.3288216792874333e-05,-0.5010494107961873,2.984828479027964,-6.708340039920203,5.706241218327828,0.8682952935055432,-0.4508981041427686,0.3224725227030969,-1.12151642690039,0.2197202186148526,0.1766310386724958,4,38.4689211633133,ok,0.9967977377232344,False,0.9917887038653288,False,0.9907929320742992,False,1.0,0.9942775321221984,False,1.0
OC,Ojos cerrados,ZONE_BAND,BAI_ZB_TEMPORAL_ALPHA_W5,BAI,ZB_TEMPORAL_ALPHA,temporal,alpha,2,T7 | T8,EEG51 | EEG55,W5,25,11,14,19.199964560885796,4.996790816512311,0.0068269036996953,0.9597715721948112,0.0071130505398107,21.0,0.9943917948016712,0.9947330697878224,0.1825699927396294,0.1825680232981956,1.9694414338244925e-06,2.409308951631353e-06,0.053847560976442,0.7584984493015416,-1.52353631539552,1.6312314373484038,0.9440756214207496,0.0606744646761373,0.5880829645555594,-1.162311010262101,1.283659939614376,0.918804355594374,4,14.065488513237726,ok,0.9943917948016712,False,0.9966882622129564,False,0.9963555892282392,False,1.0,0.996893957726734,False,1.0
DELTA_OC_MINUS_OA,Reactividad OC−OA,ZONE_BAND,BAI_ZB_PARIETAL_THETA_W4,BAI,ZB_PARIETAL_THETA,parietal,theta,4,P3 | P4 | P7 | P8,EEG26 | EEG30 | EEG58 | EEG62,W4,25,17,8,1.351563804064023,6.124929596407467,-0.0244885689700914,3.882610473790885,-0.006307243318741,21.0,0.9950271151092682,0.9958138175800209,0.0882133879539356,0.0882116607123442,1.7272415914204586e-06,1.894348489658671e-06,-0.1684189834782771,3.859348332382248,-8.194373207127082,7.857535240170527,0.9656042711596085,-0.1929075524483685,0.4243754711679978,-1.075444657652169,0.6896295527554319,0.6540839056244799,4,34.976534365980505,ok,0.9989600491228644,False,0.9966882622129564,False,0.9963555892282392,False,1.0,0.996893957726734,False,1.0
DELTA_OC_MINUS_OA,Reactividad OC−OA,ZONE_BAND,BAI_ZB_PARIETAL_DELTA_W5,BAI,ZB_PARIETAL_DELTA,parietal,delta,4,P3 | P4 | P7 | P8,EEG25 | EEG29 | EEG57 | EEG61,W5,25,11,14,1.8035370953982863,7.27385328551566,0.0038498330474644,2.9187760668823324,0.0013189888361585,21.0,0.9989600491228644,0.9987876879921204,0.2477020601884636,0.2477019978648221,6.232364146985249e-08,8.284436015532041e-08,-0.4247760701056027,2.9019936132217103,-6.459802165472774,5.610250025261569,0.8850222811248464,-0.4209262370581382,0.3125488720592054,-1.070907198546482,0.2290547244302055,0.1924154893784403,4,38.95523326470491,ok,0.9989600491228644,False,0.9989600491228644,False,0.9989600491228644,False,1.0,0.9989600491228644,False,1.0
