model_kind,target_id,representation,local_outcome,lemon_outcome,external_moderator,external_moderator_label,external_moderator_type,external_W_positive_definition,local_analogue,W_equivalence,external_W_n_available,external_W_missing,external_W_n0,external_W_n1,n,df_resid,beta_interaction_std,se_interaction,t_interaction,p_raw,se_hc3,t_hc3,p_hc3,r2_full,r2_reduced,delta_r2,cohen_f2_interaction,slope_W_low_std,slope_W_high_std,condition_number,eeg_id,channel,band,local_moderators,local_p_min,permutation_exceedances,p_permutation,p_maxT_global,q_BH_raw_global,q_BH_HC3_global,q_BH_permutation_global,q_BY_permutation_global,q_BH_permutation_within_W,q_BH_permutation_within_target_id,p_maxT_within_W,naive_p_lt_0_05,hc3_p_lt_0_05,permutation_p_lt_0_05,robust_nominal,triangulated_nominal
feature,TARGET__OC__MSPSS__EEG62,OC,MSPSS,MSPSS_total,GENDER_FEMALE,Mujer vs hombre,binary,1=mujer,W1 SEX_FEMALE,direct,135,0,94.0,41.0,135,131,-0.2250677543184399,0.1849764400597023,-1.2167374085359082,0.2258917379820146,0.1512944924071547,-1.48761366483025,0.1392559410083736,0.0473310447750977,0.0365647953108467,0.0107662494642509,0.0113011444376387,0.2492693596122725,0.0242016052938325,2.307243895136799,EEG62,P8,theta,W4,0.0301372372361042,2182,0.2182781721827817,1.0,0.9240553659651414,0.8856127534210265,0.9118465316098148,1.0,0.7327267273272673,0.6250374962503751,0.966003399660034,False,False,False,False,False
feature,TARGET__OC__MSPSS__EEG61,OC,MSPSS,MSPSS_total,GENDER_FEMALE,Mujer vs hombre,binary,1=mujer,W1 SEX_FEMALE,direct,135,0,94.0,41.0,135,131,-0.143222539276255,0.1984974650393557,-0.72153334173743,0.4718672785034487,0.1837373116671636,-0.7794962165099036,0.4370934390887571,0.0244710862347182,0.0205942124778846,0.0038768737568336,0.0039741249102191,0.1624500721054742,0.0192275328292192,2.4382398215726075,EEG61,P8,delta,W4,0.0303231288881845,4676,0.4676532346765323,1.0,0.936442424062965,0.973689025705312,0.9275621110455328,1.0,0.7794220577942206,0.8812755088127551,0.999900009999,False,False,False,False,False
feature,TARGET__OC__MSPSS__EEG5,OC,MSPSS,MSPSS_total,GENDER_FEMALE,Mujer vs hombre,binary,1=mujer,W1 SEX_FEMALE,direct,135,0,94.0,41.0,135,131,-0.0218436030352696,0.2050577465100469,-0.1065241543274223,0.9153294484606436,0.1918857770129355,-0.1138364884323716,0.9095416923262964,0.0058518759545203,0.0057657615125005,8.611444201978014e-05,8.662133935268646e-05,0.0278558198192116,0.0060122167839419,2.40217109145521,EEG5,Fp2,delta,W4,0.0308392371721907,9159,0.915908409159084,1.0,0.9852069463869568,0.996296827095842,0.9844848848448488,1.0,0.9500070401123152,0.915908409159084,1.0,False,False,False,False,False
feature,TARGET__OC__MSPSS__EEG6,OC,MSPSS,MSPSS_total,GENDER_FEMALE,Mujer vs hombre,binary,1=mujer,W1 SEX_FEMALE,direct,135,0,94.0,41.0,135,131,-0.1612501365371512,0.181972458493847,-0.8861238556196325,0.3771745676521127,0.1585383101943444,-1.017105180063308,0.3109781909668942,0.0244160016690722,0.0185683401053711,0.005847661563701,0.0059940113549479,0.1705437451895353,0.0092936086523841,2.1802622072013813,EEG6,Fp2,theta,W4,0.0341492186828345,3663,0.3663633636636336,1.0,0.9240553659651414,0.9488919985621757,0.9118465316098148,1.0,0.7327267273272673,0.6411358864113589,0.9991000899910008,False,False,False,False,False
feature,TARGET__OC__MSPSS__EEG54,OC,MSPSS,MSPSS_total,GENDER_FEMALE,Mujer vs hombre,binary,1=mujer,W1 SEX_FEMALE,direct,135,0,94.0,41.0,135,131,-0.2028997066779995,0.1825117759015123,-1.1117074812065222,0.268300047168565,0.169396367789005,-1.1977807394945166,0.2331650939692496,0.0459374817535452,0.0369365681079497,0.0090009136455955,0.0094343017081721,0.2467745848801836,0.0438748782021841,2.2844115511288985,EEG54,T8,theta,W4,0.0343992826654235,2661,0.2661733826617338,1.0,0.9240553659651414,0.9118188032317024,0.9118465316098148,1.0,0.7327267273272673,0.7097290270972902,0.9846015398460154,False,False,False,False,False
feature,TARGET__OC__MSPSS__EEG58,OC,MSPSS,MSPSS_total,GENDER_FEMALE,Mujer vs hombre,binary,1=mujer,W1 SEX_FEMALE,direct,135,0,94.0,41.0,135,131,-0.1656397877742096,0.1846036627873321,-0.8972724878434872,0.3712195789915682,0.1676570875757495,-0.9879677034194668,0.3249897553891557,0.0354836788685299,0.0295559683228765,0.0059277105456534,0.006145785629319,0.2125142940358682,0.0468745062616585,2.330669058163432,EEG58,P7,theta,W4,0.0345495111494009,3644,0.3644635536446355,1.0,0.9240553659651414,0.9488919985621757,0.9118465316098148,1.0,0.7327267273272673,0.7972202779722029,0.9986001399860014,False,False,False,False,False
feature,TARGET__OC__MSPSS__EEG57,OC,MSPSS,MSPSS_total,GENDER_FEMALE,Mujer vs hombre,binary,1=mujer,W1 SEX_FEMALE,direct,135,0,94.0,41.0,135,131,-0.1204691017982801,0.1912007311410425,-0.6300661147023229,0.5297488062249099,0.1992845083020643,-0.6045081116675651,0.5465514569925756,0.0193303814108543,0.0163585533946603,0.002971828016194,0.0030304069381383,0.1406118232913763,0.0201427214930962,2.2797313130627184,EEG57,P7,delta,W4,0.0347741004973604,5371,0.5371462853714628,1.0,0.936442424062965,0.9782461183923752,0.9275621110455328,1.0,0.7832073935463597,0.752004799520048,1.0,False,False,False,False,False
feature,TARGET__OC__MSPSS__EEG13,OC,MSPSS,MSPSS_total,GENDER_FEMALE,Mujer vs hombre,binary,1=mujer,W1 SEX_FEMALE,direct,135,0,94.0,41.0,135,131,-0.1252194886746258,0.1880511252767608,-0.6658800285844412,0.5066586308928255,0.2546204775504057,-0.4917887590161984,0.6236917367700942,0.0555301077701834,0.0523333568312186,0.0031967509389647,0.0033847039119664,0.254432403046514,0.1292129143718882,2.3140941585949864,EEG13,F4,delta,W4,0.0347749067907123,5110,0.5110488951104889,1.0,0.936442424062965,0.9891728224328948,0.9275621110455328,1.0,0.7832073935463597,0.8943355664433557,1.0,False,False,False,False,False
feature,TARGET__OC__MSPSS__EEG10,OC,MSPSS,MSPSS_total,GENDER_FEMALE,Mujer vs hombre,binary,1=mujer,W1 SEX_FEMALE,direct,135,0,94.0,41.0,135,131,-0.17969113318442,0.1798312418085387,-0.9992208883022236,0.3195298393765345,0.2413350551325316,-0.744571206556548,0.4578645904237048,0.0528607991871669,0.0456419906277852,0.0072188085593816,0.0076216975848813,0.2670899679742449,0.0873988347898248,2.305990359452418,EEG10,F3,theta,W4,0.0347846023678833,3170,0.3170682931706829,1.0,0.9240553659651414,0.973689025705312,0.9118465316098148,1.0,0.7327267273272673,0.7156784321567843,0.9949005099490053,False,False,False,False,False
feature,TARGET__OC__MSPSS__EEG18,OC,MSPSS,MSPSS_total,GENDER_FEMALE,Mujer vs hombre,binary,1=mujer,W1 SEX_FEMALE,direct,135,0,94.0,41.0,135,131,-0.2730159495429147,0.1809582090593625,-1.508723759823203,0.1337774402213759,0.1695916447162549,-1.6098431617884228,0.1098392303021319,0.0483757467154551,0.0318403862836131,0.016535360431842,0.0173759342248476,0.2614302234571837,-0.0115857260857309,2.3264132629669576,EEG18,C3,theta,W4,0.0358267801609531,1288,0.1288871112888711,1.0,0.9240553659651414,0.8093416969630775,0.9118465316098148,1.0,0.7327267273272673,0.6498150184981502,0.8560143985601439,False,False,False,False,False
feature,TARGET__OC__MSPSS__EEG22,OC,MSPSS,MSPSS_total,GENDER_FEMALE,Mujer vs hombre,binary,1=mujer,W1 SEX_FEMALE,direct,135,0,94.0,41.0,135,131,-0.30388265166617,0.1820769056262038,-1.6689796579145972,0.0975096340771605,0.1637756592730041,-1.8554811686614312,0.065775037496157,0.0509336741782074,0.0307533863871658,0.0201802877910416,0.0212633060956699,0.2709514428737442,-0.0329312087924258,2.3948546912273034,EEG22,C4,theta,W4,0.0364824153601674,991,0.0991900809919008,1.0,0.910089918053498,0.7387301908371406,0.9118465316098148,1.0,0.7327267273272673,0.4628870446288705,0.7569243075692431,False,False,False,False,False
feature,TARGET__OC__MSPSS__EEG30,OC,MSPSS,MSPSS_total,GENDER_FEMALE,Mujer vs hombre,binary,1=mujer,W1 SEX_FEMALE,direct,135,0,94.0,41.0,135,131,-0.2191560483245899,0.1877816695456272,-1.1670790277606908,0.2452984793060119,0.1709788546970666,-1.2817728175386462,0.202186302983092,0.0338645901845409,0.023819190202747,0.0100453999817938,0.0103975073056401,0.2067331965900554,-0.0124228517345344,2.371142154602751,EEG30,P4,theta,W4,0.0367556740163888,2356,0.2356764323567643,1.0,0.9240553659651414,0.9094288929128624,0.9118465316098148,1.0,0.7327267273272673,0.6964303569643037,0.9756024397560245,False,False,False,False,False
feature,TARGET__OC__MSPSS__EEG53,OC,MSPSS,MSPSS_total,GENDER_FEMALE,Mujer vs hombre,binary,1=mujer,W1 SEX_FEMALE,direct,135,0,94.0,41.0,135,131,-0.1606055415906915,0.1917210149769742,-0.8377044196744958,0.4037224891045859,0.1906110628196549,-0.8425824777161388,0.4009977103164862,0.0197407677883063,0.0144896560576683,0.0052511117306379,0.0053568602652078,0.1424219517966059,-0.0181835897940855,2.280393276593242,EEG53,T8,delta,W4,0.0369640002416077,4040,0.4040595940405959,1.0,0.936442424062965,0.9594215456082604,0.9245162440277712,1.0,0.748258507482585,0.7165533446655334,0.9996000399960004,False,False,False,False,False
feature,TARGET__OC__MSPSS__EEG1,OC,MSPSS,MSPSS_total,GENDER_FEMALE,Mujer vs hombre,binary,1=mujer,W1 SEX_FEMALE,direct,135,0,94.0,41.0,135,131,-0.0851351226210186,0.2148884072210033,-0.39618294780072,0.6926146321375214,0.2282109087071102,-0.373054570893815,0.7097107798539597,0.0144334265351221,0.0132525452824272,0.0011808812526948,0.0011981750238782,0.1077125274926804,0.0225774048716618,2.5804693965161163,EEG1,Fp1,delta,W4,0.0371765040761449,6847,0.6847315268473153,1.0,0.9629833704653068,0.996296827095842,0.9529066974018304,1.0,0.9072169706106312,0.8741125887411259,1.0,False,False,False,False,False
feature,TARGET__OC__MSPSS__EEG46,OC,MSPSS,MSPSS_total,GENDER_FEMALE,Mujer vs hombre,binary,1=mujer,W1 SEX_FEMALE,direct,135,0,94.0,41.0,135,131,-0.1620185893862663,0.1768731715117008,-0.9160156286084812,0.3613418710589434,0.1742974323577855,-0.9295523588304272,0.3543126277744191,0.0592455549683694,0.0532198099517641,0.0060257450166053,0.0064052261973662,0.2810980906910423,0.1190795013047759,2.2671744303254537,EEG46,F8,theta,W4,0.037300816525276,3530,0.3530646935306469,1.0,0.9240553659651414,0.9488919985621757,0.9118465316098148,1.0,0.7327267273272673,0.8126965081269649,0.9982001799820018,False,False,False,False,False
feature,TARGET__OC__MSPSS__EEG9,OC,MSPSS,MSPSS_total,GENDER_FEMALE,Mujer vs hombre,binary,1=mujer,W1 SEX_FEMALE,direct,135,0,94.0,41.0,135,131,-0.0195545709751641,0.1859462655971663,-0.1051624828945324,0.9164077306510268,0.2844331253045568,-0.0687492743829542,0.9452940239698246,0.0365464154764374,0.0364650797848501,8.133569158730314e-05,8.442097563789173e-05,0.1829602504122473,0.1634056794370831,2.228881825805482,EEG9,F3,delta,W4,0.0373805689785554,9183,0.9183081691830816,1.0,0.9852069463869568,0.996296827095842,0.9844848848448488,1.0,0.9500070401123152,0.9183081691830816,1.0,False,False,False,False,False
feature,TARGET__OC__MSPSS__EEG38,OC,MSPSS,MSPSS_total,GENDER_FEMALE,Mujer vs hombre,binary,1=mujer,W1 SEX_FEMALE,direct,135,0,94.0,41.0,135,131,-0.2629414719907956,0.1804204044130529,-1.4573821228602264,0.1474039354830041,0.1601415212788123,-1.6419318980553756,0.1030026319610777,0.0558363515865533,0.0405281964213855,0.0153081551651678,0.0162134553590273,0.2833572991859419,0.0204158271951462,2.336579087301149,EEG38,O2,theta,W4,0.0381984113175509,1420,0.1420857914208579,1.0,0.9240553659651414,0.7923279381621363,0.9118465316098148,1.0,0.7327267273272673,0.8739792687397927,0.8823117688231177,False,False,False,False,False
feature,TARGET__OC__MSPSS__EEG14,OC,MSPSS,MSPSS_total,GENDER_FEMALE,Mujer vs hombre,binary,1=mujer,W1 SEX_FEMALE,direct,135,0,94.0,41.0,135,131,-0.2710684204513902,0.1864664363749517,-1.4537115940067542,0.1484178122365988,0.1811402518915594,-1.4964560202426278,0.1369402687984914,0.0559516498812902,0.0407223671221756,0.0152292827591145,0.0161318885385473,0.2791895752758472,0.008121154824457,2.444194992701002,EEG14,F4,theta,W4,0.0385821877448471,1428,0.1428857114288571,1.0,0.9240553659651414,0.8819416203976174,0.9118465316098148,1.0,0.7327267273272673,0.653949989616423,0.8845115488451155,False,False,False,False,False
feature,TARGET__OC__MSPSS__EEG2,OC,MSPSS,MSPSS_total,GENDER_FEMALE,Mujer vs hombre,binary,1=mujer,W1 SEX_FEMALE,direct,135,0,94.0,41.0,135,131,-0.1855397676214945,0.1893346942393433,-0.9799565175675012,0.3289138932003471,0.1799937337049681,-1.0308123721996736,0.3045282141047676,0.0378804084177724,0.0308274491781822,0.0070529592395901,0.0073306471475041,0.2132817499886304,0.0277419823671359,2.2189140732049637,EEG2,Fp1,theta,W4,0.0390269244562189,3177,0.3177682231776822,1.0,0.9240553659651414,0.9488919985621757,0.9118465316098148,1.0,0.7327267273272673,0.7414591874145919,0.996000399960004,False,False,False,False,False
feature,TARGET__OC__MSPSS__EEG17,OC,MSPSS,MSPSS_total,GENDER_FEMALE,Mujer vs hombre,binary,1=mujer,W1 SEX_FEMALE,direct,135,0,94.0,41.0,135,131,-0.1526320222736511,0.199962296330514,-0.7633040081784642,0.4466545572701338,0.1819134302132564,-0.839036579623182,0.4029772623562794,0.0227264401179277,0.018379937562861,0.0043465025550667,0.0044475802206203,0.1557711160009605,0.0031390937273094,2.489936733423417,EEG17,C3,delta,W4,0.0392538879333417,4436,0.4436556344365563,1.0,0.936442424062965,0.9594215456082604,0.9245162440277712,1.0,0.7794220577942206,0.8490787284907874,0.9998000199980002,False,False,False,False,False
feature,TARGET__OC__MSPSS__EEG21,OC,MSPSS,MSPSS_total,GENDER_FEMALE,Mujer vs hombre,binary,1=mujer,W1 SEX_FEMALE,direct,135,0,94.0,41.0,135,131,-0.1178092773047255,0.1952137335575511,-0.6034886744789094,0.5472271657981065,0.2272322133632627,-0.5184532402383932,0.6050166908180068,0.0200106297459787,0.0172861203010822,0.0027245094448965,0.0027801418337734,0.1440406868336525,0.026231409528927,2.4232511138801414,EEG21,C4,delta,W4,0.0394069913028541,5482,0.5482451754824518,1.0,0.936442424062965,0.9891728224328948,0.9275621110455328,1.0,0.7832073935463597,0.8879778688797786,1.0,False,False,False,False,False
feature,TARGET__OC__MSPSS__EEG50,OC,MSPSS,MSPSS_total,GENDER_FEMALE,Mujer vs hombre,binary,1=mujer,W1 SEX_FEMALE,direct,135,0,94.0,41.0,135,131,-0.2344340071083776,0.1804908693793199,-1.298869066975852,0.1962704566150102,0.1777003702736824,-1.319265720984811,0.1893815486233732,0.0564477136694724,0.0442963386682105,0.0121513750012618,0.0128783271232572,0.2802376135012623,0.0458036063928847,2.3004802535817745,EEG50,T7,theta,W4,0.039647610447041,1881,0.1881811818818118,1.0,0.9240553659651414,0.9094288929128624,0.9118465316098148,1.0,0.7327267273272673,0.692930706929307,0.9471052894710528,False,False,False,False,False
feature,TARGET__OC__MSPSS__EEG42,OC,MSPSS,MSPSS_total,GENDER_FEMALE,Mujer vs hombre,binary,1=mujer,W1 SEX_FEMALE,direct,135,0,94.0,41.0,135,131,-0.056895201557171,0.1916729796383018,-0.2968347529450192,0.7670627997996554,0.2310945495567785,-0.2461988033308947,0.8059136892673502,0.0458475604761053,0.0452057955746584,0.0006417649014469,0.0006726020653127,0.2192786303652377,0.1623834288080667,2.433131869342533,EEG42,F7,theta,W4,0.0403006852011876,7531,0.7531246875312468,1.0,0.9827782335685468,0.996296827095842,0.9765811739993884,1.0,0.9414058594140584,0.9246075392460754,1.0,False,False,False,False,False
feature,TARGET__OC__MSPSS__EEG26,OC,MSPSS,MSPSS_total,GENDER_FEMALE,Mujer vs hombre,binary,1=mujer,W1 SEX_FEMALE,direct,135,0,94.0,41.0,135,131,-0.2445709021610574,0.1859408954875172,-1.3153152861817647,0.1907015275675134,0.1575490215127474,-1.5523479600999552,0.122991583480843,0.034486345213114,0.0217352684790301,0.0127510767340838,0.0132065213897967,0.2080514315194448,-0.0365194706416125,2.328973424535376,EEG26,P3,theta,W4,0.0403167916358557,1812,0.1812818718128187,1.0,0.9240553659651414,0.8431544791121992,0.9118465316098148,1.0,0.7327267273272673,0.6344865513448655,0.94000599940006,False,False,False,False,False
feature,TARGET__OC__MSPSS__EEG34,OC,MSPSS,MSPSS_total,GENDER_FEMALE,Mujer vs hombre,binary,1=mujer,W1 SEX_FEMALE,direct,135,0,94.0,41.0,135,131,-0.254924075498125,0.1804531663044799,-1.412688293138563,0.1601188009277064,0.1580049408934651,-1.6133930626258557,0.1090655106491533,0.0486951667091409,0.0342027404243209,0.01449242628482,0.0152342611722955,0.2620979534528987,0.0071738779547737,2.307690753766416,EEG34,O1,theta,W4,0.0410297253297877,1545,0.1545845415458454,1.0,0.9240553659651414,0.8093416969630775,0.9118465316098148,1.0,0.7327267273272673,0.7384897873848979,0.9045095490450956,False,False,False,False,False
feature,TARGET__OC__MSPSS__EEG45,OC,MSPSS,MSPSS_total,GENDER_FEMALE,Mujer vs hombre,binary,1=mujer,W1 SEX_FEMALE,direct,135,0,94.0,41.0,135,131,0.0399065611324615,0.1957791003763904,0.2038346332971197,0.8387990376359863,0.1990197837646592,0.2005155486434002,0.8413883664111366,0.0445114322699007,0.0442083851560229,0.0003030471138777,0.0003171645628347,0.1876172321919968,0.2275237933244583,2.35042479699387,EEG45,F8,delta,W4,0.0433332040268562,8343,0.8343165683431657,1.0,0.9827782335685468,0.996296827095842,0.9805750194211348,1.0,0.9500070401123152,0.9927007299270072,1.0,False,False,False,False,False
feature,TARGET__OC__MSPSS__EEG33,OC,MSPSS,MSPSS_total,GENDER_FEMALE,Mujer vs hombre,binary,1=mujer,W1 SEX_FEMALE,direct,135,0,94.0,41.0,135,131,-0.1815340405574094,0.1855290147892604,-0.9784671188148716,0.3296468595676682,0.1933194285109086,-0.9390367122214298,0.3494400788787069,0.0293549452275699,0.0222611014137531,0.0070938438138168,0.0073083809358921,0.1909397308152648,0.0094056902578554,2.3199051243943574,EEG33,O1,delta,W4,0.044927486351673,3210,0.3210678932106789,1.0,0.9240553659651414,0.9488919985621757,0.9118465316098148,1.0,0.7327267273272673,0.9883011698830118,0.9962003799620038,False,False,False,False,False
feature,TARGET__OC__MSPSS__EEG49,OC,MSPSS,MSPSS_total,GENDER_FEMALE,Mujer vs hombre,binary,1=mujer,W1 SEX_FEMALE,direct,135,0,94.0,41.0,135,131,-0.2082823659900408,0.1804460648901296,-1.1542638301193229,0.250493391637592,0.183247429266728,-1.1366182151831057,0.257772838060647,0.0328039564810045,0.0229671667211043,0.0098367897599002,0.0101704197673416,0.2058807072350698,-0.002401658754971,2.191739454105877,EEG49,T7,delta,W4,0.04614990038853,2499,0.24997500249975,1.0,0.9240553659651414,0.9360197031821096,0.9118465316098148,1.0,0.7327267273272673,0.7591240875912408,0.9784021597840216,False,False,False,False,False
feature,TARGET__OC__MSPSS__EEG25,OC,MSPSS,MSPSS_total,GENDER_FEMALE,Mujer vs hombre,binary,1=mujer,W1 SEX_FEMALE,direct,135,0,94.0,41.0,135,131,-0.1677801844334307,0.1964860839686354,-0.8539036508061969,0.3947171384740278,0.1772435420465765,-0.9466081669104818,0.3455813107298054,0.013456523882262,0.0079653818896771,0.0054911419925849,0.0055660415638181,0.09821232438922,-0.0695678600442106,2.38731504650769,EEG25,P3,delta,W4,0.0477275509808306,3970,0.3970602939706029,1.0,0.936442424062965,0.9488919985621757,0.9245162440277712,1.0,0.748258507482585,0.8677732226777323,0.9995000499950004,False,False,False,False,False
feature,TARGET__OC__MSPSS__EEG37,OC,MSPSS,MSPSS_total,GENDER_FEMALE,Mujer vs hombre,binary,1=mujer,W1 SEX_FEMALE,direct,135,0,94.0,41.0,135,131,-0.1820036404171147,0.1854353820291668,-0.981493598608316,0.3281585825535608,0.2130593947470623,-0.8542389817317558,0.3945320313850612,0.0404588519123357,0.033402710911748,0.0070561410005877,0.0073536617107566,0.229568662475228,0.0475650220581132,2.365276286084941,EEG37,O2,delta,W4,0.0480635496317914,3240,0.3240675932406759,1.0,0.9240553659651414,0.9594215456082604,0.9118465316098148,1.0,0.7327267273272673,0.967903209679032,0.995900409959004,False,False,False,False,False
feature,TARGET__OC__MSPSS__EEG29,OC,MSPSS,MSPSS_total,GENDER_FEMALE,Mujer vs hombre,binary,1=mujer,W1 SEX_FEMALE,direct,135,0,94.0,41.0,135,131,-0.1881402092777362,0.2016668640834901,-0.9329257443099136,0.3525746124892333,0.2056442350981502,-0.9148820008882834,0.3619345194515727,0.0152108053690057,0.008667967863787,0.0065428375052186,0.0066438965221082,0.1073899777032869,-0.0807502315744493,2.502760518797268,EEG29,P4,delta,W4,0.0493899977715527,3574,0.3574642535746425,1.0,0.9240553659651414,0.9488919985621757,0.9118465316098148,1.0,0.7327267273272673,0.8344332233443322,0.998000199980002,False,False,False,False,False
feature,TARGET__OA__MSPSS__EEG62,OA,MSPSS,MSPSS_total,GENDER_FEMALE,Mujer vs hombre,binary,1=mujer,W1 SEX_FEMALE,direct,135,0,94.0,41.0,135,131,-0.2038088486005725,0.1860155061570624,-1.0956551569872153,0.2752399421900626,0.1958912177330419,-1.0404185085945028,0.3000619180978582,0.0701319620340961,0.0616108201085426,0.0085211419255534,0.0091638184964325,0.3003336296755106,0.0965247810749381,2.352667714556805,EEG62,P8,theta,W4,0.0492521790867692,2736,0.2736726327367263,1.0,0.9240553659651414,0.9488919985621757,0.9118465316098148,1.0,0.7327267273272673,0.7662833716628337,0.9858014198580142,False,False,False,False,False
feature,TARGET__OA__MSPSS__EEG61,OA,MSPSS,MSPSS_total,GENDER_FEMALE,Mujer vs hombre,binary,1=mujer,W1 SEX_FEMALE,direct,135,0,94.0,41.0,135,131,-0.0198448983374733,0.2221278801746432,-0.0893399708396385,0.9289481725403927,0.2800862566894174,-0.0708528100308719,0.9436229525128018,0.0263415841924293,0.0262822606687596,5.932352366977423e-05,6.092847625680941e-05,0.1497236582853944,0.129878759947921,2.6959517859192177,EEG61,P8,delta,W4,0.0497293732930649,9310,0.931006899310069,1.0,0.9852480617852653,0.996296827095842,0.9844848848448488,1.0,0.9500070401123152,0.9777022297770224,1.0,False,False,False,False,False
feature,TARGET__DELTA_OC_MINUS_OA__MSPSS__EEG43,DELTA_OC_MINUS_OA,MSPSS,MSPSS_total,GENDER_FEMALE,Mujer vs hombre,binary,1=mujer,W1 SEX_FEMALE,direct,135,0,94.0,41.0,135,131,-0.0013047943769975,0.1831602554150377,-0.0071237855289122,0.9943269266615222,0.2133092961295179,-0.0061169128616188,0.9951287454090496,0.0245705794526613,0.0245702015793435,3.778733178583238e-07,3.873917578232255e-07,-0.1385624773261111,-0.1398672717031086,2.1781229767646404,EEG43,F7,alpha,W3,0.0076950147436451,9951,0.9951004899510048,1.0,0.9957494258412956,0.9965523916828825,0.9965240958021508,1.0,0.9951004899510048,0.9951004899510048,1.0,False,False,False,False,False
feature,TARGET__DELTA_OC_MINUS_OA__MSPSS__EEG23,DELTA_OC_MINUS_OA,MSPSS,MSPSS_total,GENDER_FEMALE,Mujer vs hombre,binary,1=mujer,W1 SEX_FEMALE,direct,135,0,94.0,41.0,135,131,0.1106050469647506,0.1770637652316625,0.624662232953421,0.5332792346360027,0.2001044746196779,0.5527365001455791,0.5813857993289732,0.0423033681800312,0.0394507268967377,0.0028526412832934,0.0029786481318957,-0.2271880098449554,-0.1165829628802048,2.215704216228729,EEG23,C4,alpha,W3 | W4,0.0084238953858853,5239,0.523947605239476,1.0,0.936442424062965,0.9886247647640076,0.9275621110455328,1.0,0.7832073935463597,0.8465335284653354,1.0,False,False,False,False,False
feature,TARGET__DELTA_OC_MINUS_OA__MSPSS__EEG45,DELTA_OC_MINUS_OA,MSPSS,MSPSS_total,GENDER_FEMALE,Mujer vs hombre,binary,1=mujer,W1 SEX_FEMALE,direct,135,0,94.0,41.0,135,131,-0.024935405901842,0.191707365633687,-0.1300701505099623,0.8967104408071508,0.1649455537447674,-0.1511735559748792,0.8800713565760446,0.0063659654379697,0.0062376406815058,0.0001283247564638,0.0001291469011731,0.0394255363403469,0.0144901304385048,2.3846355077168884,EEG45,F8,delta,W2,0.0094547706672181,8892,0.8892110788921108,1.0,0.9852069463869568,0.996296827095842,0.9844848848448488,1.0,0.9500070401123152,0.9067093290670932,1.0,False,False,False,False,False
feature,TARGET__DELTA_OC_MINUS_OA__MSPSS__EEG55,DELTA_OC_MINUS_OA,MSPSS,MSPSS_total,GENDER_FEMALE,Mujer vs hombre,binary,1=mujer,W1 SEX_FEMALE,direct,135,0,94.0,41.0,135,131,0.1790890611958676,0.1682517555001861,1.064411248866105,0.2891004707372384,0.1925258854747447,0.9302077004048388,0.353974558926718,0.0943977290466563,0.0865655047086106,0.0078322243380456,0.0086486359291044,-0.3634327794643994,-0.1843437182685317,2.211871538260444,EEG55,T8,alpha,W3,0.015348005968504,2832,0.2832716728327167,1.0,0.9240553659651414,0.9488919985621757,0.9118465316098148,1.0,0.7327267273272673,0.7269939672699397,0.9898010198980102,False,False,False,False,False
feature,TARGET__DELTA_OC_MINUS_OA__MSPSS__EEG51,DELTA_OC_MINUS_OA,MSPSS,MSPSS_total,GENDER_FEMALE,Mujer vs hombre,binary,1=mujer,W1 SEX_FEMALE,direct,135,0,94.0,41.0,135,131,0.0894057524361248,0.173722419305534,0.5146471756122774,0.607666802610242,0.1869234521362629,0.478301419187091,0.6332329428568191,0.0204607309861581,0.0184802542605168,0.0019804767256413,0.0020218451554629,-0.1590012460090931,-0.0695954935729683,2.239432806786029,EEG51,T7,alpha,W2,0.0328030420497389,5981,0.5981401859814018,1.0,0.936442424062965,0.9891728224328948,0.9275621110455328,1.0,0.8307502583075026,0.6536346365363463,1.0,False,False,False,False,False
feature,TARGET__DELTA_OC_MINUS_OA__BAI__EEG8,DELTA_OC_MINUS_OA,BAI,STAI_Trait_Anxiety,GENDER_FEMALE,Mujer vs hombre,binary,1=mujer,W1 SEX_FEMALE,direct,135,0,94.0,41.0,135,131,-0.2984653899718572,0.1841517887694727,-1.620757484715427,0.1074743015341561,0.1806810977992882,-1.6518905054662167,0.1009519175395193,0.0211729226328043,0.0015451620961681,0.0196277605366361,0.0200523269027559,0.1431952722139362,-0.155270117757921,2.397234878727341,EEG8,Fp2,beta,W4,0.0343388639933498,1067,0.1067893210678932,1.0,0.9240553659651414,0.7923279381621363,0.9118465316098148,1.0,0.7327267273272673,0.4983501649835016,0.7902209779022098,False,False,False,False,False
feature,TARGET__DELTA_OC_MINUS_OA__MSPSS__EEG11,DELTA_OC_MINUS_OA,MSPSS,MSPSS_total,GENDER_FEMALE,Mujer vs hombre,binary,1=mujer,W1 SEX_FEMALE,direct,135,0,94.0,41.0,135,131,-0.0199834393960644,0.1799941102815777,-0.1110227404930244,0.9117682331344852,0.2007157770458773,-0.099560880017403,0.9208451501464764,0.0362473239322739,0.0361566425382353,9.06813940385609e-05,9.409197638605408e-05,-0.1688746471661641,-0.1888580865622285,2.1815708678131225,EEG11,F3,alpha,W3,0.0345540481569964,9088,0.9088091190880913,1.0,0.9852069463869568,0.996296827095842,0.9844848848448488,1.0,0.9500070401123152,0.9088091190880913,1.0,False,False,False,False,False
feature,TARGET__DELTA_OC_MINUS_OA__MSPSS__EEG7,DELTA_OC_MINUS_OA,MSPSS,MSPSS_total,GENDER_FEMALE,Mujer vs hombre,binary,1=mujer,W1 SEX_FEMALE,direct,135,0,94.0,41.0,135,131,0.0437550486889332,0.1778155760356994,0.2460698306887842,0.8060133114989548,0.2193237636693635,0.1994998077586116,0.8421811280903225,0.0781875279347781,0.0777614509997545,0.0004260769350236,0.0004622165005741,-0.2839515610841261,-0.2401965123951929,2.179346699572828,EEG7,Fp2,alpha,W2,0.0346170182546974,7985,0.7985201479852014,1.0,0.9827782335685468,0.996296827095842,0.9792965340144184,1.0,0.9500070401123152,0.8599447747532938,1.0,False,False,False,False,False
feature,TARGET__DELTA_OC_MINUS_OA__MSPSS__EEG59,DELTA_OC_MINUS_OA,MSPSS,MSPSS_total,GENDER_FEMALE,Mujer vs hombre,binary,1=mujer,W1 SEX_FEMALE,direct,135,0,94.0,41.0,135,131,0.0624644207319726,0.1752037799786253,0.3565243897111876,0.7220214783383143,0.2054315672630907,0.3040643731835823,0.7615612989429916,0.0702409498472771,0.0693388022245417,0.0009021476227354,0.000970302598923,-0.2760520059207487,-0.2135875851887761,2.1847531185167157,EEG59,P7,alpha,W3,0.0405515036123669,7059,0.7059294070592941,1.0,0.970198685312858,0.996296827095842,0.9612282533742786,1.0,0.9072169706106312,0.8654634536546345,1.0,False,False,False,False,False
feature,TARGET__DELTA_OC_MINUS_OA__MSPSS__EEG31,DELTA_OC_MINUS_OA,MSPSS,MSPSS_total,GENDER_FEMALE,Mujer vs hombre,binary,1=mujer,W1 SEX_FEMALE,direct,135,0,94.0,41.0,135,131,0.0473013080470817,0.1848237394795522,0.255926582701325,0.7984089628076656,0.2160390862676768,0.2189479175470799,0.8270313743019141,0.0496248979070413,0.0491497218494891,0.0004751760575522,0.00049998790636,-0.2239973589519629,-0.1766960509048811,2.184296261972544,EEG31,P4,alpha,W3,0.0409085023412764,7956,0.7956204379562044,1.0,0.9827782335685468,0.996296827095842,0.9792965340144184,1.0,0.9500070401123152,0.8801119888011198,1.0,False,False,False,False,False
feature,TARGET__DELTA_OC_MINUS_OA__BAI__EEG4,DELTA_OC_MINUS_OA,BAI,STAI_Trait_Anxiety,GENDER_FEMALE,Mujer vs hombre,binary,1=mujer,W1 SEX_FEMALE,direct,135,0,94.0,41.0,135,131,-0.1181302429578781,0.1793979670874047,-0.658481502749269,0.5113844144925871,0.166397652531984,-0.709927340682717,0.4790109938446803,0.0050499156558575,0.0017567228566773,0.0032931927991801,0.0033099075531522,0.0167263100440609,-0.1014039329138171,2.364037583893018,EEG4,Fp1,beta,W4,0.0411042368767334,5190,0.519048095190481,1.0,0.936442424062965,0.973689025705312,0.9275621110455328,1.0,0.7832073935463597,0.9363063693630636,1.0,False,False,False,False,False
feature,TARGET__DELTA_OC_MINUS_OA__BAI__EEG59,DELTA_OC_MINUS_OA,BAI,STAI_Trait_Anxiety,GENDER_FEMALE,Mujer vs hombre,binary,1=mujer,W1 SEX_FEMALE,direct,135,0,94.0,41.0,135,131,-0.2560525985414162,0.1759219746098389,-1.4554895663790248,0.1479260283612059,0.1475886230731134,-1.734907428566301,0.0851091234319267,0.0626027975985338,0.0474437976831654,0.0151589999153683,0.0161713731132687,0.3102670558035149,0.0542144572620986,2.1847531185167157,EEG59,P7,alpha,W4,0.0416182735950191,1475,0.1475852414758524,1.0,0.9240553659651414,0.7526967281455017,0.9118465316098148,1.0,0.7327267273272673,0.6096390360963904,0.8835116488351165,False,False,False,False,False
feature,TARGET__DELTA_OC_MINUS_OA__MSPSS__EEG39,DELTA_OC_MINUS_OA,MSPSS,MSPSS_total,GENDER_FEMALE,Mujer vs hombre,binary,1=mujer,W1 SEX_FEMALE,direct,135,0,94.0,41.0,135,131,0.025544540146798,0.1842611805314845,0.1386322396997409,0.8899536497375719,0.1876119758209948,0.1361562343502563,0.8919067863092295,0.0450292221726533,0.0448891192271462,0.0001401029455071,0.000146709144154,-0.2075195889962002,-0.1819750488494022,2.2325219193422186,EEG39,O2,alpha,W3,0.0454113384125685,8878,0.8878112188781122,1.0,0.9852069463869568,0.996296827095842,0.9844848848448488,1.0,0.9500070401123152,0.956104389561044,1.0,False,False,False,False,False
feature,TARGET__DELTA_OC_MINUS_OA__BAI__EEG3,DELTA_OC_MINUS_OA,BAI,STAI_Trait_Anxiety,GENDER_FEMALE,Mujer vs hombre,binary,1=mujer,W1 SEX_FEMALE,direct,135,0,94.0,41.0,135,131,-0.2842172900103829,0.1822459780496389,-1.559525719316394,0.1212846234244735,0.1695692855557153,-1.6761130359129672,0.0961011084907147,0.0480589751251139,0.0303854235825312,0.0176735515425826,0.0185658051084682,0.2658046993478621,-0.0184125906625208,2.2112000942095023,EEG3,Fp1,alpha,W2,0.0459919248789558,1217,0.1217878212178782,1.0,0.9240553659651414,0.7815271047854544,0.9118465316098148,1.0,0.7327267273272673,0.4913508649135086,0.8257174282571743,False,False,False,False,False
feature,TARGET__DELTA_OC_MINUS_OA__BAI__EEG12,DELTA_OC_MINUS_OA,BAI,STAI_Trait_Anxiety,GENDER_FEMALE,Mujer vs hombre,binary,1=mujer,W1 SEX_FEMALE,direct,135,0,94.0,41.0,135,131,-0.231505707616777,0.1839707957000672,-1.2583829228754724,0.210491453741574,0.1666654432437815,-1.3890444420332155,0.1671760471548881,0.0144127927203469,0.0024990177142499,0.0119137750060969,0.0120879967983558,0.1920623119665323,-0.0394433956502446,2.442259325737125,EEG12,F3,beta,W4,0.0478588951311882,2108,0.2108789121087891,1.0,0.9240553659651414,0.8910854983100159,0.9118465316098148,1.0,0.7327267273272673,0.7104827978740588,0.9572042795720428,False,False,False,False,False
feature,TARGET__DELTA_OC_MINUS_OA__MSPSS__EEG36,DELTA_OC_MINUS_OA,MSPSS,MSPSS_total,GENDER_FEMALE,Mujer vs hombre,binary,1=mujer,W1 SEX_FEMALE,direct,135,0,94.0,41.0,135,131,-0.0725513330334313,0.1962236091996715,-0.3697380418663342,0.712174718431588,0.2089507351532691,-0.3472174097890284,0.7289851861840703,0.0183197625098391,0.0172953213333018,0.0010244411765373,0.0010435589282682,-0.0905651287375894,-0.1631164617710208,2.293507960312154,EEG36,O1,beta,W5,0.0490054593140692,7076,0.7076292370762923,1.0,0.970198685312858,0.996296827095842,0.9612282533742786,1.0,0.9072169706106312,0.954104589541046,1.0,False,False,False,False,False
feature,TARGET__DELTA_OC_MINUS_OA__MSPSS__EEG19,DELTA_OC_MINUS_OA,MSPSS,MSPSS_total,GENDER_FEMALE,Mujer vs hombre,binary,1=mujer,W1 SEX_FEMALE,direct,135,0,94.0,41.0,135,131,0.1240251613513372,0.1687828384683289,0.7348209241937228,0.4637619536876029,0.2095932369796775,0.5917421913921913,0.5550430653646765,0.0734673810520324,0.0696483565328952,0.0038190245191371,0.0041218457300224,-0.3113512122398461,-0.1873260508885088,2.2073731612961027,EEG19,C3,alpha,W3,0.0494633433241626,4530,0.4530546945305469,1.0,0.936442424062965,0.9811367317052362,0.9245162440277712,1.0,0.7794220577942206,0.8465153484651535,0.999900009999,False,False,False,False,False
feature,TARGET__OC__MSPSS__EEG62,OC,MSPSS,MSPSS_total,AGE_MIDPOINT,Edad por punto medio del intervalo,continuous,mayor edad,none,new_W,135,0,,,135,131,-0.0938600948093111,0.0809394153764575,-1.1596339604475538,0.2483071134923288,0.0792949675052138,-1.1836828712129754,0.2386820857996411,0.0444714517026392,0.034662689133681,0.0098087625689581,0.0102652742154446,0.2636242149349612,0.075904025316339,1.267150078816612,EEG62,P8,theta,W4,0.0301372372361042,2430,0.2430756924307569,1.0,0.9240553659651414,0.9184859084636012,0.9118465316098148,1.0,0.854753234353984,0.6250374962503751,0.98000199980002,False,False,False,False,False
feature,TARGET__OC__MSPSS__EEG61,OC,MSPSS,MSPSS_total,AGE_MIDPOINT,Edad por punto medio del intervalo,continuous,mayor edad,none,new_W,135,0,,,135,131,-0.108691516465482,0.0947439327129607,-1.147213476928146,0.2533843097595366,0.0788364038066179,-1.3786970386434323,0.17033792475967,0.0278992636543274,0.0181329997207447,0.0097662639335827,0.0100465554324093,0.2047264029329602,-0.0126566299980037,1.5593530244574778,EEG61,P8,delta,W4,0.0303231288881845,2507,0.2507749225077492,1.0,0.9240553659651414,0.8910854983100159,0.9118465316098148,1.0,0.854753234353984,0.8812755088127551,0.982001799820018,False,False,False,False,False
feature,TARGET__OC__MSPSS__EEG5,OC,MSPSS,MSPSS_total,AGE_MIDPOINT,Edad por punto medio del intervalo,continuous,mayor edad,none,new_W,135,0,,,135,131,-0.0907753132833389,0.0836079914346976,-1.0857253203390178,0.2795944300519866,0.0741801187460245,-1.2237148553796795,0.2232562810649639,0.0118052697575554,0.0029130298684153,0.0088922398891401,0.0089984692459941,0.1003752854706384,-0.0811753410960394,1.2533209077554484,EEG5,Fp2,delta,W4,0.0308392371721907,2765,0.2765723427657234,1.0,0.9240553659651414,0.9094288929128624,0.9118465316098148,1.0,0.854753234353984,0.6453354664533546,0.9897010298970104,False,False,False,False,False
feature,TARGET__OC__MSPSS__EEG6,OC,MSPSS,MSPSS_total,AGE_MIDPOINT,Edad por punto medio del intervalo,continuous,mayor edad,none,new_W,135,0,,,135,131,-0.0885725067403487,0.0741104584161158,-1.1951418009457089,0.2341907841440044,0.0613293418174839,-1.4442109456178496,0.1510671068808912,0.0258520444390401,0.0152303818686593,0.0106216625703807,0.0109035414073874,0.2025383270124235,0.0253933135317259,1.268299852251232,EEG6,Fp2,theta,W4,0.0341492186828345,2287,0.2287771222877712,1.0,0.9240553659651414,0.8910854983100159,0.9118465316098148,1.0,0.854753234353984,0.6411358864113589,0.974002599740026,False,False,False,False,False
feature,TARGET__OC__MSPSS__EEG54,OC,MSPSS,MSPSS_total,AGE_MIDPOINT,Edad por punto medio del intervalo,continuous,mayor edad,none,new_W,135,0,,,135,131,-0.0908155857024597,0.0851739510497215,-1.0662366202719047,0.2882778359097765,0.0829263569572584,-1.0951353590664494,0.2754667191653869,0.0430534801385147,0.034748787557273,0.0083046925812416,0.0086783246596097,0.2601015689353111,0.0784703975303916,1.3128191397840556,EEG54,T8,theta,W4,0.0343992826654235,2854,0.2854714528547145,1.0,0.9240553659651414,0.9488919985621757,0.9118465316098148,1.0,0.854753234353984,0.7097290270972902,0.991000899910009,False,False,False,False,False
feature,TARGET__OC__MSPSS__EEG58,OC,MSPSS,MSPSS_total,AGE_MIDPOINT,Edad por punto medio del intervalo,continuous,mayor edad,none,new_W,135,0,,,135,131,-0.0802499355944555,0.0819077950653961,-0.9797594420699896,0.3290108170662864,0.0789695148290495,-1.016214114626104,0.3114006186620759,0.0352445386744407,0.0281751010796678,0.0070694375947729,0.0073276989643154,0.2332511334611259,0.0727512622722147,1.2352309664725285,EEG58,P7,theta,W4,0.0345495111494009,3265,0.3265673432656734,1.0,0.9240553659651414,0.9488919985621757,0.9118465316098148,1.0,0.854753234353984,0.7972202779722029,0.996000399960004,False,False,False,False,False
feature,TARGET__OC__MSPSS__EEG57,OC,MSPSS,MSPSS_total,AGE_MIDPOINT,Edad por punto medio del intervalo,continuous,mayor edad,none,new_W,135,0,,,135,131,-0.0828323611561067,0.0875387163048814,-0.9462368726954672,0.345769896761553,0.0947897040596263,-0.8738539905557882,0.3837969018283712,0.0196667643881175,0.0129663422346295,0.0067004221534879,0.0068348413683086,0.175293962287756,0.0096292399755425,1.3807253826951131,EEG57,P7,delta,W4,0.0347741004973604,3388,0.3388661133886611,1.0,0.9240553659651414,0.9594215456082604,0.9118465316098148,1.0,0.854753234353984,0.752004799520048,0.9972002799720028,False,False,False,False,False
feature,TARGET__OC__MSPSS__EEG13,OC,MSPSS,MSPSS_total,AGE_MIDPOINT,Edad por punto medio del intervalo,continuous,mayor edad,none,new_W,135,0,,,135,131,-0.0336359173539651,0.0810398879334132,-0.415053848317291,0.6787814552321979,0.1212887356828312,-0.2773210320365012,0.7819707573387017,0.051086440309125,0.0498385849548504,0.0012478553542745,0.0013150358549845,0.2567276614809965,0.1894558267730662,1.3870508379285766,EEG13,F4,delta,W4,0.0347749067907123,6713,0.6713328667133287,1.0,0.9570681755329546,0.996296827095842,0.9505274372161178,1.0,0.9203133740679986,0.9398660133986602,1.0,False,False,False,False,False
feature,TARGET__OC__MSPSS__EEG10,OC,MSPSS,MSPSS_total,AGE_MIDPOINT,Edad por punto medio del intervalo,continuous,mayor edad,none,new_W,135,0,,,135,131,0.0138707623253547,0.0788866646981394,0.1758315220757699,0.8606978157389418,0.1252496126809303,0.1107449518481955,0.9119880877674148,0.044384289330239,0.0441587587399685,0.0002255305902705,0.0002360055279045,0.1944269652263704,0.22216848987708,1.3076819279440617,EEG10,F3,theta,W4,0.0347846023678833,8570,0.857014298570143,1.0,0.9827782335685468,0.996296827095842,0.9805750194211348,1.0,0.9482385094823852,0.9229384753832308,1.0,False,False,False,False,False
feature,TARGET__OC__MSPSS__EEG18,OC,MSPSS,MSPSS_total,AGE_MIDPOINT,Edad por punto medio del intervalo,continuous,mayor edad,none,new_W,135,0,,,135,131,-0.0688367073290656,0.0845909073414999,-0.8137601249643366,0.4172590548213942,0.0814219566125925,-0.8454317507572581,0.3994113481651308,0.0353905432969098,0.0305144385097921,0.0048761047871176,0.0050550041296334,0.2281754122192405,0.0905019975611092,1.278045212528156,EEG18,C3,theta,W4,0.0358267801609531,4147,0.4147585241475852,1.0,0.936442424062965,0.9594215456082604,0.9245162440277712,1.0,0.854753234353984,0.6957304269573042,0.9997000299970004,False,False,False,False,False
feature,TARGET__OC__MSPSS__EEG22,OC,MSPSS,MSPSS_total,AGE_MIDPOINT,Edad por punto medio del intervalo,continuous,mayor edad,none,new_W,135,0,,,135,131,-0.0962690611000082,0.0861315954994819,-1.1176974087353022,0.2657418393697334,0.075286812121418,-1.27869753529677,0.2032642555277029,0.0389260513919496,0.0297610191384772,0.0091650322534723,0.0095362404388822,0.2489771329171244,0.0564390107171079,1.3360496176013263,EEG22,C4,theta,W4,0.0364824153601674,2629,0.262973702629737,1.0,0.9240553659651414,0.9094288929128624,0.9118465316098148,1.0,0.854753234353984,0.7549911675499117,0.985901409859014,False,False,False,False,False
feature,TARGET__OC__MSPSS__EEG30,OC,MSPSS,MSPSS_total,AGE_MIDPOINT,Edad por punto medio del intervalo,continuous,mayor edad,none,new_W,135,0,,,135,131,-0.0953110075530301,0.0822091375425498,-1.1593724299041468,0.2484132735860628,0.0714752240653516,-1.33348315866607,0.1846873589110556,0.032225576432132,0.0222955871029892,0.0099299893291427,0.010260644513144,0.221605946449244,0.0309839313431836,1.304150747503173,EEG30,P4,theta,W4,0.0367556740163888,2437,0.2437756224377562,1.0,0.9240553659651414,0.9094288929128624,0.9118465316098148,1.0,0.854753234353984,0.6964303569643037,0.9803019698030196,False,False,False,False,False
feature,TARGET__OC__MSPSS__EEG53,OC,MSPSS,MSPSS_total,AGE_MIDPOINT,Edad por punto medio del intervalo,continuous,mayor edad,none,new_W,135,0,,,135,131,-0.0800503859720722,0.0972208179167109,-0.8233872918108073,0.4117842341703984,0.1012059435632357,-0.7909652650197856,0.4303939455140134,0.0159614261832761,0.0108687138324431,0.0050927123508329,0.0051753178039354,0.1586120036224742,-0.0014887683216702,1.5254459188979477,EEG53,T8,delta,W4,0.0369640002416077,4094,0.4094590540945905,1.0,0.936442424062965,0.9671709622064152,0.9245162440277712,1.0,0.854753234353984,0.7165533446655334,0.9997000299970004,False,False,False,False,False
feature,TARGET__OC__MSPSS__EEG1,OC,MSPSS,MSPSS_total,AGE_MIDPOINT,Edad por punto medio del intervalo,continuous,mayor edad,none,new_W,135,0,,,135,131,-0.0331308440037333,0.0722759472772303,-0.4583937707056634,0.6474291078102946,0.093594406733482,-0.3539831616014853,0.7239206043601664,0.0100729059383195,0.0084850564636453,0.0015878494746741,0.0016040064810825,0.1175702006110826,0.0513085126036159,1.424798403842484,EEG1,Fp1,delta,W4,0.0371765040761449,6438,0.6438356164383562,1.0,0.946138570912748,0.996296827095842,0.9446138719461388,1.0,0.9203133740679986,0.8741125887411259,1.0,False,False,False,False,False
feature,TARGET__OC__MSPSS__EEG46,OC,MSPSS,MSPSS_total,AGE_MIDPOINT,Edad por punto medio del intervalo,continuous,mayor edad,none,new_W,135,0,,,135,131,-0.0506397120329226,0.0800540136130957,-0.6325693084879711,0.5281175178176933,0.0932010998382212,-0.5433381378634284,0.5878203856042166,0.0546262083603091,0.0517385321439395,0.0028876762163696,0.0030545338171065,0.2677982293770272,0.1665188053111819,1.2649878486437185,EEG46,F8,theta,W4,0.037300816525276,5224,0.5224477552244775,1.0,0.936442424062965,0.9886247647640076,0.9275621110455328,1.0,0.854753234353984,0.8126965081269649,1.0,False,False,False,False,False
feature,TARGET__OC__MSPSS__EEG9,OC,MSPSS,MSPSS_total,AGE_MIDPOINT,Edad por punto medio del intervalo,continuous,mayor edad,none,new_W,135,0,,,135,131,0.02501491697089,0.0831464002296274,0.3008538782413404,0.7640028930484115,0.1573169006495038,0.1590097241149086,0.8739060965775032,0.0332033290559221,0.0325353311836406,0.0006679978722815,0.0006909393591821,0.1573035787996367,0.2073334127414169,1.4695680572064391,EEG9,F3,delta,W4,0.0373805689785554,7577,0.7577242275772422,1.0,0.9827782335685468,0.996296827095842,0.9765811739993884,1.0,0.9482385094823852,0.9167916541679164,1.0,False,False,False,False,False
feature,TARGET__OC__MSPSS__EEG38,OC,MSPSS,MSPSS_total,AGE_MIDPOINT,Edad por punto medio del intervalo,continuous,mayor edad,none,new_W,135,0,,,135,131,-0.0739990053666523,0.077120048487464,-0.9595300679651536,0.3390594133195024,0.0756144010335469,-0.9786364019973132,0.3295634976739259,0.0463205463316204,0.0396178690856872,0.0067026772459332,0.0070282286361009,0.2643884692105007,0.116390458477196,1.2550183170972011,EEG38,O2,theta,W4,0.0381984113175509,3316,0.3316668333166683,1.0,0.9240553659651414,0.9488919985621757,0.9118465316098148,1.0,0.854753234353984,0.8739792687397927,0.997000299970003,False,False,False,False,False
feature,TARGET__OC__MSPSS__EEG14,OC,MSPSS,MSPSS_total,AGE_MIDPOINT,Edad por punto medio del intervalo,continuous,mayor edad,none,new_W,135,0,,,135,131,-0.0760686906265831,0.0789324013091462,-0.9637194531641428,0.3369622192284017,0.0808828776771059,-0.9404795280684548,0.3487026262543805,0.0471905855891942,0.040435420067165,0.0067551655220291,0.0070897342321143,0.2665570886228369,0.1144197073696706,1.2327209410818287,EEG14,F4,theta,W4,0.0385821877448471,3304,0.3304669533046695,1.0,0.9240553659651414,0.9488919985621757,0.9118465316098148,1.0,0.854753234353984,0.653949989616423,0.9968003199680032,False,False,False,False,False
feature,TARGET__OC__MSPSS__EEG2,OC,MSPSS,MSPSS_total,AGE_MIDPOINT,Edad por punto medio del intervalo,continuous,mayor edad,none,new_W,135,0,,,135,131,-0.0298159912274476,0.0657562181783267,-0.4534322692735848,0.6509877147701516,0.0781902148414278,-0.3813263755306902,0.7035788466972756,0.0286722496629915,0.0271477780240922,0.0015244716388992,0.0015694719299127,0.1969834376602275,0.1373514552053322,1.5794018431970314,EEG2,Fp1,theta,W4,0.0390269244562189,6477,0.6477352264773523,1.0,0.9493570840398045,0.996296827095842,0.9446138719461388,1.0,0.9203133740679986,0.7931373529313736,1.0,False,False,False,False,False
feature,TARGET__OC__MSPSS__EEG17,OC,MSPSS,MSPSS_total,AGE_MIDPOINT,Edad por punto medio del intervalo,continuous,mayor edad,none,new_W,135,0,,,135,131,-0.0741098012162862,0.0955088843183485,-0.7759466749633965,0.4391791003442712,0.0766192089682742,-0.9672483208091184,0.3352022384766011,0.0206309524652585,0.0161296434169884,0.0045013090482701,0.0045961316212727,0.1820243511374599,0.0338047487048874,1.449056536958479,EEG17,C3,delta,W4,0.0392538879333417,4338,0.4338566143385661,1.0,0.936442424062965,0.9488919985621757,0.9245162440277712,1.0,0.854753234353984,0.8490787284907874,0.999900009999,False,False,False,False,False
feature,TARGET__OC__MSPSS__EEG21,OC,MSPSS,MSPSS_total,AGE_MIDPOINT,Edad por punto medio del intervalo,continuous,mayor edad,none,new_W,135,0,,,135,131,-0.0615156145465861,0.0966452538012553,-0.636509421073993,0.525555068928316,0.1047168760938693,-0.5874469984326388,0.5579147261120619,0.0176811699156306,0.0146431483972101,0.0030380215184204,0.0030927041459233,0.1642258347259374,0.0411946056327651,1.5910856156502062,EEG21,C4,delta,W4,0.0394069913028541,5222,0.5222477752224778,1.0,0.936442424062965,0.9837287362177414,0.9275621110455328,1.0,0.854753234353984,0.8879778688797786,1.0,False,False,False,False,False
feature,TARGET__OC__MSPSS__EEG50,OC,MSPSS,MSPSS_total,AGE_MIDPOINT,Edad por punto medio del intervalo,continuous,mayor edad,none,new_W,135,0,,,135,131,-0.0442202885423107,0.0850283285313649,-0.5200653629925098,0.6038957735312359,0.0914547017623058,-0.4835212153142315,0.6295329166666772,0.0447534087587608,0.0427811674027339,0.0019722413560269,0.0020646410823243,0.2407054781238528,0.1522649010392314,1.2808547311948495,EEG50,T7,theta,W4,0.039647610447041,5989,0.5989401059894011,1.0,0.936442424062965,0.9891728224328948,0.9275621110455328,1.0,0.9203133740679986,0.8928307169283072,1.0,False,False,False,False,False
feature,TARGET__OC__MSPSS__EEG42,OC,MSPSS,MSPSS_total,AGE_MIDPOINT,Edad por punto medio del intervalo,continuous,mayor edad,none,new_W,135,0,,,135,131,-0.0133044443726205,0.078524455482127,-0.1694305842801904,0.8657193239696892,0.0967020653880122,-0.1375818015803195,0.8907821804957917,0.0442468192948695,0.0440373800451804,0.000209439249689,0.0002191352892328,0.2196793754945536,0.1930704867493124,1.2908711450579686,EEG42,F7,theta,W4,0.0403006852011876,8629,0.8629137086291371,1.0,0.9827782335685468,0.996296827095842,0.9805750194211348,1.0,0.9482385094823852,0.9246075392460754,1.0,False,False,False,False,False
feature,TARGET__OC__MSPSS__EEG26,OC,MSPSS,MSPSS_total,AGE_MIDPOINT,Edad por punto medio del intervalo,continuous,mayor edad,none,new_W,135,0,,,135,131,-0.1233539046422868,0.0804796674021328,-1.5327337776624284,0.1277529487066746,0.0588265339691544,-2.09690927408654,0.0379242604178079,0.0373708551370769,0.0201076604923378,0.0172631946447391,0.0179333804060102,0.2387453565825961,-0.0079624527019774,1.2644146022191445,EEG26,P3,theta,W4,0.0403167916358557,1243,0.1243875612438756,1.0,0.9240553659651414,0.5205290645581483,0.9118465316098148,1.0,0.854753234353984,0.6344865513448655,0.8433156684331566,False,True,False,False,False
feature,TARGET__OC__MSPSS__EEG34,OC,MSPSS,MSPSS_total,AGE_MIDPOINT,Edad por punto medio del intervalo,continuous,mayor edad,none,new_W,135,0,,,135,131,-0.0884187898890471,0.0800640372399492,-1.104350878835388,0.2714652882590748,0.0727647325432467,-1.215132479687144,0.2265011016000287,0.0414818143083159,0.0325581500193908,0.0089236642889251,0.0093098539204925,0.2523418577754673,0.0755042779973729,1.3111295954228128,EEG34,O1,theta,W4,0.0410297253297877,2650,0.2650734926507349,1.0,0.9240553659651414,0.9094288929128624,0.9118465316098148,1.0,0.854753234353984,0.7384897873848979,0.9876012398760124,False,False,False,False,False
feature,TARGET__OC__MSPSS__EEG45,OC,MSPSS,MSPSS_total,AGE_MIDPOINT,Edad por punto medio del intervalo,continuous,mayor edad,none,new_W,135,0,,,135,131,-0.0101453886390648,0.0902662106576976,-0.1123940903815895,0.9106829845711976,0.0986463982974302,-0.1028460117568139,0.9182424573086018,0.0414963808706899,0.0414039516236544,9.242924703556366e-05,9.643077521139144e-05,0.2070635635836425,0.1867727863055128,1.3074476495424328,EEG45,F8,delta,W4,0.0433332040268562,9103,0.9103089691030896,1.0,0.9852069463869568,0.996296827095842,0.9844848848448488,1.0,0.9482385094823852,0.9927007299270072,1.0,False,False,False,False,False
feature,TARGET__OC__MSPSS__EEG33,OC,MSPSS,MSPSS_total,AGE_MIDPOINT,Edad por punto medio del intervalo,continuous,mayor edad,none,new_W,135,0,,,135,131,-0.0802240205233849,0.0836063797418854,-0.959544244961416,0.3390523021016742,0.074898582343492,-1.071101989026573,0.2860929785927766,0.0266843990503323,0.019843512328914,0.0068408867214183,0.0070284363209052,0.2016206025709985,0.0411725615242286,1.4124646086307004,EEG33,O1,delta,W4,0.044927486351673,3281,0.3281671832816718,1.0,0.9240553659651414,0.9488919985621757,0.9118465316098148,1.0,0.854753234353984,0.9883011698830118,0.997000299970003,False,False,False,False,False
feature,TARGET__OC__MSPSS__EEG49,OC,MSPSS,MSPSS_total,AGE_MIDPOINT,Edad por punto medio del intervalo,continuous,mayor edad,none,new_W,135,0,,,135,131,-0.0163347821958194,0.0977115377963583,-0.1671735248897927,0.8674912967863952,0.1107805482435894,-0.1474517183278579,0.8830021874847793,0.019144160262106,0.0189349086146407,0.0002092516474653,0.0002133357818629,0.143922392701338,0.1112528283096991,1.492473852484003,EEG49,T7,delta,W4,0.04614990038853,8650,0.865013498650135,1.0,0.9827782335685468,0.996296827095842,0.9805750194211348,1.0,0.9482385094823852,0.9315529985462992,1.0,False,False,False,False,False
feature,TARGET__OC__MSPSS__EEG25,OC,MSPSS,MSPSS_total,AGE_MIDPOINT,Edad por punto medio del intervalo,continuous,mayor edad,none,new_W,135,0,,,135,131,-0.1155074509979858,0.089035340547934,-1.2973213814552658,0.196800666431514,0.0668623756869006,-1.727540336569517,0.0864274126974362,0.0179255888591431,0.0053082359269956,0.0126173529321474,0.0128476547082518,0.1522294783184856,-0.078785423677486,1.3641613284307692,EEG25,P3,delta,W4,0.0477275509808306,1919,0.191980801919808,1.0,0.9240553659651414,0.7526967281455017,0.9118465316098148,1.0,0.854753234353984,0.8677732226777323,0.948105189481052,False,False,False,False,False
feature,TARGET__OC__MSPSS__EEG37,OC,MSPSS,MSPSS_total,AGE_MIDPOINT,Edad por punto medio del intervalo,continuous,mayor edad,none,new_W,135,0,,,135,131,-0.0605744721671383,0.0790174226658787,-0.7665964052418477,0.4447007798415713,0.0831993345291927,-0.7280643830857095,0.4678735576815494,0.0362978668771748,0.0319746693249576,0.0043231975522172,0.0044860309048067,0.2294351728090891,0.1082862284748125,1.3077044276475966,EEG37,O2,delta,W4,0.0480635496317914,4353,0.4353564643535646,1.0,0.936442424062965,0.973689025705312,0.9245162440277712,1.0,0.854753234353984,0.967903209679032,0.999900009999,False,False,False,False,False
feature,TARGET__OC__MSPSS__EEG29,OC,MSPSS,MSPSS_total,AGE_MIDPOINT,Edad por punto medio del intervalo,continuous,mayor edad,none,new_W,135,0,,,135,131,-0.1131806264923266,0.0906132160345276,-1.249052085837013,0.2138733522427087,0.0778221418093201,-1.4543499299934708,0.148241104553379,0.0179938553359599,0.0062987535071131,0.0116951018288468,0.0119093978101816,0.1497794224589621,-0.0765818305256911,1.4582190113297917,EEG29,P4,delta,W4,0.0493899977715527,2114,0.2114788521147885,1.0,0.9240553659651414,0.8869125913450027,0.9118465316098148,1.0,0.854753234353984,0.7401759824017599,0.9615038496150384,False,False,False,False,False
feature,TARGET__OA__MSPSS__EEG62,OA,MSPSS,MSPSS_total,AGE_MIDPOINT,Edad por punto medio del intervalo,continuous,mayor edad,none,new_W,135,0,,,135,131,0.0015989491648918,0.0895700159197587,0.0178513886424252,0.9857845691671128,0.1004247972325675,0.0159218560450654,0.9873209572201098,0.0601131454520609,0.0601108590727055,2.286379355398438e-06,2.432611270532267e-06,0.2425554423270163,0.2457533406568,1.3783586981723273,EEG62,P8,theta,W4,0.0492521790867692,9859,0.985901409859014,1.0,0.9957494258412956,0.9965523916828825,0.9965240958021508,1.0,0.985901409859014,0.993000699930007,1.0,False,False,False,False,False
feature,TARGET__OA__MSPSS__EEG61,OA,MSPSS,MSPSS_total,AGE_MIDPOINT,Edad por punto medio del intervalo,continuous,mayor edad,none,new_W,135,0,,,135,131,0.0130284889425074,0.0982152506851477,0.1326524022656454,0.89467182998967,0.1060753589828782,0.1228229540529801,0.9024355286852496,0.0237197197727565,0.0235885802919413,0.0001311394808152,0.000134325647533,0.1340914355856886,0.1601484134707034,1.4937415004110275,EEG61,P8,delta,W4,0.0497293732930649,8968,0.8968103189681031,1.0,0.9852069463869568,0.996296827095842,0.9844848848448488,1.0,0.9482385094823852,0.9777022297770224,1.0,False,False,False,False,False
feature,TARGET__DELTA_OC_MINUS_OA__MSPSS__EEG43,DELTA_OC_MINUS_OA,MSPSS,MSPSS_total,AGE_MIDPOINT,Edad por punto medio del intervalo,continuous,mayor edad,none,new_W,135,0,,,135,131,-0.0615910810042912,0.0817648238391207,-0.7532711270249537,0.4526386551136248,0.1071130835467543,-0.575009877083849,0.5662708786992868,0.02396942720928,0.0197418186523096,0.0042276085569704,0.004331430464194,-0.0608628890425481,-0.1840450510511306,1.5285380688591874,EEG43,F7,alpha,W3,0.0076950147436451,4468,0.4468553144685531,1.0,0.936442424062965,0.9886247647640076,0.9245162440277712,1.0,0.854753234353984,0.6255974402559744,0.999900009999,False,False,False,False,False
feature,TARGET__DELTA_OC_MINUS_OA__MSPSS__EEG23,DELTA_OC_MINUS_OA,MSPSS,MSPSS_total,AGE_MIDPOINT,Edad por punto medio del intervalo,continuous,mayor edad,none,new_W,135,0,,,135,131,0.0166542105457104,0.0833403207189008,0.1998337707612562,0.8419204599879695,0.1062211235521182,0.156788122633055,0.8756532160056872,0.0321235206489556,0.0318284769071969,0.0002950437417587,0.000304836152188,-0.2000842553874183,-0.1667758342959975,1.746429559281344,EEG23,C4,alpha,W3 | W4,0.0084238953858853,8401,0.8401159884011599,1.0,0.9827782335685468,0.996296827095842,0.9805750194211348,1.0,0.9482385094823852,0.8733126687331267,1.0,False,False,False,False,False
feature,TARGET__DELTA_OC_MINUS_OA__MSPSS__EEG45,DELTA_OC_MINUS_OA,MSPSS,MSPSS_total,AGE_MIDPOINT,Edad por punto medio del intervalo,continuous,mayor edad,none,new_W,135,0,,,135,131,-0.2085491855512405,0.0879420578397257,-2.3714385434477907,0.0191753359908612,0.0892115281121192,-2.3376932327528377,0.0209184658848994,0.0457544792963323,0.0047895147923376,0.0409649645039946,0.0429291661477088,0.2715595983832875,-0.1455387727191936,1.2052796832549253,EEG45,F8,delta,W2,0.0094547706672181,190,0.0190980901909809,0.9838016198380162,0.559280633066787,0.3872189024034364,0.5812462232037666,1.0,0.854753234353984,0.2673732626737327,0.2788721127887211,True,True,True,True,True
feature,TARGET__DELTA_OC_MINUS_OA__MSPSS__EEG55,DELTA_OC_MINUS_OA,MSPSS,MSPSS_total,AGE_MIDPOINT,Edad por punto medio del intervalo,continuous,mayor edad,none,new_W,135,0,,,135,131,-0.0206101732012229,0.0882337022190052,-0.2335861771963999,0.8156708835203957,0.1330537225133,-0.1549011392684843,0.8771376658566001,0.0783707013239247,0.0779868356703702,0.0003838656535545,0.0004165076502081,-0.2510905478407494,-0.2923108942431953,1.5464175028368443,EEG55,T8,alpha,W3,0.015348005968504,8185,0.8185181481851814,1.0,0.9827782335685468,0.996296827095842,0.9805750194211348,1.0,0.9482385094823852,0.9549378395493784,1.0,False,False,False,False,False
feature,TARGET__DELTA_OC_MINUS_OA__MSPSS__EEG51,DELTA_OC_MINUS_OA,MSPSS,MSPSS_total,AGE_MIDPOINT,Edad por punto medio del intervalo,continuous,mayor edad,none,new_W,135,0,,,135,131,-0.0515423747206752,0.0834931931644517,-0.6173242724009271,0.5380924102176015,0.1604137048967416,-0.3213090474648227,0.7484882719014372,0.0165529982484562,0.0136920739164957,0.0028609243319605,0.0029090782999644,-0.0543901394517774,-0.1574748888931278,1.3347889897944414,EEG51,T7,alpha,W2,0.0328030420497389,5299,0.52994700529947,1.0,0.936442424062965,0.996296827095842,0.9275621110455328,1.0,0.854753234353984,0.6536346365363463,1.0,False,False,False,False,False
feature,TARGET__DELTA_OC_MINUS_OA__BAI__EEG8,DELTA_OC_MINUS_OA,BAI,STAI_Trait_Anxiety,AGE_MIDPOINT,Edad por punto medio del intervalo,continuous,mayor edad,none,new_W,135,0,,,135,131,-0.0321307769390847,0.0869481027590523,-0.3695397129955144,0.7123221589469312,0.0879655988652988,-0.3652652554356659,0.7155024869243224,0.0024863835505803,0.0014465357647867,0.0010398477857936,0.0010424396906931,0.0685308331764712,0.0042692792983018,1.042483421230122,EEG8,Fp2,beta,W4,0.0343388639933498,7171,0.7171282871712829,1.0,0.970198685312858,0.996296827095842,0.961666285478732,1.0,0.9435898515411616,0.9868013198680132,1.0,False,False,False,False,False
feature,TARGET__DELTA_OC_MINUS_OA__MSPSS__EEG11,DELTA_OC_MINUS_OA,MSPSS,MSPSS_total,AGE_MIDPOINT,Edad por punto medio del intervalo,continuous,mayor edad,none,new_W,135,0,,,135,131,-0.0582537988894718,0.084438046974981,-0.6898998849029804,0.4914775184092671,0.1185651514270594,-0.4913231096011314,0.624020096438373,0.0356599788169191,0.0321562455218195,0.0035037332950996,0.0036332965739627,-0.1078338081505117,-0.2243414059294554,1.4047957140825489,EEG11,F3,alpha,W3,0.0345540481569964,4881,0.4881511848815118,1.0,0.936442424062965,0.9891728224328948,0.9275621110455328,1.0,0.854753234353984,0.7214878512148785,1.0,False,False,False,False,False
feature,TARGET__DELTA_OC_MINUS_OA__MSPSS__EEG7,DELTA_OC_MINUS_OA,MSPSS,MSPSS_total,AGE_MIDPOINT,Edad por punto medio del intervalo,continuous,mayor edad,none,new_W,135,0,,,135,131,-0.006237632524813,0.0843391769152089,-0.0739588973115555,0.9411559041773812,0.1222237014180452,-0.0510345575567074,0.9593757187105932,0.0738935300654946,0.0738548603944637,3.866967103083319e-05,4.175510298893379e-05,-0.2606220633017268,-0.273097328351353,1.323783763924893,EEG7,Fp2,alpha,W2,0.0346170182546974,9402,0.9402059794020596,1.0,0.9869678345794248,0.9965523916828825,0.9844848848448488,1.0,0.959393856532714,0.9402059794020596,1.0,False,False,False,False,False
feature,TARGET__DELTA_OC_MINUS_OA__MSPSS__EEG59,DELTA_OC_MINUS_OA,MSPSS,MSPSS_total,AGE_MIDPOINT,Edad por punto medio del intervalo,continuous,mayor edad,none,new_W,135,0,,,135,131,-0.0430095318408556,0.0890961450090356,-0.4827316808880321,0.6300919739052235,0.1201843503596943,-0.3578629972382787,0.7210217975281655,0.0643596718353295,0.0626953042826351,0.0016643675526943,0.0017788540132287,-0.1994792705298838,-0.285498334211595,1.5440883602146145,EEG59,P7,alpha,W3,0.0405515036123669,6312,0.6312368763123688,1.0,0.936442424062965,0.996296827095842,0.9369316232933668,1.0,0.9203133740679986,0.8654634536546345,1.0,False,False,False,False,False
feature,TARGET__DELTA_OC_MINUS_OA__MSPSS__EEG31,DELTA_OC_MINUS_OA,MSPSS,MSPSS_total,AGE_MIDPOINT,Edad por punto medio del intervalo,continuous,mayor edad,none,new_W,135,0,,,135,131,-0.109495276827503,0.0870659538556214,-1.257613016094389,0.2107690110956447,0.1165511883452216,-0.939460835896248,0.3492231967586642,0.0557967186018771,0.0443971541875582,0.0113995644143188,0.0120732099103056,-0.0776078458939209,-0.2965983995489269,1.4984091705935585,EEG31,P4,alpha,W3,0.0409085023412764,2135,0.2135786421357864,1.0,0.9240553659651414,0.9488919985621757,0.9118465316098148,1.0,0.854753234353984,0.4271572842715728,0.9594040595940406,False,False,False,False,False
feature,TARGET__DELTA_OC_MINUS_OA__BAI__EEG4,DELTA_OC_MINUS_OA,BAI,STAI_Trait_Anxiety,AGE_MIDPOINT,Edad por punto medio del intervalo,continuous,mayor edad,none,new_W,135,0,,,135,131,0.0382815836576522,0.0953362196814952,0.401542916066376,0.6886747417344787,0.0851383104857032,0.4496399263652363,0.6537131906399964,0.0022329004263562,0.0010048341063798,0.0012280663199764,0.0012308146064358,-0.0712700976831905,0.0052930696321138,1.2111003047144886,EEG4,Fp1,beta,W4,0.0411042368767334,6810,0.681031896810319,1.0,0.9603034247293528,0.9932928151720596,0.9507614975554236,1.0,0.9203133740679986,0.9363063693630636,1.0,False,False,False,False,False
feature,TARGET__DELTA_OC_MINUS_OA__BAI__EEG59,DELTA_OC_MINUS_OA,BAI,STAI_Trait_Anxiety,AGE_MIDPOINT,Edad por punto medio del intervalo,continuous,mayor edad,none,new_W,135,0,,,135,131,0.0108703733936749,0.0898041628734535,0.1210453173422792,0.9038406092467876,0.079726371868739,0.1363460187498789,0.8917570558741312,0.0494301324320242,0.049323813958056,0.0001063184739681,0.0001118470904618,0.2140097271247175,0.2357504739120674,1.5440883602146145,EEG59,P7,alpha,W4,0.0416182735950191,9071,0.9071092890710928,1.0,0.9852069463869568,0.996296827095842,0.9844848848448488,1.0,0.9482385094823852,0.9071092890710928,1.0,False,False,False,False,False
feature,TARGET__DELTA_OC_MINUS_OA__MSPSS__EEG39,DELTA_OC_MINUS_OA,MSPSS,MSPSS_total,AGE_MIDPOINT,Edad por punto medio del intervalo,continuous,mayor edad,none,new_W,135,0,,,135,131,-0.0535554048318982,0.0830556205928826,-0.6448137338520781,0.5201755086279958,0.0869053955833814,-0.6162494799360808,0.538799244210723,0.0451525637170799,0.0421219453668074,0.0030306183502725,0.0031739293997272,-0.1374315934384669,-0.2445424031022633,1.3309574995513065,EEG39,O2,alpha,W3,0.0454113384125685,5236,0.5236476352364764,1.0,0.936442424062965,0.9782461183923752,0.9275621110455328,1.0,0.854753234353984,0.7843882278438823,1.0,False,False,False,False,False
feature,TARGET__DELTA_OC_MINUS_OA__BAI__EEG3,DELTA_OC_MINUS_OA,BAI,STAI_Trait_Anxiety,AGE_MIDPOINT,Edad por punto medio del intervalo,continuous,mayor edad,none,new_W,135,0,,,135,131,0.0660868281373205,0.081426169597956,0.811616565824305,0.4184839457348702,0.0725507051133102,0.910905387261304,0.3640183178833071,0.0356361444253197,0.0307869294848999,0.0048492149404197,0.0050284080146596,0.0933406937516903,0.2255143500263314,1.3706577888378142,EEG3,Fp1,alpha,W2,0.0459919248789558,4294,0.4294570542945705,1.0,0.936442424062965,0.9507941138743096,0.9245162440277712,1.0,0.854753234353984,0.6593340665933406,0.9997000299970004,False,False,False,False,False
feature,TARGET__DELTA_OC_MINUS_OA__BAI__EEG12,DELTA_OC_MINUS_OA,BAI,STAI_Trait_Anxiety,AGE_MIDPOINT,Edad por punto medio del intervalo,continuous,mayor edad,none,new_W,135,0,,,135,131,0.093430850506891,0.1027690844289175,0.9091338219668054,0.3649490798976347,0.0871899645754805,1.071578030359306,0.2858798154051097,0.0088165220923939,0.0025628027302713,0.0062537193621226,0.0063093458491905,-0.0139110581755773,0.1729506428382047,1.521127158192796,EEG12,F3,beta,W4,0.0478588951311882,3674,0.3674632536746325,1.0,0.9240553659651414,0.9488919985621757,0.9118465316098148,1.0,0.854753234353984,0.7104827978740588,0.9987001299870012,False,False,False,False,False
feature,TARGET__DELTA_OC_MINUS_OA__MSPSS__EEG36,DELTA_OC_MINUS_OA,MSPSS,MSPSS_total,AGE_MIDPOINT,Edad por punto medio del intervalo,continuous,mayor edad,none,new_W,135,0,,,135,131,-0.0626727943279009,0.0929987352873294,-0.6739101788241175,0.5015557979236819,0.1179255178284038,-0.5314608363144743,0.5959995010434446,0.0194587592416577,0.0160593879615161,0.0033993712801415,0.003466831520021,-0.0505153409732076,-0.1758609296290095,1.2043335597933054,EEG36,O1,beta,W5,0.0490054593140692,5098,0.5098490150984901,1.0,0.936442424062965,0.9886247647640076,0.9275621110455328,1.0,0.854753234353984,0.8922357764223577,1.0,False,False,False,False,False
feature,TARGET__DELTA_OC_MINUS_OA__MSPSS__EEG19,DELTA_OC_MINUS_OA,MSPSS,MSPSS_total,AGE_MIDPOINT,Edad por punto medio del intervalo,continuous,mayor edad,none,new_W,135,0,,,135,131,0.0149801047257041,0.0788894159638327,0.1898873827709898,0.8496913000190427,0.1448250249485248,0.1034358856905325,0.9177752142064444,0.0633429284267619,0.0630851173706704,0.0002578110560914,0.0002752459399665,-0.2730701466417761,-0.2431099371903678,1.5945068138697334,EEG19,C3,alpha,W3,0.0494633433241626,8465,0.8465153484651535,1.0,0.9827782335685468,0.996296827095842,0.9805750194211348,1.0,0.9482385094823852,0.8465153484651535,1.0,False,False,False,False,False
feature,TARGET__OC__MSPSS__EEG62,OC,MSPSS,MSPSS_total,HANDEDNESS_NONRIGHT,No diestro vs diestro,binary,1=izquierdo/ambidiestro,none,new_W,135,0,115.0,20.0,135,131,-0.0590163886844144,0.2514714418379706,-0.2346842577951263,0.8148202289475898,0.191890632287598,-0.3075522133668463,0.7589115020170826,0.0359338039247105,0.0355284788446537,0.0004053250800568,0.0004204328309683,0.1907318705349873,0.1317154818505729,3.0367475479049943,EEG62,P8,theta,W4,0.0301372372361042,8039,0.803919608039196,1.0,0.9827782335685468,0.996296827095842,0.9792965340144184,1.0,0.969486384694864,0.932106789321068,1.0,False,False,False,False,False
feature,TARGET__OC__MSPSS__EEG61,OC,MSPSS,MSPSS_total,HANDEDNESS_NONRIGHT,No diestro vs diestro,binary,1=izquierdo/ambidiestro,none,new_W,135,0,115.0,20.0,135,131,-0.0548288777462389,0.2394475231047784,-0.2289807680418005,0.819240957270063,0.2806042417431278,-0.1953957552659901,0.8453858835804948,0.0198625974696056,0.0194703016481838,0.0003922958214217,0.0004002457414735,0.1399683723408903,0.0851394945946514,2.8838395821691902,EEG61,P8,delta,W4,0.0303231288881845,8086,0.8086191380861913,1.0,0.9827782335685468,0.996296827095842,0.9792965340144184,1.0,0.969486384694864,0.9358064193580642,1.0,False,False,False,False,False
feature,TARGET__OC__MSPSS__EEG5,OC,MSPSS,MSPSS_total,HANDEDNESS_NONRIGHT,No diestro vs diestro,binary,1=izquierdo/ambidiestro,none,new_W,135,0,115.0,20.0,135,131,0.3078150273863348,0.2421195877449365,1.2713346749565997,0.2058622834701237,0.2013418251639139,1.5288181039172573,0.1287206245463251,0.0146889077728579,0.0025320353015302,0.0121568724713276,0.0123381057690611,-0.0281604208160831,0.2796546065702517,2.8370175726807347,EEG5,Fp2,delta,W4,0.0308392371721907,2039,0.203979602039796,1.0,0.9240553659651414,0.8581374969755009,0.9118465316098148,1.0,0.9631849315068494,0.5983001699830016,0.9318068193180682,False,False,False,False,False
feature,TARGET__OC__MSPSS__EEG6,OC,MSPSS,MSPSS_total,HANDEDNESS_NONRIGHT,No diestro vs diestro,binary,1=izquierdo/ambidiestro,none,new_W,135,0,115.0,20.0,135,131,0.234517997191159,0.2394863109418376,0.9792542891861358,0.3292593422294067,0.1462009036138511,1.604080353775191,0.1111046009741261,0.0228177408967612,0.0156646253082233,0.0071531155885379,0.0073201447548816,0.0800259402527394,0.3145439374438985,2.854201572639329,EEG6,Fp2,theta,W4,0.0341492186828345,3188,0.3188681131886811,1.0,0.9240553659651414,0.8101377154363363,0.9118465316098148,1.0,0.9631849315068494,0.6411358864113589,0.9935006499350064,False,False,False,False,False
feature,TARGET__OC__MSPSS__EEG54,OC,MSPSS,MSPSS_total,HANDEDNESS_NONRIGHT,No diestro vs diestro,binary,1=izquierdo/ambidiestro,none,new_W,135,0,115.0,20.0,135,131,0.101583023859409,0.2522878926642283,0.4026472407639733,0.6878640544242162,0.2534110341492235,0.4008626704060206,0.689174291801305,0.037003703994204,0.0358119056555227,0.0011917983386813,0.0012375938969075,0.1700090894947496,0.2715921133541586,3.05674922857222,EEG54,T8,theta,W4,0.0343992826654235,6818,0.6818318168183182,1.0,0.9603034247293528,0.996296827095842,0.9507614975554236,1.0,0.969486384694864,0.7342804181120349,1.0,False,False,False,False,False
feature,TARGET__OC__MSPSS__EEG58,OC,MSPSS,MSPSS_total,HANDEDNESS_NONRIGHT,No diestro vs diestro,binary,1=izquierdo/ambidiestro,none,new_W,135,0,115.0,20.0,135,131,0.0260406728645194,0.2480836886782088,0.1049672914945126,0.9165623118734934,0.2029205823366893,0.1283293816953095,0.8980851160839556,0.0295803371434132,0.0294987172028324,8.161994058075717e-05,8.410788002841546e-05,0.1615955294317971,0.1876362022963166,2.8934217151595574,EEG58,P7,theta,W4,0.0345495111494009,9099,0.90990900909909,1.0,0.9852069463869568,0.996296827095842,0.9844848848448488,1.0,0.969486384694864,0.949005099490051,1.0,False,False,False,False,False
feature,TARGET__OC__MSPSS__EEG57,OC,MSPSS,MSPSS_total,HANDEDNESS_NONRIGHT,No diestro vs diestro,binary,1=izquierdo/ambidiestro,none,new_W,135,0,115.0,20.0,135,131,-0.0226162084268286,0.2316866607385106,-0.0976154965276748,0.9223868143809044,0.2727446271880528,-0.0829208210625361,0.9340410693996104,0.0144766147073468,0.0144049289011565,7.168580619032472e-05,7.273881803326003e-05,0.1143128953219188,0.0916966868950902,2.81494852542426,EEG57,P7,delta,W4,0.0347741004973604,9212,0.9212078792120788,1.0,0.9852069463869568,0.996296827095842,0.9844848848448488,1.0,0.969486384694864,0.9212078792120788,1.0,False,False,False,False,False
feature,TARGET__OC__MSPSS__EEG13,OC,MSPSS,MSPSS_total,HANDEDNESS_NONRIGHT,No diestro vs diestro,binary,1=izquierdo/ambidiestro,none,new_W,135,0,115.0,20.0,135,131,0.0191070188397209,0.2132095394586195,0.0896161536122508,0.9287291160738046,0.3020988398874583,0.0632475743595669,0.9496657664161658,0.0508517977516429,0.0507936094966486,5.81882549942625e-05,6.130576326902928e-05,0.2171688752718678,0.2362758941115887,2.897720372125688,EEG13,F4,delta,W4,0.0347749067907123,9307,0.9307069293070692,1.0,0.9852480617852653,0.996296827095842,0.9844848848448488,1.0,0.969486384694864,0.9442055794420556,1.0,False,False,False,False,False
feature,TARGET__OC__MSPSS__EEG10,OC,MSPSS,MSPSS_total,HANDEDNESS_NONRIGHT,No diestro vs diestro,binary,1=izquierdo/ambidiestro,none,new_W,135,0,115.0,20.0,135,131,0.1770737226730898,0.2744007770306905,0.6453105730574695,0.5198545673495341,0.1834393030593492,0.965298710363068,0.3361738418217613,0.0480682505801619,0.04504222860239,0.0030260219777719,0.0031788224099218,0.188202746968692,0.3652764696417818,3.344955850635958,EEG10,F3,theta,W4,0.0347846023678833,5110,0.5110488951104889,1.0,0.936442424062965,0.9488919985621757,0.9275621110455328,1.0,0.9631849315068494,0.7406659334066594,1.0,False,False,False,False,False
feature,TARGET__OC__MSPSS__EEG18,OC,MSPSS,MSPSS_total,HANDEDNESS_NONRIGHT,No diestro vs diestro,binary,1=izquierdo/ambidiestro,none,new_W,135,0,115.0,20.0,135,131,0.1471501687031964,0.245156847492593,0.6002286707804169,0.5493907813087798,0.2162429902707293,0.6804852657603799,0.4973981819017126,0.0339673325506816,0.0313105623603858,0.0026567701902957,0.0027501866963884,0.1497182486585928,0.2968684173617892,2.9940786625877887,EEG18,C3,theta,W4,0.0358267801609531,5444,0.5444455554444556,1.0,0.936442424062965,0.973689025705312,0.9275621110455328,1.0,0.9631849315068494,0.6957304269573042,1.0,False,False,False,False,False
feature,TARGET__OC__MSPSS__EEG22,OC,MSPSS,MSPSS_total,HANDEDNESS_NONRIGHT,No diestro vs diestro,binary,1=izquierdo/ambidiestro,none,new_W,135,0,115.0,20.0,135,131,0.1216146852714276,0.2320737887498386,0.5240345578298841,0.6011400021620922,0.2006881797449348,0.6059882820502636,0.5455711072506433,0.0326783630627096,0.0306505894745784,0.0020277735881312,0.002096276471755,0.1489969967596648,0.2706116820310924,2.950976342822255,EEG22,C4,theta,W4,0.0364824153601674,5943,0.5943405659434057,1.0,0.936442424062965,0.9782461183923752,0.9275621110455328,1.0,0.9631849315068494,0.8051194880511949,1.0,False,False,False,False,False
feature,TARGET__OC__MSPSS__EEG30,OC,MSPSS,MSPSS_total,HANDEDNESS_NONRIGHT,No diestro vs diestro,binary,1=izquierdo/ambidiestro,none,new_W,135,0,115.0,20.0,135,131,0.1272418660802137,0.2413557747683889,0.5271962777866749,0.5989489706376143,0.2027587769306689,0.6275529375664098,0.5313892027831297,0.0246583443912089,0.0225890125149214,0.0020693318762875,0.0021216482084894,0.1240337940013903,0.251275660081604,3.070312570761523,EEG30,P4,theta,W4,0.0367556740163888,5897,0.5897410258974103,1.0,0.936442424062965,0.9782461183923752,0.9275621110455328,1.0,0.9631849315068494,0.9173749291737492,1.0,False,False,False,False,False
feature,TARGET__OC__MSPSS__EEG53,OC,MSPSS,MSPSS_total,HANDEDNESS_NONRIGHT,No diestro vs diestro,binary,1=izquierdo/ambidiestro,none,new_W,135,0,115.0,20.0,135,131,0.0220238217948801,0.2260511045259834,0.0974285077751018,0.9225350135845836,0.2584267513881771,0.0852226856413895,0.9322144651935462,0.0122273013221279,0.0121557269042482,7.157441787963847e-05,7.246041318558451e-05,0.0958724245479659,0.1178962463428461,2.8349072297368028,EEG53,T8,delta,W4,0.0369640002416077,9214,0.9214078592140786,1.0,0.9852069463869568,0.996296827095842,0.9844848848448488,1.0,0.969486384694864,0.9214078592140786,1.0,False,False,False,False,False
feature,TARGET__OC__MSPSS__EEG1,OC,MSPSS,MSPSS_total,HANDEDNESS_NONRIGHT,No diestro vs diestro,binary,1=izquierdo/ambidiestro,none,new_W,135,0,115.0,20.0,135,131,0.3089335199113151,0.2787271923880063,1.10837237394929,0.2697318141455783,0.2746864804797718,1.124676829277243,0.2627825242241694,0.0179604714093174,0.0087511197143756,0.0092093516949417,0.0093777810636176,0.0475457108220352,0.3564792307333504,3.2340919821954945,EEG1,Fp1,delta,W4,0.0371765040761449,2678,0.2678732126787321,1.0,0.9240553659651414,0.9433218818303516,0.9118465316098148,1.0,0.9631849315068494,0.6250374962503751,0.9756024397560245,False,False,False,False,False
feature,TARGET__OC__MSPSS__EEG46,OC,MSPSS,MSPSS_total,HANDEDNESS_NONRIGHT,No diestro vs diestro,binary,1=izquierdo/ambidiestro,none,new_W,135,0,115.0,20.0,135,131,0.12421771926843,0.2407423468924977,0.515977852969502,0.6067396742902018,0.1782222317654878,0.6969821780252471,0.4870489564369734,0.0544062971005694,0.0524845537022224,0.0019217433983469,0.0020323140820993,0.206444723389588,0.3306624426580181,3.000937854827115,EEG46,F8,theta,W4,0.037300816525276,5976,0.5976402359764024,1.0,0.936442424062965,0.973689025705312,0.9275621110455328,1.0,0.9631849315068494,0.8366963303669633,1.0,False,False,False,False,False
feature,TARGET__OC__MSPSS__EEG9,OC,MSPSS,MSPSS_total,HANDEDNESS_NONRIGHT,No diestro vs diestro,binary,1=izquierdo/ambidiestro,none,new_W,135,0,115.0,20.0,135,131,-0.0676244951576379,0.2231507795058818,-0.3030439566797724,0.7623370707738801,0.2439377474072774,-0.2772202985244933,0.7820479309226918,0.0341956662292487,0.0335186031849916,0.000677063044257,0.0007010354174055,0.1899729828601791,0.1223484877025412,2.9633179463347425,EEG9,F3,delta,W4,0.0373805689785554,7609,0.7609239076092391,1.0,0.9827782335685468,0.996296827095842,0.9765811739993884,1.0,0.969486384694864,0.9167916541679164,1.0,False,False,False,False,False
feature,TARGET__OC__MSPSS__EEG38,OC,MSPSS,MSPSS_total,HANDEDNESS_NONRIGHT,No diestro vs diestro,binary,1=izquierdo/ambidiestro,none,new_W,135,0,115.0,20.0,135,131,0.0757718064872487,0.2749527206807426,0.2755812210173767,0.7833039593349505,0.2240057978723464,0.3382582379873427,0.735710096917003,0.0411891520575337,0.0406332978679294,0.0005558541896042,0.0005797328960107,0.1879274569116047,0.2636992633988536,3.260227508112099,EEG38,O2,theta,W4,0.0381984113175509,7788,0.7788221177882212,1.0,0.9827782335685468,0.996296827095842,0.9792965340144184,1.0,0.969486384694864,0.944005599440056,1.0,False,False,False,False,False
feature,TARGET__OC__MSPSS__EEG14,OC,MSPSS,MSPSS_total,HANDEDNESS_NONRIGHT,No diestro vs diestro,binary,1=izquierdo/ambidiestro,none,new_W,135,0,115.0,20.0,135,131,0.1585339524745692,0.2457325918748661,0.645148253493778,0.5199594089198397,0.1832882623692094,0.8649432889228009,0.3886510564564498,0.0444331477305341,0.0413970983410812,0.0030360493894528,0.0031772234273743,0.1757960006394962,0.3343299531140654,2.9580102314393275,EEG14,F4,theta,W4,0.0385821877448471,5120,0.512048795120488,1.0,0.936442424062965,0.9594215456082604,0.9275621110455328,1.0,0.9631849315068494,0.653949989616423,1.0,False,False,False,False,False
feature,TARGET__OC__MSPSS__EEG2,OC,MSPSS,MSPSS_total,HANDEDNESS_NONRIGHT,No diestro vs diestro,binary,1=izquierdo/ambidiestro,none,new_W,135,0,115.0,20.0,135,131,0.3250232937224521,0.2762402968073814,1.1765962369678686,0.2414902611361793,0.1889704348038126,1.7199690208676728,0.0877995790389992,0.0376462981511411,0.0274763594383918,0.0101699387127492,0.0105677763728772,0.1239308823139321,0.4489541760363842,3.240338790403264,EEG2,Fp1,theta,W4,0.0390269244562189,2356,0.2356764323567643,1.0,0.9240553659651414,0.7526967281455017,0.9118465316098148,1.0,0.9631849315068494,0.7414591874145919,0.9603039696030397,False,False,False,False,False
feature,TARGET__OC__MSPSS__EEG17,OC,MSPSS,MSPSS_total,HANDEDNESS_NONRIGHT,No diestro vs diestro,binary,1=izquierdo/ambidiestro,none,new_W,135,0,115.0,20.0,135,131,0.0207553280551902,0.2085555915165774,0.0995194034562264,0.920878016090868,0.2302405373396351,0.0901462804726406,0.9283086572432016,0.0170522934501892,0.0169779787643432,7.431468584595535e-05,7.560390583422096e-05,0.1173777458346448,0.1381330738898351,2.905467791210147,EEG17,C3,delta,W4,0.0392538879333417,9202,0.9202079792020798,1.0,0.9852069463869568,0.996296827095842,0.9844848848448488,1.0,0.969486384694864,0.9202079792020798,1.0,False,False,False,False,False
feature,TARGET__OC__MSPSS__EEG21,OC,MSPSS,MSPSS_total,HANDEDNESS_NONRIGHT,No diestro vs diestro,binary,1=izquierdo/ambidiestro,none,new_W,135,0,115.0,20.0,135,131,0.0324627704148083,0.2143796199109279,0.1514265695045837,0.8798721761632733,0.2754954545540674,0.1178341416462004,0.9063795576731704,0.0161380728963124,0.015965859462386,0.0001722134339263,0.0001750382133734,0.1108334182407401,0.1432961886555484,2.86730578838607,EEG21,C4,delta,W4,0.0394069913028541,8736,0.8736126387361264,1.0,0.9827782335685468,0.996296827095842,0.9805750194211348,1.0,0.969486384694864,0.9931006899310068,1.0,False,False,False,False,False
feature,TARGET__OC__MSPSS__EEG50,OC,MSPSS,MSPSS_total,HANDEDNESS_NONRIGHT,No diestro vs diestro,binary,1=izquierdo/ambidiestro,none,new_W,135,0,115.0,20.0,135,131,0.125152554380674,0.2375971407344511,0.526742678778908,0.5992630838851555,0.1915932762836342,0.6532199710150499,0.514759312039109,0.0465005780083591,0.044481067326942,0.0020195106814171,0.0021179988522686,0.1866090227704949,0.3117615771511689,2.82245662597699,EEG50,T7,theta,W4,0.039647610447041,5926,0.5926407359264073,1.0,0.936442424062965,0.973689025705312,0.9275621110455328,1.0,0.9631849315068494,0.8928307169283072,1.0,False,False,False,False,False
feature,TARGET__OC__MSPSS__EEG42,OC,MSPSS,MSPSS_total,HANDEDNESS_NONRIGHT,No diestro vs diestro,binary,1=izquierdo/ambidiestro,none,new_W,135,0,115.0,20.0,135,131,0.1529902301580468,0.250676258179339,0.6103100120817762,0.5427137881778573,0.2086019331555556,0.7334075377142412,0.4646203640450714,0.0479626910911508,0.0452557197271359,0.0027069713640148,0.0028433458843303,0.1872605616336713,0.3402507917917181,3.041114097089694,EEG42,F7,theta,W4,0.0403006852011876,5374,0.5374462553744626,1.0,0.936442424062965,0.973689025705312,0.9275621110455328,1.0,0.9631849315068494,0.9246075392460754,1.0,False,False,False,False,False
feature,TARGET__OC__MSPSS__EEG26,OC,MSPSS,MSPSS_total,HANDEDNESS_NONRIGHT,No diestro vs diestro,binary,1=izquierdo/ambidiestro,none,new_W,135,0,115.0,20.0,135,131,0.1674825635047702,0.2219375786865284,0.7546381486901226,0.4518206111690685,0.1792182975990024,0.934517098692173,0.3517566219862248,0.024449438783616,0.0202085586311174,0.0042408801524985,0.0043471659195303,0.1032869124338668,0.2707694759386371,2.935466606910683,EEG26,P3,theta,W4,0.0403167916358557,4445,0.4445555444455554,1.0,0.936442424062965,0.9488919985621757,0.9245162440277712,1.0,0.9631849315068494,0.7367929873679299,1.0,False,False,False,False,False
feature,TARGET__OC__MSPSS__EEG34,OC,MSPSS,MSPSS_total,HANDEDNESS_NONRIGHT,No diestro vs diestro,binary,1=izquierdo/ambidiestro,none,new_W,135,0,115.0,20.0,135,131,0.1405092611802813,0.2634486683213093,0.5333458774933428,0.5946978993749388,0.2194569529734108,0.6402588720773195,0.5231226032272269,0.0361132735339163,0.0340202573370107,0.0020930161969056,0.0021714337789246,0.1614827073036776,0.3019919684839589,3.096490448027572,EEG34,O1,theta,W4,0.0410297253297877,5802,0.5802419758024198,1.0,0.936442424062965,0.973689025705312,0.9275621110455328,1.0,0.9631849315068494,0.7384897873848979,1.0,False,False,False,False,False
feature,TARGET__OC__MSPSS__EEG45,OC,MSPSS,MSPSS_total,HANDEDNESS_NONRIGHT,No diestro vs diestro,binary,1=izquierdo/ambidiestro,none,new_W,135,0,115.0,20.0,135,131,0.0840488618390502,0.2184927415680442,0.3846757619308618,0.7011014368769501,0.1825621382912874,0.4603849550937332,0.6460032258557417,0.0432080077465333,0.0421272312749246,0.0010807764716086,0.001129583525321,0.1842402678733037,0.268289129712354,2.8825038648061723,EEG45,F8,delta,W4,0.0433332040268562,7031,0.7031296870312969,1.0,0.9695833329003246,0.9932928151720596,0.9612282533742786,1.0,0.969486384694864,0.9927007299270072,1.0,False,False,False,False,False
feature,TARGET__OC__MSPSS__EEG33,OC,MSPSS,MSPSS_total,HANDEDNESS_NONRIGHT,No diestro vs diestro,binary,1=izquierdo/ambidiestro,none,new_W,135,0,115.0,20.0,135,131,0.0294791644838555,0.2538881700628378,0.1161108234249724,0.9077425174374906,0.3741899431199771,0.0787812848150319,0.937326803193785,0.021357008019751,0.0212562920346864,0.0001007159850645,0.0001029139184461,0.1341786277549645,0.1636577922388201,2.9957715686606283,EEG33,O1,delta,W4,0.044927486351673,9048,0.9048095190480951,1.0,0.9852069463869568,0.996296827095842,0.9844848848448488,1.0,0.969486384694864,0.9922007799220078,1.0,False,False,False,False,False
feature,TARGET__OC__MSPSS__EEG49,OC,MSPSS,MSPSS_total,HANDEDNESS_NONRIGHT,No diestro vs diestro,binary,1=izquierdo/ambidiestro,none,new_W,135,0,115.0,20.0,135,131,0.0518626270684418,0.2229185398594371,0.2326528206274101,0.8163941035045461,0.2113606895407059,0.2453749899337529,0.806550081522153,0.020879651732647,0.0204750931445324,0.0004045585881146,0.0004131857629458,0.1256611508078646,0.1775237778763064,2.824932841808933,EEG49,T7,delta,W4,0.04614990038853,8128,0.8128187181281872,1.0,0.9827782335685468,0.996296827095842,0.9805750194211348,1.0,0.969486384694864,0.9315529985462992,1.0,False,False,False,False,False
feature,TARGET__OC__MSPSS__EEG25,OC,MSPSS,MSPSS_total,HANDEDNESS_NONRIGHT,No diestro vs diestro,binary,1=izquierdo/ambidiestro,none,new_W,135,0,115.0,20.0,135,131,0.1565817086319211,0.204436470587278,0.7659186650117465,0.4451025615616467,0.2460741072240465,0.6363193202174499,0.5256785530167608,0.010052650710267,0.0056195652076771,0.0044330855025899,0.0044781023008653,0.0213558632014084,0.1779375718333296,2.8488503207173075,EEG25,P3,delta,W4,0.0477275509808306,4356,0.4356564343565643,1.0,0.936442424062965,0.973689025705312,0.9245162440277712,1.0,0.9631849315068494,0.8677732226777323,1.0,False,False,False,False,False
feature,TARGET__OC__MSPSS__EEG37,OC,MSPSS,MSPSS_total,HANDEDNESS_NONRIGHT,No diestro vs diestro,binary,1=izquierdo/ambidiestro,none,new_W,135,0,115.0,20.0,135,131,-0.0714536082013694,0.2429836382775332,-0.2940675705899011,0.7691716974214935,0.2609171296259275,-0.2738555659561767,0.7846269497948294,0.0341378543502106,0.0335002693121208,0.0006375850380898,0.0006601201226919,0.1874201910676145,0.115966582866245,2.881535366513903,EEG37,O2,delta,W4,0.0480635496317914,7637,0.7637236276372362,1.0,0.9827782335685468,0.996296827095842,0.9765811739993884,1.0,0.969486384694864,0.967903209679032,1.0,False,False,False,False,False
feature,TARGET__OC__MSPSS__EEG29,OC,MSPSS,MSPSS_total,HANDEDNESS_NONRIGHT,No diestro vs diestro,binary,1=izquierdo/ambidiestro,none,new_W,135,0,115.0,20.0,135,131,0.1071013744103198,0.2162101599235596,0.495357731792924,0.6211775370081689,0.2276260271599441,0.4705146232467686,0.6387698417177933,0.0084192760253158,0.0065619220822834,0.0018573539430324,0.001873124293489,0.0443483097898758,0.1514496842001957,2.9260632204497847,EEG29,P4,delta,W4,0.0493899977715527,6164,0.6164383561643836,1.0,0.936442424062965,0.9904563066260232,0.9311462016191544,1.0,0.9631849315068494,0.8344332233443322,1.0,False,False,False,False,False
feature,TARGET__OA__MSPSS__EEG62,OA,MSPSS,MSPSS_total,HANDEDNESS_NONRIGHT,No diestro vs diestro,binary,1=izquierdo/ambidiestro,none,new_W,135,0,115.0,20.0,135,131,0.0018044759650049,0.2331829894219698,0.007738454547984,0.9938374404103376,0.2238306012065495,0.0080617929598455,0.9935799536481345,0.0608890222519074,0.0608885929586239,4.292932834770724e-07,4.571273189740374e-07,0.2426651416450484,0.2444696176100533,3.00628878122429,EEG62,P8,theta,W4,0.0492521790867692,9930,0.993000699930007,1.0,0.9957494258412956,0.9965523916828825,0.9965240958021508,1.0,0.993000699930007,0.993000699930007,1.0,False,False,False,False,False
feature,TARGET__OA__MSPSS__EEG61,OA,MSPSS,MSPSS_total,HANDEDNESS_NONRIGHT,No diestro vs diestro,binary,1=izquierdo/ambidiestro,none,new_W,135,0,115.0,20.0,135,131,-0.2433200215211484,0.2255446589626264,-1.078810833474303,0.2826544433861386,0.1755584389273151,-1.3859773589231332,0.168108575649274,0.0336948146911609,0.0251099468788857,0.0085848678122751,0.0088842199574158,0.1942653953690051,-0.0490546261521432,2.8336111389439425,EEG61,P8,delta,W4,0.0497293732930649,2829,0.282971702829717,1.0,0.9240553659651414,0.8910854983100159,0.9118465316098148,1.0,0.9631849315068494,0.6911308869113089,0.97990200979902,False,False,False,False,False
feature,TARGET__DELTA_OC_MINUS_OA__MSPSS__EEG43,DELTA_OC_MINUS_OA,MSPSS,MSPSS_total,HANDEDNESS_NONRIGHT,No diestro vs diestro,binary,1=izquierdo/ambidiestro,none,new_W,135,0,115.0,20.0,135,131,-0.4328557482485071,0.2723917796847035,-1.5890925517265693,0.1144500911865961,0.3318397274555134,-1.3044120773831576,0.194380203053811,0.0389908749826891,0.0204660292559371,0.018524845726752,0.0192764514347544,-0.0870699295800974,-0.5199256778286045,3.301354755714637,EEG43,F7,alpha,W3,0.0076950147436451,1137,0.1137886211378862,1.0,0.9240553659651414,0.9094288929128624,0.9118465316098148,1.0,0.9631849315068494,0.3982601739826018,0.7693230676932307,False,False,False,False,False
feature,TARGET__DELTA_OC_MINUS_OA__MSPSS__EEG23,DELTA_OC_MINUS_OA,MSPSS,MSPSS_total,HANDEDNESS_NONRIGHT,No diestro vs diestro,binary,1=izquierdo/ambidiestro,none,new_W,135,0,115.0,20.0,135,131,-0.2967279287547747,0.2262899136910596,-1.3112733303698192,0.1920591651193606,0.2647579767712061,-1.1207516101061452,0.2644439959787281,0.0461611245104232,0.0336415323958064,0.0125195921146167,0.0131254789842684,-0.1264106543080018,-0.4231385830627765,2.836702561923897,EEG23,C4,alpha,W3 | W4,0.0084238953858853,1838,0.1838816118388161,1.0,0.9240553659651414,0.944442842781172,0.9118465316098148,1.0,0.9631849315068494,0.5148685131486851,0.9184081591840816,False,False,False,False,False
feature,TARGET__DELTA_OC_MINUS_OA__MSPSS__EEG45,DELTA_OC_MINUS_OA,MSPSS,MSPSS_total,HANDEDNESS_NONRIGHT,No diestro vs diestro,binary,1=izquierdo/ambidiestro,none,new_W,135,0,115.0,20.0,135,131,0.1705851713448412,0.3115908886801015,0.547465210126778,0.5849906845271877,0.2114422268042991,0.8067696501452701,0.4212614930838138,0.0063106741085302,0.0040371875994437,0.0022734865090865,0.0022879248572454,0.0283535977682111,0.1989387691130524,3.598638818855907,EEG45,F8,delta,W2,0.0094547706672181,5758,0.5758424157584242,1.0,0.936442424062965,0.9594215456082604,0.9275621110455328,1.0,0.9631849315068494,0.8061793820617938,1.0,False,False,False,False,False
feature,TARGET__DELTA_OC_MINUS_OA__MSPSS__EEG55,DELTA_OC_MINUS_OA,MSPSS,MSPSS_total,HANDEDNESS_NONRIGHT,No diestro vs diestro,binary,1=izquierdo/ambidiestro,none,new_W,135,0,115.0,20.0,135,131,-0.1171869430282157,0.2163133804566639,-0.5417461591179417,0.5889136245734106,0.2377839490560703,-0.4928294928796166,0.6229581211384273,0.0815450878758283,0.0794874060231337,0.0020576818526946,0.0022403732894581,-0.2565844157312057,-0.3737713587594214,2.8331973054635755,EEG55,T8,alpha,W3,0.015348005968504,5809,0.5809419058094191,1.0,0.936442424062965,0.9891728224328948,0.9275621110455328,1.0,0.9631849315068494,0.7542700275427002,1.0,False,False,False,False,False
feature,TARGET__DELTA_OC_MINUS_OA__MSPSS__EEG51,DELTA_OC_MINUS_OA,MSPSS,MSPSS_total,HANDEDNESS_NONRIGHT,No diestro vs diestro,binary,1=izquierdo/ambidiestro,none,new_W,135,0,115.0,20.0,135,131,-0.6092819973429479,0.2801746834029784,-2.174650435730521,0.0314523960973134,0.2615396407479197,-2.329597133346961,0.0213569009415985,0.047984580111611,0.0136167906227493,0.0343677894888616,0.0361000344856712,-0.0439644186357927,-0.6532464159787406,3.3172376942863293,EEG51,T7,alpha,W2,0.0328030420497389,366,0.0366963303669633,0.997900209979002,0.6153111028289624,0.3872189024034364,0.6460892372301231,1.0,0.9631849315068494,0.4073592640735927,0.3700629937006299,True,True,True,True,True
feature,TARGET__DELTA_OC_MINUS_OA__BAI__EEG8,DELTA_OC_MINUS_OA,BAI,STAI_Trait_Anxiety,HANDEDNESS_NONRIGHT,No diestro vs diestro,binary,1=izquierdo/ambidiestro,none,new_W,135,0,115.0,20.0,135,131,0.0099685022973776,0.2454464425115369,0.0406137575080524,0.9676656493315516,0.3827030396171517,0.0260476172526614,0.979258995654314,0.0034114186185466,0.0033988701434218,1.2548475124773972e-05,1.2591429762700572e-05,0.0335138103572165,0.0434823126545942,2.9803442939213523,EEG8,Fp2,beta,W4,0.0343388639933498,9647,0.9647035296470352,1.0,0.994066804971526,0.9965523916828825,0.9945397212856034,1.0,0.9843913567826892,0.9868013198680132,1.0,False,False,False,False,False
feature,TARGET__DELTA_OC_MINUS_OA__MSPSS__EEG11,DELTA_OC_MINUS_OA,MSPSS,MSPSS_total,HANDEDNESS_NONRIGHT,No diestro vs diestro,binary,1=izquierdo/ambidiestro,none,new_W,135,0,115.0,20.0,135,131,-0.3486069106696789,0.2343434610156309,-1.4875896650106508,0.1392622674200966,0.2614031006272893,-1.3335989888150774,0.1846494760590309,0.0489069496726188,0.0328405703054714,0.0160663793671473,0.0168925420721107,-0.1204818193492031,-0.469088730018882,2.966634912315904,EEG11,F3,alpha,W3,0.0345540481569964,1381,0.1381861813818618,1.0,0.9240553659651414,0.9094288929128624,0.9118465316098148,1.0,0.9631849315068494,0.4387161283871612,0.8301169883011699,False,False,False,False,False
feature,TARGET__DELTA_OC_MINUS_OA__MSPSS__EEG7,DELTA_OC_MINUS_OA,MSPSS,MSPSS_total,HANDEDNESS_NONRIGHT,No diestro vs diestro,binary,1=izquierdo/ambidiestro,none,new_W,135,0,115.0,20.0,135,131,-0.2691012788253208,0.246046397117243,-1.093701358679485,0.2760930121177218,0.2972271414778105,-0.90537249555122,0.3669302218994315,0.0820920806349906,0.0737105116392953,0.0083815689956953,0.0091311653586053,-0.2321886367679073,-0.5012899155932282,3.1729248716383243,EEG7,Fp2,alpha,W2,0.0346170182546974,2676,0.2676732326767323,1.0,0.9240553659651414,0.9548370086602306,0.9118465316098148,1.0,0.9631849315068494,0.7494850514948505,0.978102189781022,False,False,False,False,False
feature,TARGET__DELTA_OC_MINUS_OA__MSPSS__EEG59,DELTA_OC_MINUS_OA,MSPSS,MSPSS_total,HANDEDNESS_NONRIGHT,No diestro vs diestro,binary,1=izquierdo/ambidiestro,none,new_W,135,0,115.0,20.0,135,131,-0.4180706138773407,0.2643241094769659,-1.5816590272624105,0.1161388555912194,0.240641941700357,-1.7373139982302608,0.0846820652949592,0.0804634987253005,0.0629035434059015,0.017559955319399,0.0190965288436692,-0.2001792403529851,-0.6182498542303259,3.4957134604001365,EEG59,P7,alpha,W3,0.0405515036123669,1165,0.1165883411658834,1.0,0.9240553659651414,0.7526967281455017,0.9118465316098148,1.0,0.9631849315068494,0.7059960670599608,0.7738226177382261,False,False,False,False,False
feature,TARGET__DELTA_OC_MINUS_OA__MSPSS__EEG31,DELTA_OC_MINUS_OA,MSPSS,MSPSS_total,HANDEDNESS_NONRIGHT,No diestro vs diestro,binary,1=izquierdo/ambidiestro,none,new_W,135,0,115.0,20.0,135,131,-0.3740396667317028,0.2382675134231406,-1.5698307392306712,0.1188667977189127,0.2311027197290747,-1.618499631549967,0.1079601603053261,0.0625241257024927,0.0448883542456496,0.0176357714568431,0.0188119736628512,-0.1516095289586368,-0.5256491956903397,3.1045979046905456,EEG31,P4,alpha,W3,0.0409085023412764,1144,0.1144885511448855,1.0,0.9240553659651414,0.8093416969630775,0.9118465316098148,1.0,0.9631849315068494,0.4007099290070993,0.7814218578142186,False,False,False,False,False
feature,TARGET__DELTA_OC_MINUS_OA__BAI__EEG4,DELTA_OC_MINUS_OA,BAI,STAI_Trait_Anxiety,HANDEDNESS_NONRIGHT,No diestro vs diestro,binary,1=izquierdo/ambidiestro,none,new_W,135,0,115.0,20.0,135,131,0.0866660177443604,0.3193476306911545,0.2713845647039614,0.7865224628876073,0.488188413421516,0.1775257571906576,0.8593696397133115,0.0036910444908977,0.0031309090857388,0.0005601354051588,0.0005622105493096,-0.0379118316263766,0.0487541861179837,3.688928815439138,EEG4,Fp1,beta,W4,0.0411042368767334,7834,0.7834216578342166,1.0,0.9827782335685468,0.996296827095842,0.9792965340144184,1.0,0.969486384694864,0.9363063693630636,1.0,False,False,False,False,False
feature,TARGET__DELTA_OC_MINUS_OA__BAI__EEG59,DELTA_OC_MINUS_OA,BAI,STAI_Trait_Anxiety,HANDEDNESS_NONRIGHT,No diestro vs diestro,binary,1=izquierdo/ambidiestro,none,new_W,135,0,115.0,20.0,135,131,0.2401439185836334,0.2682656141805282,0.8951721946072061,0.3723369066550744,0.3311134542001034,0.7252617359320774,0.4695850474774644,0.052835447692188,0.047041596878746,0.0057938508134419,0.0061170477709759,0.1858592414071995,0.426003159990833,3.4957134604001365,EEG59,P7,alpha,W4,0.0416182735950191,3764,0.3764623537646235,1.0,0.9240553659651414,0.973689025705312,0.9118465316098148,1.0,0.9631849315068494,0.6096390360963904,0.9977002299770024,False,False,False,False,False
feature,TARGET__DELTA_OC_MINUS_OA__MSPSS__EEG39,DELTA_OC_MINUS_OA,MSPSS,MSPSS_total,HANDEDNESS_NONRIGHT,No diestro vs diestro,binary,1=izquierdo/ambidiestro,none,new_W,135,0,115.0,20.0,135,131,-0.3774951285497501,0.277877930533671,-1.3584926583581576,0.1766421651850165,0.3129666542105918,-1.2061832258197638,0.229920730486434,0.0560208534404197,0.0427222603962733,0.0132985930441463,0.0140878038382673,-0.1621122681762836,-0.5396073967260338,3.344687954036321,EEG39,O2,alpha,W3,0.0454113384125685,1708,0.1708829117088291,1.0,0.9240553659651414,0.9094288929128624,0.9118465316098148,1.0,0.9631849315068494,0.4784721527847215,0.896010398960104,False,False,False,False,False
feature,TARGET__DELTA_OC_MINUS_OA__BAI__EEG3,DELTA_OC_MINUS_OA,BAI,STAI_Trait_Anxiety,HANDEDNESS_NONRIGHT,No diestro vs diestro,binary,1=izquierdo/ambidiestro,none,new_W,135,0,115.0,20.0,135,131,0.251897593609439,0.2698296237255376,0.9335431378196688,0.3522571144571883,0.3633647813561936,0.693236126707923,0.4893886443625927,0.0379884957521289,0.0315885284992448,0.006399967252884,0.006652693054734,0.1430157845020176,0.3949133781114566,3.260342874504669,EEG3,Fp1,alpha,W2,0.0459919248789558,3504,0.3504649535046495,1.0,0.9240553659651414,0.973689025705312,0.9118465316098148,1.0,0.9631849315068494,0.6593340665933406,0.9963003699630038,False,False,False,False,False
feature,TARGET__DELTA_OC_MINUS_OA__BAI__EEG12,DELTA_OC_MINUS_OA,BAI,STAI_Trait_Anxiety,HANDEDNESS_NONRIGHT,No diestro vs diestro,binary,1=izquierdo/ambidiestro,none,new_W,135,0,115.0,20.0,135,131,0.1825119962979691,0.315461376951522,0.5785557587482931,0.5638823197200431,0.8777140135545676,0.2079401644264875,0.8355986191942413,0.0072346928597251,0.0046980125495189,0.0025366803102061,0.0025551661525252,0.0350484495806383,0.2175604458786075,3.655840162313088,EEG12,F3,beta,W4,0.0478588951311882,5723,0.5723427657234277,1.0,0.936442424062965,0.996296827095842,0.9275621110455328,1.0,0.9631849315068494,0.7104827978740588,1.0,False,False,False,False,False
feature,TARGET__DELTA_OC_MINUS_OA__MSPSS__EEG36,DELTA_OC_MINUS_OA,MSPSS,MSPSS_total,HANDEDNESS_NONRIGHT,No diestro vs diestro,binary,1=izquierdo/ambidiestro,none,new_W,135,0,115.0,20.0,135,131,-0.3650160764900642,0.2786611393516479,-1.3098922847273775,0.1925246833037168,0.2978107726003791,-1.2256644489481423,0.2225238914305416,0.0268666289790273,0.0141206781589897,0.0127459508200376,0.0130978457831171,-0.0701549857355781,-0.4351710622256424,3.382172801024117,EEG36,O1,beta,W5,0.0490054593140692,1902,0.1902809719028097,1.0,0.9240553659651414,0.9094288929128624,0.9118465316098148,1.0,0.9631849315068494,0.5327867213278672,0.9192080791920808,False,False,False,False,False
feature,TARGET__DELTA_OC_MINUS_OA__MSPSS__EEG19,DELTA_OC_MINUS_OA,MSPSS,MSPSS_total,HANDEDNESS_NONRIGHT,No diestro vs diestro,binary,1=izquierdo/ambidiestro,none,new_W,135,0,115.0,20.0,135,131,-0.2270083610529159,0.2157653652948384,-1.0521075092043353,0.2946870746823683,0.2621023203024147,-0.8661058810581789,0.3880155914477182,0.0715602967926012,0.0637151215521303,0.0078451752404709,0.008449848938352,-0.2059010251809432,-0.4329093862338591,2.9256787614705737,EEG19,C3,alpha,W3,0.0494633433241626,2836,0.2836716328367163,1.0,0.9240553659651414,0.9594215456082604,0.9118465316098148,1.0,0.9631849315068494,0.6619004766190048,0.9842015798420158,False,False,False,False,False
feature,TARGET__OC__MSPSS__EEG62,OC,MSPSS,MSPSS_total,EDUCATION_LOWER,Escolaridad menor que Gymnasium,binary,1=Realschule/Hauptschule/incompleta,none,new_W,134,1,126.0,8.0,134,130,0.0510841867665247,0.4894792423948453,0.1043643577541474,0.917041050111266,0.7883113960854687,0.0648020401838592,0.9484311599774892,0.0663901551577932,0.0663119335965176,7.8221561275571e-05,8.378399361115515e-05,0.1780778848652684,0.2291620716317931,5.8670784452885805,EEG62,P8,theta,W4,0.0301372372361042,9060,0.906009399060094,1.0,0.9852069463869568,0.996296827095842,0.9844848848448488,1.0,0.9608222851184268,0.932106789321068,1.0,False,False,False,False,False
feature,TARGET__OC__MSPSS__EEG61,OC,MSPSS,MSPSS_total,EDUCATION_LOWER,Escolaridad menor que Gymnasium,binary,1=Realschule/Hauptschule/incompleta,none,new_W,134,1,126.0,8.0,134,130,0.3000706420603479,0.4910272942555972,0.6111078662444994,0.5421952462618038,0.5471579209347633,0.5484168840098448,0.5843462559769936,0.0525099045379366,0.0497880364453331,0.0027218680926035,0.0028727140321991,0.1161429606672942,0.4162136027276422,5.921446511450632,EEG61,P8,delta,W4,0.0303231288881845,5240,0.524047595240476,1.0,0.936442424062965,0.9886247647640076,0.9275621110455328,1.0,0.7730109342006976,0.8812755088127551,0.9998000199980002,False,False,False,False,False
feature,TARGET__OC__MSPSS__EEG5,OC,MSPSS,MSPSS_total,EDUCATION_LOWER,Escolaridad menor que Gymnasium,binary,1=Realschule/Hauptschule/incompleta,none,new_W,134,1,126.0,8.0,134,130,-0.0364068399021821,0.3087813880926566,-0.1179049039421298,0.9063249860072676,0.3129560789143723,-0.1163321065002972,0.9075688598376443,0.0348909703172226,0.034787766261577,0.0001032040556455,0.0001069351259509,0.030132590254965,-0.0062742496472171,4.369418489707991,EEG5,Fp2,delta,W4,0.0308392371721907,9004,0.9004099590040996,1.0,0.9852069463869568,0.996296827095842,0.9844848848448488,1.0,0.9608222851184268,0.915908409159084,1.0,False,False,False,False,False
feature,TARGET__OC__MSPSS__EEG6,OC,MSPSS,MSPSS_total,EDUCATION_LOWER,Escolaridad menor que Gymnasium,binary,1=Realschule/Hauptschule/incompleta,none,new_W,134,1,126.0,8.0,134,130,-0.0919984476047178,0.3782411738340644,-0.243226951397623,0.8082129638550523,0.4543497352684222,-0.2024837706802376,0.8398550933402594,0.0500156682728477,0.0495833570769473,0.0004323111959003,0.0004550719222014,0.1296737490448271,0.0376753014401092,4.697026321905181,EEG6,Fp2,theta,W4,0.0341492186828345,7995,0.7995200479952005,1.0,0.9827782335685468,0.996296827095842,0.9792965340144184,1.0,0.9518095809466672,0.8610215901486774,1.0,False,False,False,False,False
feature,TARGET__OC__MSPSS__EEG54,OC,MSPSS,MSPSS_total,EDUCATION_LOWER,Escolaridad menor que Gymnasium,binary,1=Realschule/Hauptschule/incompleta,none,new_W,134,1,126.0,8.0,134,130,0.1993515892323955,0.3979275094312482,0.5009746361022533,0.6172361656030906,0.7517443309464493,0.2651853576087645,0.7912867101123309,0.0687182470912003,0.066920331832093,0.0017979152591073,0.001930581430906,0.1718515628712212,0.3712031521036167,4.798289556413315,EEG54,T8,theta,W4,0.0343992826654235,5981,0.5981401859814018,1.0,0.936442424062965,0.996296827095842,0.9275621110455328,1.0,0.8205936163140444,0.7342804181120349,0.999900009999,False,False,False,False,False
feature,TARGET__OC__MSPSS__EEG58,OC,MSPSS,MSPSS_total,EDUCATION_LOWER,Escolaridad menor que Gymnasium,binary,1=Realschule/Hauptschule/incompleta,none,new_W,134,1,126.0,8.0,134,130,0.0319080699992498,0.4474449699746876,0.0713117190725262,0.9432592590480504,1.4001058568701013,0.022789755390767,0.9818529234785256,0.0606861446546415,0.0606494004215106,3.674423313082542e-05,3.911816366992227e-05,0.1618795940208031,0.193787664020053,5.298880083245019,EEG58,P7,theta,W4,0.0345495111494009,9416,0.9416058394160584,1.0,0.9869678345794248,0.9965523916828825,0.9844848848448488,1.0,0.9608222851184268,0.949005099490051,1.0,False,False,False,False,False
feature,TARGET__OC__MSPSS__EEG57,OC,MSPSS,MSPSS_total,EDUCATION_LOWER,Escolaridad menor que Gymnasium,binary,1=Realschule/Hauptschule/incompleta,none,new_W,134,1,126.0,8.0,134,130,0.3197358474842576,0.5389952866265192,0.5932071307811065,0.5540731735115124,0.9355266710558456,0.3417709589438003,0.7330751199049436,0.0488356572889105,0.0462609673578481,0.0025746899310624,0.0027068823077659,0.1021958245124517,0.4219316719967093,6.3286437040924,EEG57,P7,delta,W4,0.0347741004973604,5251,0.5251474852514748,1.0,0.936442424062965,0.996296827095842,0.9275621110455328,1.0,0.7730109342006976,0.752004799520048,0.9998000199980002,False,False,False,False,False
feature,TARGET__OC__MSPSS__EEG13,OC,MSPSS,MSPSS_total,EDUCATION_LOWER,Escolaridad menor que Gymnasium,binary,1=Realschule/Hauptschule/incompleta,none,new_W,134,1,126.0,8.0,134,130,0.3040983502296365,0.4077889702736095,0.745724804733191,0.4571799357885618,0.6315250657920005,0.4815301350679792,0.6309493541298502,0.0876438730335389,0.0837410557571786,0.0039028172763603,0.0042777344953412,0.209467934139108,0.5135662843687445,4.887059061396417,EEG13,F4,delta,W4,0.0347749067907123,4369,0.436956304369563,1.0,0.936442424062965,0.9891728224328948,0.9245162440277712,1.0,0.7285938072859381,0.8739126087391261,0.9972002799720028,False,False,False,False,False
feature,TARGET__OC__MSPSS__EEG10,OC,MSPSS,MSPSS_total,EDUCATION_LOWER,Escolaridad menor que Gymnasium,binary,1=Realschule/Hauptschule/incompleta,none,new_W,134,1,126.0,8.0,134,130,0.6795360223915391,0.4628494636772179,1.4681577396521173,0.1444768210488493,0.6725040201845339,1.010456446349682,0.3141536828934034,0.0952729301972534,0.0802719488752513,0.0150009813220021,0.0165806703730802,0.1921954161224172,0.8717314385139563,5.64418350634825,EEG10,F3,theta,W4,0.0347846023678833,1404,0.1404859514048595,1.0,0.9240553659651414,0.9488919985621757,0.9118465316098148,1.0,0.450837269214255,0.7156784321567843,0.7557244275572442,False,False,False,False,False
feature,TARGET__OC__MSPSS__EEG18,OC,MSPSS,MSPSS_total,EDUCATION_LOWER,Escolaridad menor que Gymnasium,binary,1=Realschule/Hauptschule/incompleta,none,new_W,134,1,126.0,8.0,134,130,0.3025938080316682,0.5051463731719006,0.5990220342108563,0.5502006355831891,2.004072332232941,0.1509894643845103,0.8802180690555985,0.0648297596726931,0.0622484927224766,0.0025812669502164,0.00276021074977,0.1591683829656809,0.4617621909973491,6.046198801753199,EEG18,C3,theta,W4,0.0358267801609531,5256,0.5256474352564744,1.0,0.936442424062965,0.996296827095842,0.9275621110455328,1.0,0.7730109342006976,0.6957304269573042,0.9998000199980002,False,False,False,False,False
feature,TARGET__OC__MSPSS__EEG22,OC,MSPSS,MSPSS_total,EDUCATION_LOWER,Escolaridad menor que Gymnasium,binary,1=Realschule/Hauptschule/incompleta,none,new_W,134,1,126.0,8.0,134,130,0.3216332110582566,0.4528268867737608,0.7102785202305125,0.4788036606402819,1.324462705088955,0.242840519270533,0.8085116784880049,0.0635604493074609,0.059926375378249,0.0036340739292118,0.0038807352023142,0.1493419803530711,0.4709751914113278,5.6523099405669175,EEG22,C4,theta,W4,0.0364824153601674,4556,0.4556544345565443,1.0,0.936442424062965,0.996296827095842,0.9245162440277712,1.0,0.7349265073492651,0.8051194880511949,0.9989001099890013,False,False,False,False,False
feature,TARGET__OC__MSPSS__EEG30,OC,MSPSS,MSPSS_total,EDUCATION_LOWER,Escolaridad menor que Gymnasium,binary,1=Realschule/Hauptschule/incompleta,none,new_W,134,1,126.0,8.0,134,130,0.1238488115438636,0.4245675654150494,0.2917057769657729,0.7709765578676248,1.8872332802809315,0.0656245376964884,0.947777564704472,0.0545866462414755,0.0539678204014487,0.0006188258400268,0.0006545558485784,0.1359360392514641,0.2597848507953277,5.092294449591352,EEG30,P4,theta,W4,0.0367556740163888,7635,0.7635236476352365,1.0,0.9827782335685468,0.996296827095842,0.9765811739993884,1.0,0.9311263995551664,0.99555498995555,1.0,False,False,False,False,False
feature,TARGET__OC__MSPSS__EEG53,OC,MSPSS,MSPSS_total,EDUCATION_LOWER,Escolaridad menor que Gymnasium,binary,1=Realschule/Hauptschule/incompleta,none,new_W,134,1,126.0,8.0,134,130,0.3372585288574552,0.3966851791150399,0.8501919068664,0.3967815289801592,0.5492719814680704,0.6140100719429474,0.5402816749465066,0.0480537647672432,0.042760751270732,0.0052930134965111,0.0055602021423163,0.0768335748715011,0.4140921037289564,4.881996527454331,EEG53,T8,delta,W4,0.0369640002416077,3708,0.3708629137086291,1.0,0.936442424062965,0.9782461183923752,0.9118465316098148,1.0,0.7028926736955933,0.7165533446655334,0.9907009299070092,False,False,False,False,False
feature,TARGET__OC__MSPSS__EEG1,OC,MSPSS,MSPSS_total,EDUCATION_LOWER,Escolaridad menor que Gymnasium,binary,1=Realschule/Hauptschule/incompleta,none,new_W,134,1,126.0,8.0,134,130,0.3047101641097334,0.2692375648960756,1.1317520429489476,0.2598220327423606,0.3191892453420265,0.9546379414607844,0.3415325954728547,0.0541666677068779,0.0448475706054204,0.0093190971014575,0.0098527898978394,0.0695565575830026,0.3742667216927361,4.623900343543927,EEG1,Fp1,delta,W4,0.0371765040761449,2472,0.2472752724727527,1.0,0.9240553659651414,0.9488919985621757,0.9118465316098148,1.0,0.6161288633041458,0.6250374962503751,0.931006899310069,False,False,False,False,False
feature,TARGET__OC__MSPSS__EEG46,OC,MSPSS,MSPSS_total,EDUCATION_LOWER,Escolaridad menor que Gymnasium,binary,1=Realschule/Hauptschule/incompleta,none,new_W,134,1,126.0,8.0,134,130,-0.008315728976822,0.4154113088998163,-0.0200180611328217,0.9840596566532128,1.279877809843867,-0.0064972835007089,0.994825914202318,0.0871807878413037,0.0871779740917301,2.813749573671309e-06,3.0824828577141416e-06,0.2308764362388611,0.222560707262039,5.026418821123542,EEG46,F8,theta,W4,0.037300816525276,9839,0.983901609839016,1.0,0.9957494258412956,0.9965523916828825,0.9965240958021508,1.0,0.983901609839016,0.983901609839016,1.0,False,False,False,False,False
feature,TARGET__OC__MSPSS__EEG9,OC,MSPSS,MSPSS_total,EDUCATION_LOWER,Escolaridad menor que Gymnasium,binary,1=Realschule/Hauptschule/incompleta,none,new_W,134,1,126.0,8.0,134,130,0.4970323719736404,0.3928869748258761,1.265077245673315,0.2081066059737738,0.3324571042552473,1.4950270745065468,0.1373309094619147,0.0800767561218784,0.0687516487337814,0.011325107388097,0.0123109264424646,0.1623867259517565,0.659419097925397,4.823453622251342,EEG9,F3,delta,W4,0.0373805689785554,1987,0.1987801219878012,1.0,0.9240553659651414,0.8819416203976174,0.9118465316098148,1.0,0.5231055841784242,0.6931640169316402,0.8757124287571243,False,False,False,False,False
feature,TARGET__OC__MSPSS__EEG38,OC,MSPSS,MSPSS_total,EDUCATION_LOWER,Escolaridad menor que Gymnasium,binary,1=Realschule/Hauptschule/incompleta,none,new_W,134,1,126.0,8.0,134,130,0.0410981346944142,0.4049759280019092,0.1014829076315383,0.919323482619499,1.9402066270926908,0.0211823494057423,0.9831326720360472,0.0707159204096896,0.0706423012343339,7.361917535575468e-05,7.922138877942562e-05,0.1895019805426533,0.2306001152370676,4.954797593541739,EEG38,O2,theta,W4,0.0381984113175509,9165,0.9165083491650836,1.0,0.9852069463869568,0.9965523916828825,0.9844848848448488,1.0,0.9608222851184268,0.944005599440056,1.0,False,False,False,False,False
feature,TARGET__OC__MSPSS__EEG14,OC,MSPSS,MSPSS_total,EDUCATION_LOWER,Escolaridad menor que Gymnasium,binary,1=Realschule/Hauptschule/incompleta,none,new_W,134,1,126.0,8.0,134,130,0.2386041174429784,0.4838556304085569,0.4931308068927635,0.6227521382037867,1.661645396539046,0.143595088302206,0.8860425683032773,0.0776426430513451,0.0759172814311831,0.001725361620162,0.0018705999438979,0.1971969574557751,0.4358010748987536,5.832599115630852,EEG14,F4,theta,W4,0.0385821877448471,6072,0.6072392760723928,1.0,0.936442424062965,0.996296827095842,0.9285534328663204,1.0,0.8205936163140444,0.653949989616423,0.999900009999,False,False,False,False,False
feature,TARGET__OC__MSPSS__EEG2,OC,MSPSS,MSPSS_total,EDUCATION_LOWER,Escolaridad menor que Gymnasium,binary,1=Realschule/Hauptschule/incompleta,none,new_W,134,1,126.0,8.0,134,130,0.29809715782198,0.3988334065144108,0.7474227408059637,0.4561582343159446,0.7007448955692503,0.4254003984999715,0.6712481903096322,0.0657826619618718,0.0617681090570257,0.004014552904846,0.0042972365651837,0.1524150642488446,0.4505122220708247,4.896236246593513,EEG2,Fp1,theta,W4,0.0390269244562189,4322,0.4322567743225677,1.0,0.936442424062965,0.996296827095842,0.9245162440277712,1.0,0.7285938072859381,0.7931373529313736,0.9972002799720028,False,False,False,False,False
feature,TARGET__OC__MSPSS__EEG17,OC,MSPSS,MSPSS_total,EDUCATION_LOWER,Escolaridad menor que Gymnasium,binary,1=Realschule/Hauptschule/incompleta,none,new_W,134,1,126.0,8.0,134,130,0.6933069432693059,0.5030808004619514,1.3781224460020742,0.1705328609353147,0.6882127427933847,1.0074020722941637,0.3156130073186681,0.0612795159000288,0.0475653766421224,0.0137141392579064,0.0146093959705751,0.0959268446618666,0.7892337879311725,6.143886542097353,EEG17,C3,delta,W4,0.0392538879333417,1532,0.1532846715328467,1.0,0.9240553659651414,0.9488919985621757,0.9118465316098148,1.0,0.450837269214255,0.7153284671532848,0.8124187581241876,False,False,False,False,False
feature,TARGET__OC__MSPSS__EEG21,OC,MSPSS,MSPSS_total,EDUCATION_LOWER,Escolaridad menor que Gymnasium,binary,1=Realschule/Hauptschule/incompleta,none,new_W,134,1,126.0,8.0,134,130,0.4133260559885626,0.4254718581400124,0.9714533360571808,0.3331266172178793,0.6222601112873266,0.6642335712849681,0.5077172551333576,0.0513557316681515,0.0444691465012879,0.0068865851668635,0.0072593968010509,0.0849611291304944,0.4982871851190571,5.728070241481693,EEG21,C4,delta,W4,0.0394069913028541,3145,0.3145685431456854,1.0,0.9240553659651414,0.973689025705312,0.9118465316098148,1.0,0.6838446590123596,0.8879778688797786,0.9753024697530248,False,False,False,False,False
feature,TARGET__OC__MSPSS__EEG50,OC,MSPSS,MSPSS_total,EDUCATION_LOWER,Escolaridad menor que Gymnasium,binary,1=Realschule/Hauptschule/incompleta,none,new_W,134,1,126.0,8.0,134,130,0.1227658504761996,0.359172054862793,0.3418023446258849,0.7330515538938778,0.6221974157388676,0.1973101259676779,0.8438930223383728,0.0723250258455004,0.0714913397399824,0.000833686105518,0.0008986834060904,0.186694014296789,0.3094598647729887,4.838070865863233,EEG50,T7,theta,W4,0.039647610447041,7146,0.7146285371462854,1.0,0.970198685312858,0.996296827095842,0.9612282533742786,1.0,0.9251638938670236,0.9095272290952724,1.0,False,False,False,False,False
feature,TARGET__OC__MSPSS__EEG42,OC,MSPSS,MSPSS_total,EDUCATION_LOWER,Escolaridad menor que Gymnasium,binary,1=Realschule/Hauptschule/incompleta,none,new_W,134,1,126.0,8.0,134,130,0.2753828893293164,0.3700949568420252,0.7440871166662868,0.4581666147368148,0.7424389581598703,0.3709165397406556,0.7113034346099208,0.08023366770151,0.0763164137596885,0.0039172539418215,0.0042589664399134,0.1905582858506074,0.4659411751799239,4.523100640982572,EEG42,F7,theta,W4,0.0403006852011876,4371,0.4371562843715628,1.0,0.936442424062965,0.996296827095842,0.9245162440277712,1.0,0.7285938072859381,0.9246075392460754,0.9974002599740026,False,False,False,False,False
feature,TARGET__OC__MSPSS__EEG26,OC,MSPSS,MSPSS_total,EDUCATION_LOWER,Escolaridad menor que Gymnasium,binary,1=Realschule/Hauptschule/incompleta,none,new_W,134,1,126.0,8.0,134,130,0.0301372623496793,0.3964807382310621,0.0760119204885961,0.939526468145864,2.075070140788463,0.014523490920759,0.9884346036543168,0.0509931525241212,0.050950974191776,4.2178332345210734e-05,4.44447081255468e-05,0.1286059025675647,0.1587431649172441,4.877468537631745,EEG26,P3,theta,W4,0.0403167916358557,9369,0.936906309369063,1.0,0.9869678345794248,0.9965523916828825,0.9844848848448488,1.0,0.9608222851184268,0.936906309369063,1.0,False,False,False,False,False
feature,TARGET__OC__MSPSS__EEG34,OC,MSPSS,MSPSS_total,EDUCATION_LOWER,Escolaridad menor que Gymnasium,binary,1=Realschule/Hauptschule/incompleta,none,new_W,134,1,126.0,8.0,134,130,0.1481095053866936,0.4244585361995471,0.3489375115713637,0.7277007438829628,1.965786507583336,0.0753436371728758,0.940057123230866,0.0647143717932412,0.0638383876842262,0.000875984109015,0.0009365952844742,0.1665044334281565,0.3146139388148501,5.169762166403322,EEG34,O1,theta,W4,0.0410297253297877,7216,0.7216278372162783,1.0,0.970198685312858,0.996296827095842,0.9639643246301556,1.0,0.9251638938670236,0.8418991434189914,1.0,False,False,False,False,False
feature,TARGET__OC__MSPSS__EEG45,OC,MSPSS,MSPSS_total,EDUCATION_LOWER,Escolaridad menor que Gymnasium,binary,1=Realschule/Hauptschule/incompleta,none,new_W,134,1,126.0,8.0,134,130,0.1373973104725771,0.4796748451019127,0.28643843194109,0.7749983264831761,0.5778440793818062,0.2377757519287359,0.812429372158921,0.0770085322442069,0.0764260041045877,0.0005825281396191,0.0006311305791758,0.2014885000489802,0.3388858105215573,5.749146330259444,EEG45,F8,delta,W4,0.0433332040268562,7621,0.7621237876212379,1.0,0.9827782335685468,0.996296827095842,0.9765811739993884,1.0,0.9311263995551664,0.9927007299270072,1.0,False,False,False,False,False
feature,TARGET__OC__MSPSS__EEG33,OC,MSPSS,MSPSS_total,EDUCATION_LOWER,Escolaridad menor que Gymnasium,binary,1=Realschule/Hauptschule/incompleta,none,new_W,134,1,126.0,8.0,134,130,0.0606622838444342,0.3767730011743441,0.1610048587753345,0.8723395115821837,0.4103036873507079,0.1478472792582607,0.8826923648167674,0.0510812481069181,0.0508920295869341,0.0001892185199839,0.0001994043426863,0.1266186576084988,0.187280941452933,4.801291471873524,EEG33,O1,delta,W4,0.044927486351673,8610,0.861013898610139,1.0,0.9827782335685468,0.996296827095842,0.9805750194211348,1.0,0.9608222851184268,0.9922007799220078,1.0,False,False,False,False,False
feature,TARGET__OC__MSPSS__EEG49,OC,MSPSS,MSPSS_total,EDUCATION_LOWER,Escolaridad menor que Gymnasium,binary,1=Realschule/Hauptschule/incompleta,none,new_W,134,1,126.0,8.0,134,130,0.2790065691777797,0.3333874553377582,0.8368838260429305,0.4041936583370905,0.3048752870530173,0.915149836756893,0.3618073530976533,0.0519713403426029,0.0468638393057154,0.0051075010368875,0.0053874964484019,0.0940614956568547,0.3730680648346344,5.139999651851288,EEG49,T7,delta,W4,0.04614990038853,3795,0.3795620437956204,1.0,0.936442424062965,0.9488919985621757,0.9161842436446008,1.0,0.7028926736955933,0.7591240875912408,0.9922007799220078,False,False,False,False,False
feature,TARGET__OC__MSPSS__EEG25,OC,MSPSS,MSPSS_total,EDUCATION_LOWER,Escolaridad menor que Gymnasium,binary,1=Realschule/Hauptschule/incompleta,none,new_W,134,1,126.0,8.0,134,130,0.1932854216504968,0.3732698206093329,0.5178169007474913,0.6054661105423521,0.6007391766276581,0.3217459908899804,0.7481618997690151,0.0386401583487536,0.0366572845853762,0.0019828737633774,0.0020625718669209,0.0401427826711026,0.2334282043215995,4.755570278067893,EEG25,P3,delta,W4,0.0477275509808306,5845,0.5845415458454155,1.0,0.936442424062965,0.996296827095842,0.9275621110455328,1.0,0.8205936163140444,0.8677732226777323,0.999900009999,False,False,False,False,False
feature,TARGET__OC__MSPSS__EEG37,OC,MSPSS,MSPSS_total,EDUCATION_LOWER,Escolaridad menor que Gymnasium,binary,1=Realschule/Hauptschule/incompleta,none,new_W,134,1,126.0,8.0,134,130,0.0711175598085955,0.3348014992385072,0.2124170888432389,0.8321143599699148,0.4248923730075659,0.1673778216003167,0.8673328630429125,0.0641907200808017,0.0638659149354812,0.0003248051453205,0.0003470847664051,0.1678059469994772,0.2389235068080728,4.34030835210323,EEG37,O2,delta,W4,0.0480635496317914,8234,0.8234176582341766,1.0,0.9827782335685468,0.996296827095842,0.9805750194211348,1.0,0.9574623932955542,0.967903209679032,1.0,False,False,False,False,False
feature,TARGET__OC__MSPSS__EEG29,OC,MSPSS,MSPSS_total,EDUCATION_LOWER,Escolaridad menor que Gymnasium,binary,1=Realschule/Hauptschule/incompleta,none,new_W,134,1,126.0,8.0,134,130,0.3661302779371977,0.429389645930982,0.8526760749979698,0.3954071803818547,0.5749963142685384,0.6367523910182932,0.5254057997620768,0.0432342243072969,0.0378832799569133,0.0053509443503836,0.0055927422221071,0.0466189848026187,0.4127492627398165,5.222859086557528,EEG29,P4,delta,W4,0.0493899977715527,3764,0.3764623537646235,1.0,0.936442424062965,0.973689025705312,0.9118465316098148,1.0,0.7028926736955933,0.8344332233443322,0.9906009399060094,False,False,False,False,False
feature,TARGET__OA__MSPSS__EEG62,OA,MSPSS,MSPSS_total,EDUCATION_LOWER,Escolaridad menor que Gymnasium,binary,1=Realschule/Hauptschule/incompleta,none,new_W,134,1,126.0,8.0,134,130,0.5202421779313691,0.3927148251246698,1.3247327186240418,0.1875837896727686,0.412928840913299,1.259883365813632,0.2099684954659046,0.105838020454165,0.0937674061604623,0.0120706142937027,0.013499359813793,0.2200143602155008,0.74025653814687,4.757127066948081,EEG62,P8,theta,W4,0.0492521790867692,1762,0.1762823717628237,1.0,0.9240553659651414,0.9094288929128624,0.9118465316098148,1.0,0.4896732548967326,0.7135786421357865,0.8435156484351565,False,False,False,False,False
feature,TARGET__OA__MSPSS__EEG61,OA,MSPSS,MSPSS_total,EDUCATION_LOWER,Escolaridad menor que Gymnasium,binary,1=Realschule/Hauptschule/incompleta,none,new_W,134,1,126.0,8.0,134,130,0.6868873870691754,0.3641279818909104,1.8863900090901584,0.0614730689882247,0.3899099946196971,1.7616562707994656,0.0804781701718265,0.0810340528762497,0.0558793587087751,0.0251546941674746,0.0273728251261167,0.1089252022351919,0.7958125893043674,4.51363973032718,EEG61,P8,delta,W4,0.0497293732930649,609,0.060993900609939,1.0,0.6620176660270362,0.7526967281455017,0.6777100067771001,1.0,0.4037096290370963,0.426957304269573,0.4655534446555344,False,False,False,False,False
feature,TARGET__DELTA_OC_MINUS_OA__MSPSS__EEG43,DELTA_OC_MINUS_OA,MSPSS,MSPSS_total,EDUCATION_LOWER,Escolaridad menor que Gymnasium,binary,1=Realschule/Hauptschule/incompleta,none,new_W,134,1,126.0,8.0,134,130,-0.6129413923186681,0.2933571117657613,-2.08940355537754,0.0386208321490631,0.2273234708326044,-2.696340109860558,0.0079389338139614,0.077099913376847,0.0461074573850089,0.030992455991838,0.0335815939786483,-0.0539341951479601,-0.6668755874666282,5.163900029712076,EEG43,F7,alpha,W3,0.0076950147436451,431,0.0431956804319568,0.9996000399960004,0.6153111028289624,0.1984733453490367,0.6460892372301231,1.0,0.39329400393294,0.2015798420157984,0.3496650334966503,True,True,True,True,True
feature,TARGET__DELTA_OC_MINUS_OA__MSPSS__EEG23,DELTA_OC_MINUS_OA,MSPSS,MSPSS_total,EDUCATION_LOWER,Escolaridad menor que Gymnasium,binary,1=Realschule/Hauptschule/incompleta,none,new_W,134,1,126.0,8.0,134,130,-0.438284807357522,0.2956482349425749,-1.4824536579514913,0.14063973206933,0.2614028693899118,-1.6766641023506552,0.0960113209309573,0.0746416779642753,0.0589983613677276,0.0156433165965477,0.0169051449844137,-0.1192560016340471,-0.5575408089915692,4.814340895029877,EEG23,C4,alpha,W3 | W4,0.0084238953858853,1359,0.135986401359864,1.0,0.9240553659651414,0.7815271047854544,0.9118465316098148,1.0,0.450837269214255,0.4987001299870013,0.7430256974302569,False,False,False,False,False
feature,TARGET__DELTA_OC_MINUS_OA__MSPSS__EEG45,DELTA_OC_MINUS_OA,MSPSS,MSPSS_total,EDUCATION_LOWER,Escolaridad menor que Gymnasium,binary,1=Realschule/Hauptschule/incompleta,none,new_W,134,1,126.0,8.0,134,130,-0.8758470628325491,0.4228215731200577,-2.071434190004911,0.0402958011469307,0.5303656364558657,-1.651402358352892,0.1010700774297278,0.0672784452642987,0.036492609986469,0.0307858352778296,0.0330064584886249,0.0860871962581286,-0.7897598665744205,5.133172444860934,EEG45,F8,delta,W2,0.0094547706672181,471,0.0471952804719528,0.9997000299970004,0.6153111028289624,0.7923279381621363,0.6460892372301231,1.0,0.39329400393294,0.3303669633036696,0.3580641935806419,True,False,True,True,False
feature,TARGET__DELTA_OC_MINUS_OA__MSPSS__EEG55,DELTA_OC_MINUS_OA,MSPSS,MSPSS_total,EDUCATION_LOWER,Escolaridad menor que Gymnasium,binary,1=Realschule/Hauptschule/incompleta,none,new_W,134,1,126.0,8.0,134,130,-0.2880923110578094,0.2858496978483159,-1.0078454279517328,0.3154009010645814,0.2671612504301432,-1.0783461695660057,0.2828761134635233,0.1058196472211422,0.0988329868726174,0.0069866603485247,0.0078134800511018,-0.2305875695996222,-0.5186798806574316,5.128358599554951,EEG55,T8,alpha,W3,0.015348005968504,3115,0.3115688431156884,1.0,0.9240553659651414,0.9488919985621757,0.9118465316098148,1.0,0.6838446590123596,0.7269939672699397,0.9662033796620338,False,False,False,False,False
feature,TARGET__DELTA_OC_MINUS_OA__MSPSS__EEG51,DELTA_OC_MINUS_OA,MSPSS,MSPSS_total,EDUCATION_LOWER,Escolaridad menor que Gymnasium,binary,1=Realschule/Hauptschule/incompleta,none,new_W,134,1,126.0,8.0,134,130,-0.5942107467435978,0.326105805509491,-1.822140963774728,0.0707321136862887,0.2257640289360593,-2.631999214152444,0.0095158400763811,0.0671433032366277,0.0433181597640479,0.0238251434725798,0.0255399822451221,-0.0529868626619025,-0.6471976094055003,4.587447244064324,EEG51,T7,alpha,W2,0.0328030420497389,742,0.0742925707429257,1.0,0.7281246997117963,0.2220362684488938,0.7647764635301176,1.0,0.412736504127365,0.4073592640735927,0.5085491450854914,False,True,False,False,False
feature,TARGET__DELTA_OC_MINUS_OA__BAI__EEG8,DELTA_OC_MINUS_OA,BAI,STAI_Trait_Anxiety,EDUCATION_LOWER,Escolaridad menor que Gymnasium,binary,1=Realschule/Hauptschule/incompleta,none,new_W,134,1,126.0,8.0,134,130,0.5926456575453313,0.2633734632584597,2.2502102156121278,0.0261160791146312,0.3912148895477307,1.5148852290117774,0.1322291255368755,0.0391055579317736,0.0016791184472126,0.0374264394845609,0.0389495847265016,-0.0355899147281218,0.5570557428172095,4.72670733396748,EEG8,Fp2,beta,W4,0.0343388639933498,245,0.0245975402459754,0.9955004499550044,0.6153111028289624,0.8650503539795594,0.6149385061493851,1.0,0.39329400393294,0.2848715128487151,0.270972902709729,True,False,True,True,False
feature,TARGET__DELTA_OC_MINUS_OA__MSPSS__EEG11,DELTA_OC_MINUS_OA,MSPSS,MSPSS_total,EDUCATION_LOWER,Escolaridad menor que Gymnasium,binary,1=Realschule/Hauptschule/incompleta,none,new_W,134,1,126.0,8.0,134,130,-0.4731165221692696,0.2792180381411439,-1.6944339460264766,0.0925771858671884,0.2155754944876525,-2.1946674564922235,0.0299635617423224,0.0790468598512398,0.0587072102171636,0.0203396496340761,0.0220854338265145,-0.1095754394503785,-0.5826919616196482,4.753677492241077,EEG11,F3,alpha,W3,0.0345540481569964,943,0.0943905609439056,1.0,0.8757301365815123,0.4462658131835265,0.9004504954909914,1.0,0.450837269214255,0.4387161283871612,0.5964403559644036,False,True,False,False,False
feature,TARGET__DELTA_OC_MINUS_OA__MSPSS__EEG7,DELTA_OC_MINUS_OA,MSPSS,MSPSS_total,EDUCATION_LOWER,Escolaridad menor que Gymnasium,binary,1=Realschule/Hauptschule/incompleta,none,new_W,134,1,126.0,8.0,134,130,-0.3586922719449147,0.2263304846687187,-1.58481643544366,0.1154376700212899,0.1311629804607859,-2.734706627470651,0.0071152866220258,0.1147953037451763,0.0976928553022583,0.0171024484429179,0.0193203318004028,-0.1965817878914833,-0.5552740598363981,4.526953217639128,EEG7,Fp2,alpha,W2,0.0346170182546974,1165,0.1165883411658834,1.0,0.9240553659651414,0.184470393904373,0.9118465316098148,1.0,0.450837269214255,0.7494850514948505,0.6765323467653235,False,True,False,False,False
feature,TARGET__DELTA_OC_MINUS_OA__MSPSS__EEG59,DELTA_OC_MINUS_OA,MSPSS,MSPSS_total,EDUCATION_LOWER,Escolaridad menor que Gymnasium,binary,1=Realschule/Hauptschule/incompleta,none,new_W,134,1,126.0,8.0,134,130,-0.4261600152712843,0.29320143850202,-1.4534717750654838,0.1485026062722039,0.2528764698298557,-1.6852497804877609,0.0943394182723148,0.1006714085398089,0.0860567641057097,0.0146146444340992,0.0162506169300924,-0.1918445034939776,-0.6180045187652619,4.959337723117537,EEG59,P7,alpha,W3,0.0405515036123669,1512,0.1512848715128487,1.0,0.9240553659651414,0.7815271047854544,0.9118465316098148,1.0,0.450837269214255,0.7059960670599608,0.7653234676532347,False,False,False,False,False
feature,TARGET__DELTA_OC_MINUS_OA__MSPSS__EEG31,DELTA_OC_MINUS_OA,MSPSS,MSPSS_total,EDUCATION_LOWER,Escolaridad menor que Gymnasium,binary,1=Realschule/Hauptschule/incompleta,none,new_W,134,1,126.0,8.0,134,130,-0.5075832555404084,0.2505569212243284,-2.025820133246127,0.0448298089203958,0.1916269835360016,-2.648808879491896,0.0090786660302859,0.0952655548048471,0.0667041516956234,0.0285614031092236,0.0315688247097333,-0.1167398395522345,-0.6243230950926429,4.986810068059703,EEG31,P4,alpha,W3,0.0409085023412764,456,0.0456954304569543,1.0,0.6153111028289624,0.2191402145241432,0.6460892372301231,1.0,0.39329400393294,0.3198680131986801,0.3838616138386161,True,True,True,True,True
feature,TARGET__DELTA_OC_MINUS_OA__BAI__EEG4,DELTA_OC_MINUS_OA,BAI,STAI_Trait_Anxiety,EDUCATION_LOWER,Escolaridad menor que Gymnasium,binary,1=Realschule/Hauptschule/incompleta,none,new_W,134,1,126.0,8.0,134,130,0.7776647408059078,0.3394293817718169,2.291094355905514,0.0235669977142756,0.5316769763549245,1.4626639395548555,0.145972787742168,0.0400961684556577,0.0013373683431083,0.0387588001125493,0.0403777949820163,-0.089010553839664,0.6886541869662438,5.71661756039289,EEG4,Fp1,beta,W4,0.0411042368767334,211,0.0211978802119788,0.993000699930007,0.6044483829158129,0.8856127534210265,0.6149385061493851,1.0,0.39329400393294,0.2967703229677032,0.2537746225377462,True,False,True,True,False
feature,TARGET__DELTA_OC_MINUS_OA__BAI__EEG59,DELTA_OC_MINUS_OA,BAI,STAI_Trait_Anxiety,EDUCATION_LOWER,Escolaridad menor que Gymnasium,binary,1=Realschule/Hauptschule/incompleta,none,new_W,134,1,126.0,8.0,134,130,0.2891626620715471,0.300672411283526,0.9617199690425684,0.3379757043580537,0.3032468004892122,0.9535555250873418,0.3420783578631075,0.0542564930787222,0.0475278532255728,0.0067286398531494,0.0071146561450402,0.1934782339538283,0.4826408960253755,4.959337723117537,EEG59,P7,alpha,W4,0.0416182735950191,3423,0.3423657634236576,1.0,0.9240553659651414,0.9488919985621757,0.9118465316098148,1.0,0.7028926736955933,0.6096390360963904,0.9769023097690231,False,False,False,False,False
feature,TARGET__DELTA_OC_MINUS_OA__MSPSS__EEG39,DELTA_OC_MINUS_OA,MSPSS,MSPSS_total,EDUCATION_LOWER,Escolaridad menor que Gymnasium,binary,1=Realschule/Hauptschule/incompleta,none,new_W,134,1,126.0,8.0,134,130,-0.6134164470922912,0.2968788029523957,-2.066218406272178,0.0407934973881412,0.1673931954263279,-3.6645243884018224,0.0003596733244046,0.0999436825998554,0.0703854280943512,0.0295582545055042,0.0328404500185995,-0.1381606394765197,-0.751577086568811,4.599885900964139,EEG39,O2,alpha,W3,0.0454113384125685,444,0.0444955504449555,0.9997000299970004,0.6153111028289624,0.0503542654166508,0.6460892372301231,1.0,0.39329400393294,0.2832383428323834,0.3612638736126387,True,True,True,True,True
feature,TARGET__DELTA_OC_MINUS_OA__BAI__EEG3,DELTA_OC_MINUS_OA,BAI,STAI_Trait_Anxiety,EDUCATION_LOWER,Escolaridad menor que Gymnasium,binary,1=Realschule/Hauptschule/incompleta,none,new_W,134,1,126.0,8.0,134,130,0.3887168924791835,0.2655995498686698,1.4635449972388554,0.145732070738061,0.2262580838523482,1.7180243280626952,0.0881730452970444,0.0464425552004433,0.0307311268962716,0.0157114283041717,0.0164766458380222,0.129668203454751,0.5183850959339347,4.869492529706391,EEG3,Fp1,alpha,W2,0.0459919248789558,1446,0.1446855314468553,1.0,0.9240553659651414,0.7526967281455017,0.9118465316098148,1.0,0.450837269214255,0.4913508649135086,0.7590240975902409,False,False,False,False,False
feature,TARGET__DELTA_OC_MINUS_OA__BAI__EEG12,DELTA_OC_MINUS_OA,BAI,STAI_Trait_Anxiety,EDUCATION_LOWER,Escolaridad menor que Gymnasium,binary,1=Realschule/Hauptschule/incompleta,none,new_W,134,1,126.0,8.0,134,130,0.465710020082649,0.4048329286318077,1.1503758393779486,0.2521008116716996,1.1694984922357918,0.3982134420646637,0.6911260840149597,0.0127353313217952,0.0026852460483888,0.0100500852734064,0.0101797274755734,0.0265657081051384,0.4922757281877875,5.892752172234234,EEG12,F3,beta,W4,0.0478588951311882,2587,0.2587741225877412,1.0,0.9240553659651414,0.996296827095842,0.9118465316098148,1.0,0.6161288633041458,0.7104827978740588,0.924107589241076,False,False,False,False,False
feature,TARGET__DELTA_OC_MINUS_OA__MSPSS__EEG36,DELTA_OC_MINUS_OA,MSPSS,MSPSS_total,EDUCATION_LOWER,Escolaridad menor que Gymnasium,binary,1=Realschule/Hauptschule/incompleta,none,new_W,134,1,126.0,8.0,134,130,-0.7516241801499678,0.3975463968408773,-1.890657760006851,0.060895770633492,0.3871744160881205,-1.9413064213904536,0.0543847456042937,0.0718855594356123,0.0463653625426361,0.0255201968929762,0.0274968212728781,-0.0752937888648745,-0.8269179690148424,4.7567832028368855,EEG36,O1,beta,W5,0.0490054593140692,645,0.0645935406459354,1.0,0.6620176660270362,0.6678828407544847,0.6956227454177659,1.0,0.4037096290370963,0.3014365230143652,0.463953604639536,False,False,False,False,False
feature,TARGET__DELTA_OC_MINUS_OA__MSPSS__EEG19,DELTA_OC_MINUS_OA,MSPSS,MSPSS_total,EDUCATION_LOWER,Escolaridad menor que Gymnasium,binary,1=Realschule/Hauptschule/incompleta,none,new_W,134,1,126.0,8.0,134,130,-0.393385545330221,0.2666367017301635,-1.475361579173475,0.1425332530229693,0.2077582448598398,-1.8934774193708224,0.0605168534548281,0.1006966898576375,0.0856389503862661,0.0150577394713714,0.0167437829946247,-0.1855135546125718,-0.5788990999427929,4.804902339062096,EEG19,C3,alpha,W3,0.0494633433241626,1423,0.1423857614238576,1.0,0.9240553659651414,0.7179965664132157,0.9118465316098148,1.0,0.450837269214255,0.625037496250375,0.7488251174882512,False,False,False,False,False
feature,TARGET__OC__MSPSS__EEG62,OC,MSPSS,MSPSS_total,DRUG_SCREEN_POSITIVE,Tamiz de drogas positivo,binary,1=positivo,none,new_W,135,0,127.0,8.0,135,131,-0.3943641370994292,0.5665918913602074,-0.6960285579673334,0.4876439827049552,0.3227579529648662,-1.2218572260630172,0.2239557445665963,0.0443221150451527,0.040787888710306,0.0035342263348466,0.0036981355229473,0.1985529834025195,-0.1958111536969096,6.929096076209513,EEG62,P8,theta,W4,0.0301372372361042,4660,0.4660533946605339,1.0,0.936442424062965,0.9094288929128624,0.9275621110455328,1.0,0.9931006899310068,0.8332666733326668,0.9989001099890013,False,False,False,False,False
feature,TARGET__OC__MSPSS__EEG61,OC,MSPSS,MSPSS_total,DRUG_SCREEN_POSITIVE,Tamiz de drogas positivo,binary,1=positivo,none,new_W,135,0,127.0,8.0,135,131,-0.0399366816515355,0.5456385332983644,-0.0731925610350864,0.941764524130168,0.4730680570704706,-0.0844205840040187,0.9328509183729304,0.0236722503115587,0.0236323240888742,3.99262226844499e-05,4.0894282373097423e-05,0.137468724816228,0.0975320431646924,6.52623462653603,EEG61,P8,delta,W4,0.0303231288881845,9358,0.9358064193580642,1.0,0.9869678345794248,0.996296827095842,0.9844848848448488,1.0,0.9931006899310068,0.9358064193580642,1.0,False,False,False,False,False
feature,TARGET__OC__MSPSS__EEG5,OC,MSPSS,MSPSS_total,DRUG_SCREEN_POSITIVE,Tamiz de drogas positivo,binary,1=positivo,none,new_W,135,0,127.0,8.0,135,131,0.0947891694635306,0.3451131519914509,0.2746611333603383,0.7840092750063029,0.3471218783568384,0.2730717231429825,0.7852280988348946,0.0064057697284048,0.00583359037731,0.0005721793510948,0.0005758682303725,0.0215121042579454,0.1163012737214761,5.257462552020229,EEG5,Fp2,delta,W4,0.0308392371721907,7680,0.768023197680232,1.0,0.9827782335685468,0.996296827095842,0.979264550776252,1.0,0.9931006899310068,0.8985934739859348,1.0,False,False,False,False,False
feature,TARGET__OC__MSPSS__EEG6,OC,MSPSS,MSPSS_total,DRUG_SCREEN_POSITIVE,Tamiz de drogas positivo,binary,1=positivo,none,new_W,135,0,127.0,8.0,135,131,-0.1939970833997501,0.400519242048396,-0.4843639531713405,0.6289364237102785,0.2819291799434112,-0.6881057272563598,0.492602868068483,0.0224338245682149,0.0206830972814507,0.0017507272867641,0.00179090411551,0.1352822995171521,-0.058714783882598,5.482590501636975,EEG6,Fp2,theta,W4,0.0341492186828345,6075,0.6075392460753924,1.0,0.936442424062965,0.973689025705312,0.9285534328663204,1.0,0.9931006899310068,0.8505549445055494,0.9998000199980002,False,False,False,False,False
feature,TARGET__OC__MSPSS__EEG54,OC,MSPSS,MSPSS_total,DRUG_SCREEN_POSITIVE,Tamiz de drogas positivo,binary,1=positivo,none,new_W,135,0,127.0,8.0,135,131,-0.4469842715520584,0.5065362435616966,-0.882432949731494,0.3791591024381212,0.2141645476285286,-2.087106743396945,0.0388165474254712,0.0460922782878412,0.0404220766780004,0.0056702016098407,0.0059441825249756,0.2012508194067003,-0.2457334521453581,6.063202777933606,EEG54,T8,theta,W4,0.0343992826654235,3548,0.3548645135486451,1.0,0.9247782986295638,0.5225304461121135,0.9118465316098148,1.0,0.9931006899310068,0.7097290270972902,0.99010098990101,False,True,False,False,False
feature,TARGET__OC__MSPSS__EEG58,OC,MSPSS,MSPSS_total,DRUG_SCREEN_POSITIVE,Tamiz de drogas positivo,binary,1=positivo,none,new_W,135,0,127.0,8.0,135,131,-0.3760623401522077,0.5238670174355836,-0.7178584022966278,0.4741228269874656,0.2374602977598149,-1.5836851199967128,0.1156766117141967,0.0364011186373296,0.0326105656882481,0.0037905529490814,0.0039337456927316,0.1763688212653418,-0.1996935188868658,6.145108958892676,EEG58,P7,theta,W4,0.0345495111494009,4555,0.4555544445555444,1.0,0.936442424062965,0.8179154363630071,0.9245162440277712,1.0,0.9931006899310068,0.7972202779722029,0.998100189981002,False,False,False,False,False
feature,TARGET__OC__MSPSS__EEG57,OC,MSPSS,MSPSS_total,DRUG_SCREEN_POSITIVE,Tamiz de drogas positivo,binary,1=positivo,none,new_W,135,0,127.0,8.0,135,131,-0.1945495971875884,0.513627442185123,-0.3787757062977728,0.705467615526951,0.4430556487504797,-0.4391087163345366,0.6613061903540723,0.0187123971569083,0.0176376922051434,0.0010747049517648,0.0010951987456593,0.1178858226633805,-0.0766637745242078,6.006338367102975,EEG57,P7,delta,W4,0.0347741004973604,6898,0.6898310168983102,1.0,0.970198685312858,0.9937311736429768,0.9579081617529946,1.0,0.9931006899310068,0.8048028530480286,1.0,False,False,False,False,False
feature,TARGET__OC__MSPSS__EEG13,OC,MSPSS,MSPSS_total,DRUG_SCREEN_POSITIVE,Tamiz de drogas positivo,binary,1=positivo,none,new_W,135,0,127.0,8.0,135,131,-0.3883490626431018,0.350912807288218,-1.106682499405432,0.2704593002877125,0.2172328369951901,-1.7877088381978847,0.0761349260869185,0.0649906816961389,0.0562490857648013,0.0087415959313376,0.0093492072861853,0.2504752185991747,-0.137873844043927,4.530573484076949,EEG13,F4,delta,W4,0.0347749067907123,2538,0.2538746125387461,1.0,0.9240553659651414,0.7503442623154136,0.9118465316098148,1.0,0.9931006899310068,0.710848915108489,0.9531046895310468,False,False,False,False,False
feature,TARGET__OC__MSPSS__EEG10,OC,MSPSS,MSPSS_total,DRUG_SCREEN_POSITIVE,Tamiz de drogas positivo,binary,1=positivo,none,new_W,135,0,127.0,8.0,135,131,-0.3521777552193816,0.4437975308257528,-0.7935550127196547,0.4288895637217746,0.2412625395379252,-1.459728293890486,0.1467586848526272,0.0533221449799649,0.048771373778352,0.0045507712016128,0.0048070958642172,0.2225217745717044,-0.1296559806476772,5.249073750271394,EEG10,F3,theta,W4,0.0347846023678833,4081,0.4081591840815918,1.0,0.936442424062965,0.8856127534210265,0.9245162440277712,1.0,0.9931006899310068,0.7156784321567843,0.9956004399560044,False,False,False,False,False
feature,TARGET__OC__MSPSS__EEG18,OC,MSPSS,MSPSS_total,DRUG_SCREEN_POSITIVE,Tamiz de drogas positivo,binary,1=positivo,none,new_W,135,0,127.0,8.0,135,131,-0.3876433992579877,0.6206934237519572,-0.6245327957798672,0.533363944997761,0.5995248217890432,-0.64658440346343,0.5190321883323924,0.0373657287437025,0.0344995681418659,0.0028661606018366,0.0029774138397297,0.1791563665030517,-0.208487032754936,7.298918032074216,EEG18,C3,theta,W4,0.0358267801609531,5022,0.5022497750224978,1.0,0.936442424062965,0.973689025705312,0.9275621110455328,1.0,0.9931006899310068,0.6957304269573042,0.9994000599940006,False,False,False,False,False
feature,TARGET__OC__MSPSS__EEG22,OC,MSPSS,MSPSS_total,DRUG_SCREEN_POSITIVE,Tamiz de drogas positivo,binary,1=positivo,none,new_W,135,0,127.0,8.0,135,131,-0.1603090581687306,0.4361733548530997,-0.3675351930259968,0.7138129574196785,0.4760475001081908,-0.3367501313047487,0.7368441418499284,0.0358360742561175,0.0348418658187335,0.000994208437384,0.0010311612069669,0.179069851280726,0.0187607931119954,5.1357484844099845,EEG22,C4,theta,W4,0.0364824153601674,6913,0.6913308669133087,1.0,0.970198685312858,0.996296827095842,0.9579081617529946,1.0,0.9931006899310068,0.8051194880511949,1.0,False,False,False,False,False
feature,TARGET__OC__MSPSS__EEG30,OC,MSPSS,MSPSS_total,DRUG_SCREEN_POSITIVE,Tamiz de drogas positivo,binary,1=positivo,none,new_W,135,0,127.0,8.0,135,131,-0.3082390735410985,0.507207007801548,-0.6077184833804611,0.5444262761094741,0.3621066415712722,-0.8512383871325068,0.3961902876835417,0.0297315563738744,0.0269961270268356,0.0027354293470388,0.0028192500384902,0.1573122808140458,-0.1509267927270526,5.969918405121312,EEG30,P4,theta,W4,0.0367556740163888,5136,0.5136486351364864,1.0,0.936442424062965,0.9594215456082604,0.9275621110455328,1.0,0.9931006899310068,0.8988851114888512,0.9994000599940006,False,False,False,False,False
feature,TARGET__OC__MSPSS__EEG53,OC,MSPSS,MSPSS_total,DRUG_SCREEN_POSITIVE,Tamiz de drogas positivo,binary,1=positivo,none,new_W,135,0,127.0,8.0,135,131,-0.3587653279532029,0.454537291865839,-0.7892978956259015,0.4313641559456515,0.2891389682195546,-1.240805866336143,0.2168949933573885,0.0203078285175938,0.0156487478288079,0.0046590806887858,0.0047556577712936,0.1164553439362764,-0.2423099840169265,5.350121594779009,EEG53,T8,delta,W4,0.0369640002416077,3960,0.3960603939606039,1.0,0.936442424062965,0.9094288929128624,0.9245162440277712,1.0,0.9931006899310068,0.7165533446655334,0.9956004399560044,False,False,False,False,False
feature,TARGET__OC__MSPSS__EEG1,OC,MSPSS,MSPSS_total,DRUG_SCREEN_POSITIVE,Tamiz de drogas positivo,binary,1=positivo,none,new_W,135,0,127.0,8.0,135,131,-0.1065494601186923,0.3565566815221487,-0.2988289538253224,0.7655440793373794,0.3371316526339202,-0.3160470376668868,0.7524698037441573,0.0134145378462013,0.0127420123327044,0.0006725255134969,0.0006816697988117,0.0948143414184799,-0.0117351187002124,4.933699397736822,EEG1,Fp1,delta,W4,0.0371765040761449,7510,0.7510248975102489,1.0,0.9827782335685468,0.996296827095842,0.9765811739993884,1.0,0.9931006899310068,0.8741125887411259,1.0,False,False,False,False,False
feature,TARGET__OC__MSPSS__EEG46,OC,MSPSS,MSPSS_total,DRUG_SCREEN_POSITIVE,Tamiz de drogas positivo,binary,1=positivo,none,new_W,135,0,127.0,8.0,135,131,-0.6732128959900974,0.4540840914390062,-1.4825731812287577,0.1405895442436593,0.2447238078756929,-2.7509088790088407,0.0067847120715781,0.0736638176711251,0.0581210050399799,0.0155428126311452,0.0167788033412119,0.2546325278761035,-0.4185803681139938,5.637891960808746,EEG46,F8,theta,W4,0.037300816525276,1318,0.1318868113188681,1.0,0.9240553659651414,0.1826653250040258,0.9118465316098148,1.0,0.9931006899310068,0.6154717861547179,0.7844215578442156,False,True,False,False,False
feature,TARGET__OC__MSPSS__EEG9,OC,MSPSS,MSPSS_total,DRUG_SCREEN_POSITIVE,Tamiz de drogas positivo,binary,1=positivo,none,new_W,135,0,127.0,8.0,135,131,-0.1166434861415683,0.3540396776826575,-0.3294644456379869,0.7423308571303795,0.3342129861697548,-0.3490094370011173,0.7276425676131745,0.0382702028989686,0.0374733119670743,0.0007968909318942,0.0008286016865614,0.1873332149775291,0.0706897288359608,4.246209620837623,EEG9,F3,delta,W4,0.0373805689785554,7312,0.7312268773122688,1.0,0.9767511278031308,0.996296827095842,0.9668278455173352,1.0,0.9931006899310068,0.9167916541679164,1.0,False,False,False,False,False
feature,TARGET__OC__MSPSS__EEG38,OC,MSPSS,MSPSS_total,DRUG_SCREEN_POSITIVE,Tamiz de drogas positivo,binary,1=positivo,none,new_W,135,0,127.0,8.0,135,131,-0.3078595242550226,0.4821242859841954,-0.638548053281669,0.5242317756732174,0.502132625681407,-0.6131040058137015,0.540870557389841,0.0495136458925355,0.0465552127374598,0.0029584331550757,0.0031125466896931,0.2143313745461698,-0.0935281497088528,6.155502206433126,EEG38,O2,theta,W4,0.0381984113175509,5012,0.5012498750124987,1.0,0.936442424062965,0.9782461183923752,0.9275621110455328,1.0,0.9931006899310068,0.8771872812718728,0.9992000799920008,False,False,False,False,False
feature,TARGET__OC__MSPSS__EEG14,OC,MSPSS,MSPSS_total,DRUG_SCREEN_POSITIVE,Tamiz de drogas positivo,binary,1=positivo,none,new_W,135,0,127.0,8.0,135,131,-0.6009207291700616,0.4446908015910857,-1.3513225976790872,0.1789211787339712,0.4677522190093204,-1.284698831451375,0.2011645902133161,0.0591282803228758,0.046013011461978,0.0131152688608978,0.0139394867404438,0.2252445113879814,-0.3756762177820801,5.415208489429196,EEG14,F4,theta,W4,0.0385821877448471,1647,0.1647835216478352,1.0,0.9240553659651414,0.9094288929128624,0.9118465316098148,1.0,0.9931006899310068,0.653949989616423,0.8559144085591441,False,False,False,False,False
feature,TARGET__OC__MSPSS__EEG2,OC,MSPSS,MSPSS_total,DRUG_SCREEN_POSITIVE,Tamiz de drogas positivo,binary,1=positivo,none,new_W,135,0,127.0,8.0,135,131,-0.2270351492109538,0.3573115187872178,-0.6353983492655194,0.5262770018489324,0.2419717164305085,-0.9382714333728984,0.3498316346857644,0.0349762196308834,0.0320020969137513,0.0029741227171321,0.0030819165057202,0.1784803785628311,-0.0485547706481227,4.720635491040042,EEG2,Fp1,theta,W4,0.0390269244562189,5060,0.506049395060494,1.0,0.936442424062965,0.9488919985621757,0.9275621110455328,1.0,0.9931006899310068,0.7931373529313736,0.9992000799920008,False,False,False,False,False
feature,TARGET__OC__MSPSS__EEG17,OC,MSPSS,MSPSS_total,DRUG_SCREEN_POSITIVE,Tamiz de drogas positivo,binary,1=positivo,none,new_W,135,0,127.0,8.0,135,131,-0.0707735882965174,0.4801247950198082,-0.147406651417779,0.8830376862818871,0.5350481435887231,-0.1322751777472182,0.8949695939535253,0.0202562657511985,0.0200937575211407,0.0001625082300578,0.0001658680983373,0.1250823959133588,0.0543088076168414,5.6933330415986925,EEG17,C3,delta,W4,0.0392538879333417,8775,0.8775122487751225,1.0,0.9842776757919124,0.996296827095842,0.9811280018494966,1.0,0.9931006899310068,0.9202079792020798,1.0,False,False,False,False,False
feature,TARGET__OC__MSPSS__EEG21,OC,MSPSS,MSPSS_total,DRUG_SCREEN_POSITIVE,Tamiz de drogas positivo,binary,1=positivo,none,new_W,135,0,127.0,8.0,135,131,-0.0026683554669659,0.3452968427046898,-0.0077277146413065,0.9938459930206854,0.3995814159360492,-0.006677876799438,0.9946820235071104,0.0195643984297217,0.0195639514889955,4.469407262064351e-07,4.5585933996134893e-07,0.1206274340605041,0.1179590785935382,4.252333436761243,EEG21,C4,delta,W4,0.0394069913028541,9931,0.9931006899310068,1.0,0.9957494258412956,0.9965523916828825,0.9965240958021508,1.0,0.9931006899310068,0.9931006899310068,1.0,False,False,False,False,False
feature,TARGET__OC__MSPSS__EEG50,OC,MSPSS,MSPSS_total,DRUG_SCREEN_POSITIVE,Tamiz de drogas positivo,binary,1=positivo,none,new_W,135,0,127.0,8.0,135,131,0.0594535716247306,0.4892954790492269,0.1215085243384175,0.9034744513975184,0.740383331316595,0.0803010671769267,0.9361203559918392,0.0503512491267993,0.0502442192072758,0.0001070299195234,0.0001127047441752,0.2114482108961468,0.2709017825208775,6.296135586156761,EEG50,T7,theta,W4,0.039647610447041,8964,0.8964103589641036,1.0,0.9852069463869568,0.996296827095842,0.9844848848448488,1.0,0.9931006899310068,0.9383061693830616,1.0,False,False,False,False,False
feature,TARGET__OC__MSPSS__EEG42,OC,MSPSS,MSPSS_total,DRUG_SCREEN_POSITIVE,Tamiz de drogas positivo,binary,1=positivo,none,new_W,135,0,127.0,8.0,135,131,-0.1029015561890849,0.529085823814268,-0.1944893466380378,0.846094027177547,0.6007837434612667,-0.1712788625009111,0.864268785086057,0.0501391579106552,0.0498648866369451,0.0002742712737101,0.0002887489004251,0.2145146371853809,0.1116130809962959,6.316359809191638,EEG42,F7,theta,W4,0.0403006852011876,8398,0.8398160183981602,1.0,0.9827782335685468,0.996296827095842,0.9805750194211348,1.0,0.9931006899310068,0.9246075392460754,1.0,False,False,False,False,False
feature,TARGET__OC__MSPSS__EEG26,OC,MSPSS,MSPSS_total,DRUG_SCREEN_POSITIVE,Tamiz de drogas positivo,binary,1=positivo,none,new_W,135,0,127.0,8.0,135,131,-0.3934631981329177,0.4915606542204151,-0.8004367207886606,0.4249070460622992,0.3253804197960486,-1.209240551043434,0.2287483331458737,0.0291697807866385,0.0244216136397641,0.0047481671468744,0.0048908316334876,0.151661923381378,-0.2418012747515396,5.782178243102653,EEG26,P3,theta,W4,0.0403167916358557,3873,0.3873612638736126,1.0,0.936442424062965,0.9094288929128624,0.9245162440277712,1.0,0.9931006899310068,0.7367929873679299,0.9953004699530048,False,False,False,False,False
feature,TARGET__OC__MSPSS__EEG34,OC,MSPSS,MSPSS_total,DRUG_SCREEN_POSITIVE,Tamiz de drogas positivo,binary,1=positivo,none,new_W,135,0,127.0,8.0,135,131,-0.2848757806987433,0.462474840698636,-0.6159811423868955,0.5389757890049721,0.3482841147077881,-0.8179407807265494,0.4148762679946475,0.0421007252492127,0.039326233851735,0.0027744913974776,0.0028964333418035,0.195806757328663,-0.0890690233700803,5.88551833477173,EEG34,O1,theta,W4,0.0410297253297877,5183,0.5183481651834817,1.0,0.936442424062965,0.9594215456082604,0.9275621110455328,1.0,0.9931006899310068,0.7384897873848979,0.9994000599940006,False,False,False,False,False
feature,TARGET__OC__MSPSS__EEG45,OC,MSPSS,MSPSS_total,DRUG_SCREEN_POSITIVE,Tamiz de drogas positivo,binary,1=positivo,none,new_W,135,0,127.0,8.0,135,131,-0.4657998172086025,0.4750462360373976,-0.9805357497284386,0.3286291289254046,0.3581704610991277,-1.300497578106217,0.1957137010440195,0.0550208914814246,0.0480853914755774,0.0069355000058471,0.0073393156984389,0.223376283153402,-0.2424235340552004,5.982970717319368,EEG45,F8,delta,W4,0.0433332040268562,3047,0.3047695230476952,1.0,0.9240553659651414,0.9094288929128624,0.9118465316098148,1.0,0.9931006899310068,0.9057094290570944,0.9792020797920208,False,False,False,False,False
feature,TARGET__OC__MSPSS__EEG33,OC,MSPSS,MSPSS_total,DRUG_SCREEN_POSITIVE,Tamiz de drogas positivo,binary,1=positivo,none,new_W,135,0,127.0,8.0,135,131,-0.0037404724804881,0.3932117538101978,-0.0095126161520941,0.9924246162827968,0.3375742049763092,-0.0110804452038942,0.9911761215089948,0.0263833685544262,0.0263826960167271,6.72537699086817e-07,6.907623363913465e-07,0.1467600193779356,0.1430195468974474,5.230598583680658,EEG33,O1,delta,W4,0.044927486351673,9922,0.9922007799220078,1.0,0.9957494258412956,0.9965523916828825,0.9965240958021508,1.0,0.9931006899310068,0.9922007799220078,1.0,False,False,False,False,False
feature,TARGET__OC__MSPSS__EEG49,OC,MSPSS,MSPSS_total,DRUG_SCREEN_POSITIVE,Tamiz de drogas positivo,binary,1=positivo,none,new_W,135,0,127.0,8.0,135,131,0.2593009782935971,0.4411178756605193,0.5878269564690074,0.5576604010126468,0.7514299711612065,0.3450767047432135,0.7305901427798904,0.0292443517265154,0.0266837759865569,0.0025605757399584,0.0026377139752032,0.1379436591339914,0.3972446374275885,6.291003614690931,EEG49,T7,delta,W4,0.04614990038853,5362,0.5362463753624638,1.0,0.936442424062965,0.996296827095842,0.9275621110455328,1.0,0.9931006899310068,0.7615238476152385,0.9996000399960004,False,False,False,False,False
feature,TARGET__OC__MSPSS__EEG25,OC,MSPSS,MSPSS_total,DRUG_SCREEN_POSITIVE,Tamiz de drogas positivo,binary,1=positivo,none,new_W,135,0,127.0,8.0,135,131,-0.0678224938804467,0.4399199721185241,-0.1541700722379884,0.8777128985940013,0.459812027450992,-0.1475004780897676,0.882963780129381,0.0091948067234703,0.0090150367599057,0.0001797699635646,0.0001814382532353,0.0657020350326448,-0.0021204588478019,5.170587480620191,EEG25,P3,delta,W4,0.0477275509808306,8639,0.8639136086391361,1.0,0.9827782335685468,0.996296827095842,0.9805750194211348,1.0,0.9931006899310068,0.9313376354672224,1.0,False,False,False,False,False
feature,TARGET__OC__MSPSS__EEG37,OC,MSPSS,MSPSS_total,DRUG_SCREEN_POSITIVE,Tamiz de drogas positivo,binary,1=positivo,none,new_W,135,0,127.0,8.0,135,131,0.0252342442935553,0.3951965403221424,0.0638523917061263,0.9491850910747854,0.3420603223473479,0.07377132816922,0.9413048673347212,0.0386963387378848,0.0386664199745011,2.9918763383651736e-05,3.1123113943382656e-05,0.1825457056995456,0.207779949993101,5.136155482291405,EEG37,O2,delta,W4,0.0480635496317914,9451,0.9451054894510548,1.0,0.9878708920573248,0.996296827095842,0.9844848848448488,1.0,0.9931006899310068,0.967903209679032,1.0,False,False,False,False,False
feature,TARGET__OC__MSPSS__EEG29,OC,MSPSS,MSPSS_total,DRUG_SCREEN_POSITIVE,Tamiz de drogas positivo,binary,1=positivo,none,new_W,135,0,127.0,8.0,135,131,-0.044993553342076,0.4136632906457664,-0.1087685428209909,0.913552503953768,0.4097345224264092,-0.1098114776261187,0.91272693177,0.0105915852700386,0.0105022319025419,8.935336749671396e-05,9.030989242304062e-05,0.0759844791987108,0.0309909258566347,5.089572461585539,EEG29,P4,delta,W4,0.0493899977715527,9124,0.9124087591240876,1.0,0.9852069463869568,0.996296827095842,0.9844848848448488,1.0,0.9931006899310068,0.9124087591240876,1.0,False,False,False,False,False
feature,TARGET__OA__MSPSS__EEG62,OA,MSPSS,MSPSS_total,DRUG_SCREEN_POSITIVE,Tamiz de drogas positivo,binary,1=positivo,none,new_W,135,0,127.0,8.0,135,131,-0.1644717636981318,0.4814629364455872,-0.341608359123859,0.7331930064721456,0.4308489596489135,-0.3817387973552383,0.7032736219155111,0.0674280986822758,0.0665973531605592,0.0008307455217165,0.0008908112291853,0.2534882125549704,0.0890164488568385,5.864568689419526,EEG62,P8,theta,W4,0.0492521790867692,7154,0.7154284571542846,1.0,0.970198685312858,0.996296827095842,0.9612282533742786,1.0,0.9931006899310068,0.9134086591340866,1.0,False,False,False,False,False
feature,TARGET__OA__MSPSS__EEG61,OA,MSPSS,MSPSS_total,DRUG_SCREEN_POSITIVE,Tamiz de drogas positivo,binary,1=positivo,none,new_W,135,0,127.0,8.0,135,131,0.0113643605988896,0.4243391244618711,0.0267813169792002,0.9786749094540124,0.326378616868331,0.0348195623473529,0.972276621625848,0.0287741252858705,0.0287688077208628,5.317565007656455e-06,5.475106405316505e-06,0.1535314041492867,0.1648957647481764,5.004516158334607,EEG61,P8,delta,W4,0.0497293732930649,9777,0.9777022297770224,1.0,0.9957494258412956,0.9965523916828825,0.9956707817590332,1.0,0.9931006899310068,0.9777022297770224,1.0,False,False,False,False,False
feature,TARGET__DELTA_OC_MINUS_OA__MSPSS__EEG43,DELTA_OC_MINUS_OA,MSPSS,MSPSS_total,DRUG_SCREEN_POSITIVE,Tamiz de drogas positivo,binary,1=positivo,none,new_W,135,0,127.0,8.0,135,131,-0.3900186202606904,0.3973570732337483,-0.981531842598556,0.3281398042512435,0.4486358218017914,-0.8693434659192277,0.3862493268260578,0.0310145227528964,0.0238883760410901,0.0071261467118062,0.0073542347941598,-0.1180124203096554,-0.5080310405703459,4.655288939560053,EEG43,F7,alpha,W3,0.0076950147436451,3056,0.3056694330566943,1.0,0.9240553659651414,0.9594215456082604,0.9118465316098148,1.0,0.9931006899310068,0.5349215078492151,0.9791020897910208,False,False,False,False,False
feature,TARGET__DELTA_OC_MINUS_OA__MSPSS__EEG23,DELTA_OC_MINUS_OA,MSPSS,MSPSS_total,DRUG_SCREEN_POSITIVE,Tamiz de drogas positivo,binary,1=positivo,none,new_W,135,0,127.0,8.0,135,131,-0.058536734738623,0.381452883462336,-0.1534573135410649,0.878273788492967,0.3723845695206945,-0.1571943080616017,0.8753337362160656,0.0380701247175057,0.0378972038922166,0.000172920825289,0.0001797644815203,-0.1782239710244286,-0.2367607057630516,4.703879201341008,EEG23,C4,alpha,W3 | W4,0.0084238953858853,8733,0.8733126687331267,1.0,0.9827782335685468,0.996296827095842,0.9805750194211348,1.0,0.9931006899310068,0.8733126687331267,1.0,False,False,False,False,False
feature,TARGET__DELTA_OC_MINUS_OA__MSPSS__EEG45,DELTA_OC_MINUS_OA,MSPSS,MSPSS_total,DRUG_SCREEN_POSITIVE,Tamiz de drogas positivo,binary,1=positivo,none,new_W,135,0,127.0,8.0,135,131,-0.2977583370974347,0.3538432112251439,-0.8414979506501725,0.4016025362500219,0.2311512262339979,-1.288153828766668,0.199963076757663,0.0121615222968701,0.0068217742177715,0.0053397480790986,0.0054054870301411,0.0611800957316903,-0.2365782413657443,4.291716325632642,EEG45,F8,delta,W2,0.0094547706672181,3835,0.3835616438356164,1.0,0.936442424062965,0.9094288929128624,0.921414707844284,1.0,0.9931006899310068,0.7000855470008553,0.993000699930007,False,False,False,False,False
feature,TARGET__DELTA_OC_MINUS_OA__MSPSS__EEG55,DELTA_OC_MINUS_OA,MSPSS,MSPSS_total,DRUG_SCREEN_POSITIVE,Tamiz de drogas positivo,binary,1=positivo,none,new_W,135,0,127.0,8.0,135,131,-0.2331580601664431,0.3140518349199693,-0.7424190348254435,0.4591626379277385,0.2667341619803761,-0.8741214789862453,0.3836517686947034,0.0880554256183924,0.0842183942947504,0.0038370313236419,0.0042075268951996,-0.2636431504057271,-0.4968012105721702,4.31971711441147,EEG55,T8,alpha,W3,0.015348005968504,4484,0.4484551544845515,1.0,0.936442424062965,0.9594215456082604,0.9245162440277712,1.0,0.9931006899310068,0.7542700275427002,0.9974002599740026,False,False,False,False,False
feature,TARGET__DELTA_OC_MINUS_OA__MSPSS__EEG51,DELTA_OC_MINUS_OA,MSPSS,MSPSS_total,DRUG_SCREEN_POSITIVE,Tamiz de drogas positivo,binary,1=positivo,none,new_W,135,0,127.0,8.0,135,131,-0.2872979431523209,0.4621908415048569,-0.6216002511363088,0.5352849954391781,0.429234728261776,-0.6693259520630107,0.5044655111912033,0.0187143555880654,0.0158200358102672,0.0028943197777981,0.0029495181084939,-0.0934461553096769,-0.3807440984619978,5.690044668800976,EEG51,T7,alpha,W2,0.0328030420497389,5221,0.5221477852214779,1.0,0.936442424062965,0.973689025705312,0.9275621110455328,1.0,0.9931006899310068,0.6536346365363463,0.9994000599940006,False,False,False,False,False
feature,TARGET__DELTA_OC_MINUS_OA__BAI__EEG8,DELTA_OC_MINUS_OA,BAI,STAI_Trait_Anxiety,DRUG_SCREEN_POSITIVE,Tamiz de drogas positivo,binary,1=positivo,none,new_W,135,0,127.0,8.0,135,131,-0.0092718334871564,0.5402117584829849,-0.0171633314928084,0.9863324280420712,0.5410033758232777,-0.0171382174335731,0.9863524249946336,0.0040979032873773,0.0040956638004472,2.239486930122325e-06,2.24870189300199e-06,0.035975630837251,0.0267037973500945,6.315391706770334,EEG8,Fp2,beta,W4,0.0343388639933498,9868,0.9868013198680132,1.0,0.9957494258412956,0.9965523916828825,0.9965240958021508,1.0,0.9931006899310068,0.9868013198680132,1.0,False,False,False,False,False
feature,TARGET__DELTA_OC_MINUS_OA__MSPSS__EEG11,DELTA_OC_MINUS_OA,MSPSS,MSPSS_total,DRUG_SCREEN_POSITIVE,Tamiz de drogas positivo,binary,1=positivo,none,new_W,135,0,127.0,8.0,135,131,-0.406303286031444,0.4293110269013699,-0.9464077570147956,0.3456830937546351,0.4214319041588754,-0.9641018679930602,0.3367712045443657,0.0423414778265336,0.0357936693984286,0.0065478084281049,0.0068373102483798,-0.1585877904121105,-0.5648910764435546,5.167781715311463,EEG11,F3,alpha,W3,0.0345540481569964,3323,0.3323667633236676,1.0,0.9240553659651414,0.9488919985621757,0.9118465316098148,1.0,0.9931006899310068,0.6779322067793221,0.9836016398360165,False,False,False,False,False
feature,TARGET__DELTA_OC_MINUS_OA__MSPSS__EEG7,DELTA_OC_MINUS_OA,MSPSS,MSPSS_total,DRUG_SCREEN_POSITIVE,Tamiz de drogas positivo,binary,1=positivo,none,new_W,135,0,127.0,8.0,135,131,-0.2348843283803425,0.3719593417020694,-0.6314785032835102,0.5288280584479919,0.4803732101736956,-0.4889621723397355,0.6256861084876061,0.0791080786510555,0.0763048759090214,0.002803202742034,0.0030440083977801,-0.2546952350445872,-0.4895795634249298,4.856440222102456,EEG7,Fp2,alpha,W2,0.0346170182546974,5071,0.5071492850714928,1.0,0.936442424062965,0.9891728224328948,0.9275621110455328,1.0,0.9931006899310068,0.8599447747532938,0.9992000799920008,False,False,False,False,False
feature,TARGET__DELTA_OC_MINUS_OA__MSPSS__EEG59,DELTA_OC_MINUS_OA,MSPSS,MSPSS_total,DRUG_SCREEN_POSITIVE,Tamiz de drogas positivo,binary,1=positivo,none,new_W,135,0,127.0,8.0,135,131,-0.2469821267272383,0.3705541432496136,-0.6665210232472443,0.5062502935030013,0.4072418059748587,-0.6064753743442685,0.545248688270766,0.0710741135542908,0.0679239182872742,0.0031501952670165,0.0033912234689356,-0.2372430285045208,-0.4842251552317592,4.425800998162345,EEG59,P7,alpha,W3,0.0405515036123669,4901,0.4901509849015098,1.0,0.936442424062965,0.9782461183923752,0.9275621110455328,1.0,0.9931006899310068,0.8577642235776423,0.9989001099890013,False,False,False,False,False
feature,TARGET__DELTA_OC_MINUS_OA__MSPSS__EEG31,DELTA_OC_MINUS_OA,MSPSS,MSPSS_total,DRUG_SCREEN_POSITIVE,Tamiz de drogas positivo,binary,1=positivo,none,new_W,135,0,127.0,8.0,135,131,-0.3639431681578735,0.3543333440566323,-1.0271208574141564,0.3062563685240159,0.3300758917355222,-1.1026045139021785,0.272220461048022,0.0557396278696922,0.0481352521743525,0.0076043756953396,0.0080532614941615,-0.1854133031468989,-0.5493564713047725,4.521968002604047,EEG31,P4,alpha,W3,0.0409085023412764,2826,0.2826717328267173,1.0,0.9240553659651414,0.9488919985621757,0.9118465316098148,1.0,0.9931006899310068,0.4946755324467553,0.9728027197280272,False,False,False,False,False
feature,TARGET__DELTA_OC_MINUS_OA__BAI__EEG4,DELTA_OC_MINUS_OA,BAI,STAI_Trait_Anxiety,DRUG_SCREEN_POSITIVE,Tamiz de drogas positivo,binary,1=positivo,none,new_W,135,0,127.0,8.0,135,131,-0.1353687613256678,0.9918238560219736,-0.1364846797178357,0.8916476617468639,1.1924738134909745,-0.1135192737938412,0.9097926711506198,0.004059796388374,0.0039181746965007,0.0001416216918732,0.0001421989908226,-0.0320880647466763,-0.1674568260723442,11.522415917144084,EEG4,Fp1,beta,W4,0.0411042368767334,8943,0.8943105689431057,1.0,0.9852069463869568,0.996296827095842,0.9844848848448488,1.0,0.9931006899310068,0.9363063693630636,1.0,False,False,False,False,False
feature,TARGET__DELTA_OC_MINUS_OA__BAI__EEG59,DELTA_OC_MINUS_OA,BAI,STAI_Trait_Anxiety,DRUG_SCREEN_POSITIVE,Tamiz de drogas positivo,binary,1=positivo,none,new_W,135,0,127.0,8.0,135,131,-0.320822545667222,0.3737594886952556,-0.8583662900095744,0.3922580554460626,0.4925501864795209,-0.6513499628541124,0.5159616026150449,0.0549339276546827,0.0496185248179243,0.0053154028367583,0.0056243716627848,0.233856641838387,-0.086965903828835,4.425800998162345,EEG59,P7,alpha,W4,0.0416182735950191,3956,0.3956604339566043,1.0,0.936442424062965,0.973689025705312,0.9245162440277712,1.0,0.9931006899310068,0.6096390360963904,0.991900809919008,False,False,False,False,False
feature,TARGET__DELTA_OC_MINUS_OA__MSPSS__EEG39,DELTA_OC_MINUS_OA,MSPSS,MSPSS_total,DRUG_SCREEN_POSITIVE,Tamiz de drogas positivo,binary,1=positivo,none,new_W,135,0,127.0,8.0,135,131,-0.2022944749982781,0.4039012154859305,-0.5008513647449643,0.6173162278853286,0.4169594674083045,-0.4851658034189275,0.6283690984714718,0.0474903406931966,0.0456663785682364,0.0018239621249602,0.0019149014470758,-0.1921185328322302,-0.3944130078305085,4.849019199220431,EEG39,O2,alpha,W3,0.0454113384125685,6056,0.6056394360563944,1.0,0.936442424062965,0.9891728224328948,0.9285534328663204,1.0,0.9931006899310068,0.7843882278438823,0.9998000199980002,False,False,False,False,False
feature,TARGET__DELTA_OC_MINUS_OA__BAI__EEG3,DELTA_OC_MINUS_OA,BAI,STAI_Trait_Anxiety,DRUG_SCREEN_POSITIVE,Tamiz de drogas positivo,binary,1=positivo,none,new_W,135,0,127.0,8.0,135,131,-0.2398052109959596,0.4199569920039114,-0.5710232608622126,0.5689621733903014,0.510857253041856,-0.4694172580854239,0.6395517865642321,0.0344656304083846,0.0320623522382981,0.0024032781700865,0.0024890653774479,0.1818592453124911,-0.0579459656834685,5.284307097838989,EEG3,Fp1,alpha,W2,0.0459919248789558,5764,0.5764423557644236,1.0,0.936442424062965,0.9904563066260232,0.9275621110455328,1.0,0.9931006899310068,0.6593340665933406,0.9997000299970004,False,False,False,False,False
feature,TARGET__DELTA_OC_MINUS_OA__BAI__EEG12,DELTA_OC_MINUS_OA,BAI,STAI_Trait_Anxiety,DRUG_SCREEN_POSITIVE,Tamiz de drogas positivo,binary,1=positivo,none,new_W,135,0,127.0,8.0,135,131,-0.8180655404498927,1.0177796508848953,-0.8037747067733534,0.4229832147019744,1.811450685426813,-0.4516079554531954,0.6522982240555282,0.0103684172871182,0.0054878430575343,0.0048805742295838,0.0049317082385393,0.0577209422827719,-0.7603445981671206,11.984206917316229,EEG12,F3,beta,W4,0.0478588951311882,4326,0.4326567343265673,1.0,0.936442424062965,0.9932928151720596,0.9245162440277712,1.0,0.9931006899310068,0.7104827978740588,0.9952004799520048,False,False,False,False,False
feature,TARGET__DELTA_OC_MINUS_OA__MSPSS__EEG36,DELTA_OC_MINUS_OA,MSPSS,MSPSS_total,DRUG_SCREEN_POSITIVE,Tamiz de drogas positivo,binary,1=positivo,none,new_W,135,0,127.0,8.0,135,131,-0.1246861895844879,0.778968321340455,-0.1600658026374255,0.8730757891774652,1.0716753152878842,-0.1163469829021801,0.9075557242968844,0.0169469708221915,0.0167547047015976,0.0001922661205938,0.0001955806196484,-0.1068023582962154,-0.2314885478807033,9.37812795639624,EEG36,O1,beta,W5,0.0490054593140692,8625,0.8625137486251375,1.0,0.9827782335685468,0.996296827095842,0.9805750194211348,1.0,0.9931006899310068,0.954104589541046,1.0,False,False,False,False,False
feature,TARGET__DELTA_OC_MINUS_OA__MSPSS__EEG19,DELTA_OC_MINUS_OA,MSPSS,MSPSS_total,DRUG_SCREEN_POSITIVE,Tamiz de drogas positivo,binary,1=positivo,none,new_W,135,0,127.0,8.0,135,131,-0.1265796183893766,0.3574146754022776,-0.354153388488899,0.7237933354834649,0.5061209236892316,-0.250097580370139,0.8029036711632034,0.0687948866949477,0.067903313795107,0.0008915728998406,0.0009574398670087,-0.2432053471292338,-0.3697849655186104,4.2668304290309855,EEG19,C3,alpha,W3,0.0494633433241626,7117,0.7117288271172882,1.0,0.970198685312858,0.996296827095842,0.9612282533742786,1.0,0.9931006899310068,0.8465153484651535,1.0,False,False,False,False,False
feature,TARGET__OC__MSPSS__EEG62,OC,MSPSS,MSPSS_total,SMOKING_ANY,Fumador ocasional/regular,binary,1=ocasional o regular,none,new_W,135,0,110.0,25.0,135,131,-0.2918206588728597,0.2203181359608002,-1.3245421562788704,0.1876291466721524,0.1668715782626939,-1.7487738889451103,0.0826724413044233,0.0489479848952255,0.0362110612660983,0.0127369236291272,0.0133924574332814,0.241597437346909,-0.0502232215259506,2.741957354026136,EEG62,P8,theta,W4,0.0301372372361042,1864,0.1864813518648135,1.0,0.9240553659651414,0.7526967281455017,0.9118465316098148,1.0,0.9535046495350464,0.6250374962503751,0.94000599940006,False,False,False,False,False
feature,TARGET__OC__MSPSS__EEG61,OC,MSPSS,MSPSS_total,SMOKING_ANY,Fumador ocasional/regular,binary,1=ocasional o regular,none,new_W,135,0,110.0,25.0,135,131,-0.0908792842423861,0.2299655705792472,-0.3951864794954977,0.6933480267350209,0.1884458620418778,-0.4822567248634529,0.6304283862740389,0.0199451920108436,0.0187768144078118,0.0011683776030317,0.0011921553708093,0.1484343945880737,0.0575551103456876,2.6697447623156374,EEG61,P8,delta,W4,0.0303231288881845,6924,0.6924307569243076,1.0,0.9629833704653068,0.9891728224328948,0.9579081617529946,1.0,0.9535046495350464,0.8812755088127551,1.0,False,False,False,False,False
feature,TARGET__OC__MSPSS__EEG5,OC,MSPSS,MSPSS_total,SMOKING_ANY,Fumador ocasional/regular,binary,1=ocasional o regular,none,new_W,135,0,110.0,25.0,135,131,0.0597153013053337,0.207910734085522,0.2872160572564304,0.7744007127716626,0.2362164710987613,0.2527990576930049,0.8008197485341982,0.0020056256927467,0.0013771706290962,0.0006284550636505,0.0006297180423353,0.0028189729717517,0.0625342742770855,2.606880502163016,EEG5,Fp2,delta,W4,0.0308392371721907,7702,0.7702229777022298,1.0,0.9827782335685468,0.996296827095842,0.9792965340144184,1.0,0.9535046495350464,0.8985934739859348,1.0,False,False,False,False,False
feature,TARGET__OC__MSPSS__EEG6,OC,MSPSS,MSPSS_total,SMOKING_ANY,Fumador ocasional/regular,binary,1=ocasional o regular,none,new_W,135,0,110.0,25.0,135,131,-0.0212846114796911,0.2223934109095804,-0.0957070238395908,0.923899514490974,0.2208599300140235,-0.0963715395469864,0.9233727719175217,0.0148671302716655,0.0147982474170033,6.888285466222221e-05,6.992240009331708e-05,0.1209968005346493,0.0997121890549582,2.5794845652505565,EEG6,Fp2,theta,W4,0.0341492186828345,9193,0.9193080691930808,1.0,0.9852069463869568,0.996296827095842,0.9844848848448488,1.0,0.9535046495350464,0.9193080691930808,1.0,False,False,False,False,False
feature,TARGET__OC__MSPSS__EEG54,OC,MSPSS,MSPSS_total,SMOKING_ANY,Fumador ocasional/regular,binary,1=ocasional o regular,none,new_W,135,0,110.0,25.0,135,131,-0.1026317411111774,0.2351196442443861,-0.4365085760528828,0.663186367924906,0.2419417902956245,-0.4242001391565031,0.6721156557827008,0.0374021212589208,0.0360020209030351,0.0014001003558856,0.0014545018089139,0.2031514001487363,0.1005196590375589,2.7895042425420784,EEG54,T8,theta,W4,0.0343992826654235,6596,0.6596340365963403,1.0,0.9549384292125792,0.996296827095842,0.9495765002555188,1.0,0.9535046495350464,0.7342804181120349,1.0,False,False,False,False,False
feature,TARGET__OC__MSPSS__EEG58,OC,MSPSS,MSPSS_total,SMOKING_ANY,Fumador ocasional/regular,binary,1=ocasional o regular,none,new_W,135,0,110.0,25.0,135,131,-0.0140670921233795,0.2243527716798657,-0.0627007726182771,0.9501003501183254,0.2336696063502235,-0.0602007781118772,0.9520874695286444,0.029537808628228,0.0295086844882783,2.912413994970997e-05,3.001058692306425e-05,0.171664406143069,0.1575973140196895,2.7869869834659884,EEG58,P7,theta,W4,0.0345495111494009,9490,0.949005099490051,1.0,0.9878708920573248,0.996296827095842,0.987078112396784,1.0,0.9535046495350464,0.949005099490051,1.0,False,False,False,False,False
feature,TARGET__OC__MSPSS__EEG57,OC,MSPSS,MSPSS_total,SMOKING_ANY,Fumador ocasional/regular,binary,1=ocasional o regular,none,new_W,135,0,110.0,25.0,135,131,0.1746573912608211,0.2158094474089742,0.8093129997679526,0.4198026528964461,0.2917786778785055,0.5985954577995145,0.5504763222748296,0.0183658547171092,0.0134577774213336,0.0049080772957755,0.0049999048213233,0.0759513335773597,0.2506087248381808,2.5910531767152323,EEG57,P7,delta,W4,0.0347741004973604,4226,0.4226577342265773,1.0,0.936442424062965,0.9782461183923752,0.9245162440277712,1.0,0.9535046495350464,0.752004799520048,0.9997000299970004,False,False,False,False,False
feature,TARGET__OC__MSPSS__EEG13,OC,MSPSS,MSPSS_total,SMOKING_ANY,Fumador ocasional/regular,binary,1=ocasional o regular,none,new_W,135,0,110.0,25.0,135,131,0.0433057260953781,0.2185255671505925,0.1981723542011668,0.8432174179563424,0.3205873761171641,0.1350824434195789,0.8927540271166511,0.0506093351520973,0.0503247188323321,0.0002846163197651,0.0002997884119818,0.2140057957161012,0.2573115218114793,2.67935427258766,EEG13,F4,delta,W4,0.0347749067907123,8474,0.8474152584741526,1.0,0.9827782335685468,0.996296827095842,0.9805750194211348,1.0,0.9535046495350464,0.9442055794420556,1.0,False,False,False,False,False
feature,TARGET__OC__MSPSS__EEG10,OC,MSPSS,MSPSS_total,SMOKING_ANY,Fumador ocasional/regular,binary,1=ocasional o regular,none,new_W,135,0,110.0,25.0,135,131,0.0944913648246915,0.2248696853405491,0.4202049942018242,0.6750241420548002,0.3676632493157093,0.2570051942927605,0.7975779875295009,0.0461134872506905,0.0448277630098858,0.0012857242408046,0.0013478796729171,0.1926450598233431,0.2871364246480346,2.6637311822731644,EEG10,F3,theta,W4,0.0347846023678833,6743,0.6743325667433256,1.0,0.9570681755329546,0.996296827095842,0.9505274372161178,1.0,0.9535046495350464,0.8582414485824145,1.0,False,False,False,False,False
feature,TARGET__OC__MSPSS__EEG18,OC,MSPSS,MSPSS_total,SMOKING_ANY,Fumador ocasional/regular,binary,1=ocasional o regular,none,new_W,135,0,110.0,25.0,135,131,-0.0359690039389042,0.2383667644138984,-0.1508977311805428,0.8802885034963983,0.2278978783969167,-0.157829481309427,0.8748341902911106,0.0312713633905467,0.0311029811583827,0.0001683822321639,0.000173817750194,0.1787421264129383,0.1427731224740341,2.7875424023451885,EEG18,C3,theta,W4,0.0358267801609531,8802,0.8802119788021198,1.0,0.9827782335685468,0.996296827095842,0.9811280018494966,1.0,0.9535046495350464,0.8802119788021198,1.0,False,False,False,False,False
feature,TARGET__OC__MSPSS__EEG22,OC,MSPSS,MSPSS_total,SMOKING_ANY,Fumador ocasional/regular,binary,1=ocasional o regular,none,new_W,135,0,110.0,25.0,135,131,-0.0553860153111595,0.2267074187087285,-0.244306144133373,0.8073759533006813,0.210982172271707,-0.2625151438853912,0.7933366948605903,0.0313025717116257,0.0308612191721912,0.0004413525394345,0.0004556144432161,0.1822437443014328,0.1268577289902732,2.688838567281901,EEG22,C4,theta,W4,0.0364824153601674,8051,0.8051194880511949,1.0,0.9827782335685468,0.996296827095842,0.9792965340144184,1.0,0.9535046495350464,0.8051194880511949,1.0,False,False,False,False,False
feature,TARGET__OC__MSPSS__EEG30,OC,MSPSS,MSPSS_total,SMOKING_ANY,Fumador ocasional/regular,binary,1=ocasional o regular,none,new_W,135,0,110.0,25.0,135,131,-0.0377799179749993,0.2295777855625881,-0.1645626029644738,0.8695419199259284,0.2179006233558,-0.1733814130183106,0.8626192545290939,0.0230679262207336,0.0228659708677728,0.0002019553529607,0.0002067240480491,0.154046299950725,0.1162663819757257,2.709542369764372,EEG30,P4,theta,W4,0.0367556740163888,8654,0.8654134586541345,1.0,0.9827782335685468,0.996296827095842,0.9805750194211348,1.0,0.9535046495350464,0.9970233745856184,1.0,False,False,False,False,False
feature,TARGET__OC__MSPSS__EEG53,OC,MSPSS,MSPSS_total,SMOKING_ANY,Fumador ocasional/regular,binary,1=ocasional o regular,none,new_W,135,0,110.0,25.0,135,131,0.166510439332306,0.2585476578197342,0.644022230703792,0.520687006153306,0.3079460861699072,0.5407129585678024,0.5896236486086052,0.0140637067547758,0.0109420922092726,0.0031216145455031,0.003166142241532,0.0777332540305282,0.2442436933628342,3.055980119190313,EEG53,T8,delta,W4,0.0369640002416077,5101,0.5101489851014899,1.0,0.936442424062965,0.9886247647640076,0.9275621110455328,1.0,0.9535046495350464,0.7935650879356508,1.0,False,False,False,False,False
feature,TARGET__OC__MSPSS__EEG1,OC,MSPSS,MSPSS_total,SMOKING_ANY,Fumador ocasional/regular,binary,1=ocasional o regular,none,new_W,135,0,110.0,25.0,135,131,0.2891254090714479,0.2275119612388524,1.2708141035622775,0.2060468895558138,0.2552543701902163,1.1326952359561593,0.2594111748818989,0.0191402689480923,0.007048226546171,0.0120920424019212,0.0123280037084949,0.0258585168030308,0.3149839258744787,2.940549099678346,EEG1,Fp1,delta,W4,0.0371765040761449,2038,0.2038796120387961,1.0,0.9240553659651414,0.9360197031821096,0.9118465316098148,1.0,0.9535046495350464,0.6250374962503751,0.9537046295370464,False,False,False,False,False
feature,TARGET__OC__MSPSS__EEG46,OC,MSPSS,MSPSS_total,SMOKING_ANY,Fumador ocasional/regular,binary,1=ocasional o regular,none,new_W,135,0,110.0,25.0,135,131,0.0463051167184321,0.2273580297006474,0.2036660714354364,0.8389304960871616,0.2642153191498362,0.1752552307240465,0.8611496837282594,0.0531256877935352,0.0528258693042061,0.000299818489329,0.0003166402187322,0.2196941664713208,0.265999283189753,2.7061579731528256,EEG46,F8,theta,W4,0.037300816525276,8362,0.8362163783621638,1.0,0.9827782335685468,0.996296827095842,0.9805750194211348,1.0,0.9535046495350464,0.9781791051664064,1.0,False,False,False,False,False
feature,TARGET__OC__MSPSS__EEG9,OC,MSPSS,MSPSS_total,SMOKING_ANY,Fumador ocasional/regular,binary,1=ocasional o regular,none,new_W,135,0,110.0,25.0,135,131,0.2541254819889785,0.2196413966716918,1.1570017575914056,0.2493770384561013,0.3851976192662568,0.6597275509465743,0.5105868782823015,0.0426700746373552,0.0328873827229719,0.0097826919143833,0.0102187257028213,0.1311482091262533,0.3852736911152319,2.752414691056985,EEG9,F3,delta,W4,0.0373805689785554,2521,0.2521747825217478,1.0,0.9240553659651414,0.973689025705312,0.9118465316098148,1.0,0.9535046495350464,0.6931640169316402,0.9773022697730228,False,False,False,False,False
feature,TARGET__OC__MSPSS__EEG38,OC,MSPSS,MSPSS_total,SMOKING_ANY,Fumador ocasional/regular,binary,1=ocasional o regular,none,new_W,135,0,110.0,25.0,135,131,-0.226284319444746,0.2222564289496666,-1.0181227175929817,0.3104962744827311,0.1753231755691837,-1.2906697515038603,0.1990914780574069,0.0477193375215148,0.0401841524085216,0.0075351851129931,0.0079127776189231,0.2382619275702248,0.0119776081254788,2.619133878947975,EEG38,O2,theta,W4,0.0381984113175509,3136,0.3136686331366863,1.0,0.9240553659651414,0.9094288929128624,0.9118465316098148,1.0,0.9535046495350464,0.8739792687397927,0.9938006199380062,False,False,False,False,False
feature,TARGET__OC__MSPSS__EEG14,OC,MSPSS,MSPSS_total,SMOKING_ANY,Fumador ocasional/regular,binary,1=ocasional o regular,none,new_W,135,0,110.0,25.0,135,131,-0.1247751095248863,0.2279197034519549,-0.5474520527848472,0.5849996955920602,0.2345413986700019,-0.5319961006135385,0.5956297730147693,0.0433012356261695,0.041112485951381,0.0021887496747884,0.0022878148862468,0.221163747731949,0.0963886382070626,2.688713388528065,EEG14,F4,theta,W4,0.0385821877448471,5802,0.5802419758024198,1.0,0.936442424062965,0.9886247647640076,0.9275621110455328,1.0,0.9535046495350464,0.653949989616423,1.0,False,False,False,False,False
feature,TARGET__OC__MSPSS__EEG2,OC,MSPSS,MSPSS_total,SMOKING_ANY,Fumador ocasional/regular,binary,1=ocasional o regular,none,new_W,135,0,110.0,25.0,135,131,0.0524637397395695,0.223231468739575,0.235019462246044,0.8145605986868595,0.2493408090380823,0.2104097598061319,0.8336747969770442,0.0265519899268263,0.0261415504527591,0.0004104394740672,0.0004216347147665,0.148764992907101,0.2012287326466705,2.6745587569521514,EEG2,Fp1,theta,W4,0.0390269244562189,8183,0.8183181681831817,1.0,0.9827782335685468,0.996296827095842,0.9805750194211348,1.0,0.9535046495350464,0.8812657195818879,1.0,False,False,False,False,False
feature,TARGET__OC__MSPSS__EEG17,OC,MSPSS,MSPSS_total,SMOKING_ANY,Fumador ocasional/regular,binary,1=ocasional o regular,none,new_W,135,0,110.0,25.0,135,131,0.1484968100078824,0.2497293560032581,0.5946309732442713,0.5531158147437117,0.2700955796455239,0.5497935590162977,0.5833970974276075,0.0191134462760783,0.0164659062193252,0.0026475400567531,0.0026991297277975,0.1032707327254821,0.2517675427333645,2.929186859291816,EEG17,C3,delta,W4,0.0392538879333417,5511,0.5511448855114488,1.0,0.936442424062965,0.9886247647640076,0.9275621110455328,1.0,0.9535046495350464,0.8490787284907874,1.0,False,False,False,False,False
feature,TARGET__OC__MSPSS__EEG21,OC,MSPSS,MSPSS_total,SMOKING_ANY,Fumador ocasional/regular,binary,1=ocasional o regular,none,new_W,135,0,110.0,25.0,135,131,0.1316548176578121,0.2319100726262197,0.5676977121645177,0.5712119105922032,0.2559535620629655,0.5143699372522291,0.6078600444723179,0.0173201015844611,0.0149025538129664,0.0024175477714947,0.0024601579572277,0.0956194451361411,0.2272742627939532,2.8394229703287386,EEG21,C4,delta,W4,0.0394069913028541,5708,0.5708429157084292,1.0,0.936442424062965,0.9891728224328948,0.9275621110455328,1.0,0.9535046495350464,0.8879778688797786,1.0,False,False,False,False,False
feature,TARGET__OC__MSPSS__EEG50,OC,MSPSS,MSPSS_total,SMOKING_ANY,Fumador ocasional/regular,binary,1=ocasional o regular,none,new_W,135,0,110.0,25.0,135,131,0.0171998887269219,0.2171682375723272,0.0792007566078516,0.9369937996891888,0.2540183021586751,0.0677112183679501,0.9461187570875932,0.0440909523341289,0.0440451799074738,4.577242665515513e-05,4.7883662956137696e-05,0.2040585787036012,0.2212584674305232,2.640402694575645,EEG50,T7,theta,W4,0.039647610447041,9383,0.9383061693830616,1.0,0.9869678345794248,0.996296827095842,0.9844848848448488,1.0,0.9535046495350464,0.9383061693830616,1.0,False,False,False,False,False
feature,TARGET__OC__MSPSS__EEG42,OC,MSPSS,MSPSS_total,SMOKING_ANY,Fumador ocasional/regular,binary,1=ocasional o regular,none,new_W,135,0,110.0,25.0,135,131,0.1992459268203491,0.2195510704316237,0.9075151691524164,0.3658008166485132,0.2813739845635504,0.7081177996231843,0.4801301589159803,0.0520714000708826,0.0461118686080985,0.005959531462784,0.0062868991010817,0.1757578018596575,0.3750037286800067,2.7315032666739363,EEG42,F7,theta,W4,0.0403006852011876,3670,0.3670632936706329,1.0,0.9240553659651414,0.973689025705312,0.9118465316098148,1.0,0.9535046495350464,0.9246075392460754,0.998000199980002,False,False,False,False,False
feature,TARGET__OC__MSPSS__EEG26,OC,MSPSS,MSPSS_total,SMOKING_ANY,Fumador ocasional/regular,binary,1=ocasional o regular,none,new_W,135,0,110.0,25.0,135,131,-0.0448299854546225,0.2321548704295492,-0.1931037904639906,0.8471767539292504,0.2201087136129269,-0.203672016063201,0.8389258598984627,0.0206479739305661,0.0203692019453302,0.0002787719852359,0.0002846494190192,0.1463597739782004,0.1015297885235779,2.739820731842889,EEG26,P3,theta,W4,0.0403167916358557,8437,0.8437156284371563,1.0,0.9827782335685468,0.996296827095842,0.9805750194211348,1.0,0.9535046495350464,0.9086168306246298,1.0,False,False,False,False,False
feature,TARGET__OC__MSPSS__EEG34,OC,MSPSS,MSPSS_total,SMOKING_ANY,Fumador ocasional/regular,binary,1=ocasional o regular,none,new_W,135,0,110.0,25.0,135,131,-0.2547602617277164,0.2209594890375828,-1.152972713855183,0.2510210497547446,0.2008847964077834,-1.2681908550738166,0.206979002196477,0.0428439028999261,0.0331309891245825,0.0097129137753435,0.0101476799915615,0.2256442154237886,-0.0291160463039278,2.604164421409587,EEG34,O1,theta,W4,0.0410297253297877,2498,0.2498750124987501,1.0,0.9240553659651414,0.9094288929128624,0.9118465316098148,1.0,0.9535046495350464,0.7384897873848979,0.978102189781022,False,False,False,False,False
feature,TARGET__OC__MSPSS__EEG45,OC,MSPSS,MSPSS_total,SMOKING_ANY,Fumador ocasional/regular,binary,1=ocasional o regular,none,new_W,135,0,110.0,25.0,135,131,0.2397795486799045,0.2290860975835152,1.0466787430978473,0.2971751642024817,0.2480892020090162,0.9665053808798588,0.3355722723384087,0.0495016987860392,0.0415528020012763,0.0079488967847629,0.0083628732156709,0.1614430333572332,0.4012225820371378,2.740938169200497,EEG45,F8,delta,W4,0.0433332040268562,2987,0.2987701229877012,1.0,0.9240553659651414,0.9488919985621757,0.9118465316098148,1.0,0.9535046495350464,0.9057094290570944,0.9906009399060094,False,False,False,False,False
feature,TARGET__OC__MSPSS__EEG33,OC,MSPSS,MSPSS_total,SMOKING_ANY,Fumador ocasional/regular,binary,1=ocasional o regular,none,new_W,135,0,110.0,25.0,135,131,-0.0582339480608874,0.2288092402952939,-0.2545087251971668,0.7995016485420015,0.1952545130677661,-0.2982463613564541,0.7659876694223959,0.0203821887190364,0.0198978036715463,0.00048438504749,0.0004944632916143,0.1477284836489765,0.089494535588089,2.8190722743003254,EEG33,O1,delta,W4,0.044927486351673,7961,0.7961203879612039,1.0,0.9827782335685468,0.996296827095842,0.9792965340144184,1.0,0.9535046495350464,0.9922007799220078,1.0,False,False,False,False,False
feature,TARGET__OC__MSPSS__EEG49,OC,MSPSS,MSPSS_total,SMOKING_ANY,Fumador ocasional/regular,binary,1=ocasional o regular,none,new_W,135,0,110.0,25.0,135,131,0.2113575047333406,0.2264027716857447,0.9335464542223564,0.3522554094731915,0.2601864377799045,0.8123309828782507,0.4180754697526987,0.0257960869308777,0.0193149612764843,0.0064811256543934,0.00665274032207,0.0977512266247217,0.3091087313580624,2.6922884318237608,EEG49,T7,delta,W4,0.04614990038853,3541,0.3541645835416458,1.0,0.9240553659651414,0.9594215456082604,0.9118465316098148,1.0,0.9535046495350464,0.7591240875912408,0.9974002599740026,False,False,False,False,False
feature,TARGET__OC__MSPSS__EEG25,OC,MSPSS,MSPSS_total,SMOKING_ANY,Fumador ocasional/regular,binary,1=ocasional o regular,none,new_W,135,0,110.0,25.0,135,131,0.1139697124258102,0.2284588448011061,0.4988632089295168,0.6187124152587505,0.2084559792267478,0.5467327579116349,0.5854924181230401,0.0065575673704204,0.0046702959544614,0.001887271415959,0.0018997290169733,0.0396036600735897,0.1535733724994,2.687062949212073,EEG25,P3,delta,W4,0.0477275509808306,6198,0.6198380161983802,1.0,0.936442424062965,0.9886247647640076,0.9311462016191544,1.0,0.9535046495350464,0.8677732226777323,1.0,False,False,False,False,False
feature,TARGET__OC__MSPSS__EEG37,OC,MSPSS,MSPSS_total,SMOKING_ANY,Fumador ocasional/regular,binary,1=ocasional o regular,none,new_W,135,0,110.0,25.0,135,131,0.013460065297405,0.2194185382353022,0.0613442483286012,0.9511785446380526,0.2060839545144185,0.0653135045332379,0.948023957008824,0.0321272816370771,0.0320994784455535,2.7803191523623205e-05,2.8726082465316327e-05,0.1738247690802788,0.1872848343776839,2.702023131260617,EEG37,O2,delta,W4,0.0480635496317914,9535,0.9535046495350464,1.0,0.9878708920573248,0.996296827095842,0.988276357002409,1.0,0.9535046495350464,0.967903209679032,1.0,False,False,False,False,False
feature,TARGET__OC__MSPSS__EEG29,OC,MSPSS,MSPSS_total,SMOKING_ANY,Fumador ocasional/regular,binary,1=ocasional o regular,none,new_W,135,0,110.0,25.0,135,131,0.0831248247379068,0.2294780511867847,0.3622343152559153,0.7177606337133142,0.2123036489228701,0.391537428393923,0.696036183026275,0.0067862580215434,0.0057914240587149,0.0009948339628285,0.0010016312912131,0.0539888644519046,0.1371136891898114,2.71691628844607,EEG29,P4,delta,W4,0.0493899977715527,7152,0.7152284771522848,1.0,0.970198685312858,0.996296827095842,0.9612282533742786,1.0,0.9535046495350464,0.8344332233443322,1.0,False,False,False,False,False
feature,TARGET__OA__MSPSS__EEG62,OA,MSPSS,MSPSS_total,SMOKING_ANY,Fumador ocasional/regular,binary,1=ocasional o regular,none,new_W,135,0,110.0,25.0,135,131,-0.1844620029082554,0.2118458135818532,-0.8707370695195863,0.3854905772019257,0.2424125714383133,-0.7609423959070352,0.4480590255090241,0.0678556190702237,0.0624606872809077,0.005394931789316,0.0057876568262255,0.2848432252467958,0.1003812223385403,2.68439914396458,EEG62,P8,theta,W4,0.0492521790867692,3843,0.3843615638436156,1.0,0.936442424062965,0.973689025705312,0.921414707844284,1.0,0.9535046495350464,0.7687231276872313,0.9987001299870012,False,False,False,False,False
feature,TARGET__OA__MSPSS__EEG61,OA,MSPSS,MSPSS_total,SMOKING_ANY,Fumador ocasional/regular,binary,1=ocasional o regular,none,new_W,135,0,110.0,25.0,135,131,-0.0547097048699601,0.2518952201189647,-0.2171923105334112,0.828396382417372,0.3029808761642982,-0.1805714788424224,0.8569829957661393,0.0247056294999606,0.0243544304659661,0.0003511990339944,0.0003600954179756,0.1599036259212242,0.1051939210512641,2.9343251732393774,EEG61,P8,delta,W4,0.0497293732930649,8321,0.8321167883211679,1.0,0.9827782335685468,0.996296827095842,0.9805750194211348,1.0,0.9535046495350464,0.9777022297770224,1.0,False,False,False,False,False
feature,TARGET__DELTA_OC_MINUS_OA__MSPSS__EEG43,DELTA_OC_MINUS_OA,MSPSS,MSPSS_total,SMOKING_ANY,Fumador ocasional/regular,binary,1=ocasional o regular,none,new_W,135,0,110.0,25.0,135,131,-0.5613813933752027,0.2434070070741518,-2.306348531717424,0.0226612099735158,0.3029434868793939,-1.8530894958593271,0.0661195335034327,0.0579518179809809,0.0197000338911853,0.0382517840897955,0.0406049125935506,-0.0569321466040967,-0.6183135399792994,2.9366456696181222,EEG43,F7,alpha,W3,0.0076950147436451,245,0.0245975402459754,0.9917008299170084,0.6044483829158129,0.7387301908371406,0.6149385061493851,1.0,0.9535046495350464,0.1721827817218278,0.3210678932106789,True,False,True,True,False
feature,TARGET__DELTA_OC_MINUS_OA__MSPSS__EEG23,DELTA_OC_MINUS_OA,MSPSS,MSPSS_total,SMOKING_ANY,Fumador ocasional/regular,binary,1=ocasional o regular,none,new_W,135,0,110.0,25.0,135,131,-0.1072939860446882,0.2561782049394192,-0.4188255830352977,0.676029504542219,0.3509863617620111,-0.3056927497298021,0.7603238275901384,0.0339966801204544,0.0327031583966763,0.001293521723778,0.0013390448015637,-0.1639439064401956,-0.2712378924848838,3.0068418322188246,EEG23,C4,alpha,W3 | W4,0.0084238953858853,6651,0.6651334866513349,1.0,0.9570681755329546,0.996296827095842,0.9505274372161178,1.0,0.9535046495350464,0.8465335284653354,1.0,False,False,False,False,False
feature,TARGET__DELTA_OC_MINUS_OA__MSPSS__EEG45,DELTA_OC_MINUS_OA,MSPSS,MSPSS_total,SMOKING_ANY,Fumador ocasional/regular,binary,1=ocasional o regular,none,new_W,135,0,110.0,25.0,135,131,0.0470174198465568,0.2478358863773328,0.1897119119180841,0.8498285256157244,0.3041409940590064,0.1545908666210086,0.8773817927696614,0.0033003715141987,0.0030265407726629,0.0002738307415357,0.0002747374772796,0.0370265818184409,0.0840440016649978,2.868560825332976,EEG45,F8,delta,W2,0.0094547706672181,8508,0.8508149185081492,1.0,0.9827782335685468,0.996296827095842,0.9805750194211348,1.0,0.9535046495350464,0.9067093290670932,1.0,False,False,False,False,False
feature,TARGET__DELTA_OC_MINUS_OA__MSPSS__EEG55,DELTA_OC_MINUS_OA,MSPSS,MSPSS_total,SMOKING_ANY,Fumador ocasional/regular,binary,1=ocasional o regular,none,new_W,135,0,110.0,25.0,135,131,-0.264093194729176,0.2109045999981509,-1.2521926725708754,0.2127306689253293,0.2547233699162191,-1.0367843155342942,0.3017463849966444,0.0890124074760058,0.0781084667359821,0.0109039407400236,0.0119693625132841,-0.2266133389361984,-0.4907065336653745,2.706695118364206,EEG55,T8,alpha,W3,0.015348005968504,2077,0.2077792220777922,1.0,0.9240553659651414,0.9488919985621757,0.9118465316098148,1.0,0.9535046495350464,0.7269939672699397,0.9576042395760423,False,False,False,False,False
feature,TARGET__DELTA_OC_MINUS_OA__MSPSS__EEG51,DELTA_OC_MINUS_OA,MSPSS,MSPSS_total,SMOKING_ANY,Fumador ocasional/regular,binary,1=ocasional o regular,none,new_W,135,0,110.0,25.0,135,131,-0.1935500592954536,0.2138003111707422,-0.9052842731406662,0.3669767710923635,0.5188076069337653,-0.3730671191183278,0.7097014632491182,0.0184476869035056,0.0123070685449587,0.0061406183585468,0.0062560275969144,-0.0658422461642228,-0.2593923054596765,2.682872665827437,EEG51,T7,alpha,W2,0.0328030420497389,3524,0.3524647535246475,1.0,0.9240553659651414,0.996296827095842,0.9118465316098148,1.0,0.9535046495350464,0.6497100289971003,0.998100189981002,False,False,False,False,False
feature,TARGET__DELTA_OC_MINUS_OA__BAI__EEG8,DELTA_OC_MINUS_OA,BAI,STAI_Trait_Anxiety,SMOKING_ANY,Fumador ocasional/regular,binary,1=ocasional o regular,none,new_W,135,0,110.0,25.0,135,131,0.0930616677583739,0.2426783679772373,0.3834773924600603,0.701987456170657,0.250981963940381,0.3707902603729728,0.7113926663117515,0.0042434344574241,0.0031256413837332,0.0011177930736908,0.0011225565689158,0.0260608636275266,0.1191225313859005,2.891209536617427,EEG8,Fp2,beta,W4,0.0343388639933498,7130,0.7130286971302869,1.0,0.9695833329003246,0.996296827095842,0.9612282533742786,1.0,0.9535046495350464,0.9868013198680132,1.0,False,False,False,False,False
feature,TARGET__DELTA_OC_MINUS_OA__MSPSS__EEG11,DELTA_OC_MINUS_OA,MSPSS,MSPSS_total,SMOKING_ANY,Fumador ocasional/regular,binary,1=ocasional o regular,none,new_W,135,0,110.0,25.0,135,131,-0.3956090572568597,0.2292494728628444,-1.72567052092436,0.0867646440348726,0.2509666605868582,-1.5763410818463737,0.1173591063406414,0.0538585333728899,0.032350507927004,0.0215080254458859,0.0227323568457047,-0.1116987810570087,-0.5073078383138685,2.735505670279725,EEG11,F3,alpha,W3,0.0345540481569964,881,0.0881911808819118,1.0,0.8616455278296865,0.8202963272523142,0.8574142585741427,1.0,0.9535046495350464,0.4387161283871612,0.7225277472252775,False,False,False,False,False
feature,TARGET__DELTA_OC_MINUS_OA__MSPSS__EEG7,DELTA_OC_MINUS_OA,MSPSS,MSPSS_total,SMOKING_ANY,Fumador ocasional/regular,binary,1=ocasional o regular,none,new_W,135,0,110.0,25.0,135,131,-0.2646948685884915,0.2235971317515194,-1.1838026119344118,0.238634837988534,0.2824602899098736,-0.93710471186215,0.3504291308338629,0.0834457761808243,0.0736408245582275,0.0098049516225968,0.010697623084143,-0.2249370586988249,-0.4896319272873164,2.7436039501722163,EEG7,Fp2,alpha,W2,0.0346170182546974,2362,0.2362763723627637,1.0,0.9240553659651414,0.9488919985621757,0.9118465316098148,1.0,0.9535046495350464,0.7494850514948505,0.9722027797220278,False,False,False,False,False
feature,TARGET__DELTA_OC_MINUS_OA__MSPSS__EEG59,DELTA_OC_MINUS_OA,MSPSS,MSPSS_total,SMOKING_ANY,Fumador ocasional/regular,binary,1=ocasional o regular,none,new_W,135,0,110.0,25.0,135,131,-0.2765147524615993,0.2263336624693481,-1.221712888152672,0.2240101592060712,0.3017920258526678,-0.9162427392849384,0.3612232140821375,0.073265826268647,0.0627068407751004,0.0105589854935466,0.0113937586341857,-0.2033463784353839,-0.4798611308969833,2.932622604988764,EEG59,P7,alpha,W3,0.0405515036123669,2206,0.2206779322067793,1.0,0.9240553659651414,0.9488919985621757,0.9118465316098148,1.0,0.9535046495350464,0.7497250274972502,0.9642035796420358,False,False,False,False,False
feature,TARGET__DELTA_OC_MINUS_OA__MSPSS__EEG31,DELTA_OC_MINUS_OA,MSPSS,MSPSS_total,SMOKING_ANY,Fumador ocasional/regular,binary,1=ocasional o regular,none,new_W,135,0,110.0,25.0,135,131,-0.2936586579578071,0.2347783669423493,-1.2507909556672063,0.2132401228935008,0.2646635026988155,-1.1095547930233047,0.2692235942647228,0.0561342589939459,0.0448620666221371,0.0112721923718088,0.0119425802654877,-0.1638217498664929,-0.4574804078243001,2.8031455358120163,EEG31,P4,alpha,W3,0.0409085023412764,2075,0.2075792420757924,1.0,0.9240553659651414,0.9488919985621757,0.9118465316098148,1.0,0.9535046495350464,0.4271572842715728,0.9578042195780422,False,False,False,False,False
feature,TARGET__DELTA_OC_MINUS_OA__BAI__EEG4,DELTA_OC_MINUS_OA,BAI,STAI_Trait_Anxiety,SMOKING_ANY,Fumador ocasional/regular,binary,1=ocasional o regular,none,new_W,135,0,110.0,25.0,135,131,-0.0413034011247972,0.2071122347952352,-0.1994252110003667,0.8422393554804294,0.1305840578195736,-0.3162974241608089,0.7522801952882351,0.0026052836332851,0.0023024836212862,0.0003028000119988,0.0003035909525387,-0.0186542252715332,-0.0599576263963305,2.680878298670365,EEG4,Fp1,beta,W4,0.0411042368767334,8483,0.8483151684831517,1.0,0.9827782335685468,0.996296827095842,0.9805750194211348,1.0,0.9535046495350464,0.9363063693630636,1.0,False,False,False,False,False
feature,TARGET__DELTA_OC_MINUS_OA__BAI__EEG59,DELTA_OC_MINUS_OA,BAI,STAI_Trait_Anxiety,SMOKING_ANY,Fumador ocasional/regular,binary,1=ocasional o regular,none,new_W,135,0,110.0,25.0,135,131,0.1285999851943829,0.2292586094623162,0.560938520459452,0.5757976623111726,0.2069034645582908,0.6215458279972522,0.5353206802455435,0.0491583790494836,0.0468745298870121,0.0022838491624714,0.002401923845307,0.1928006727379379,0.3214006579323209,2.932622604988764,EEG59,P7,alpha,W4,0.0416182735950191,5732,0.5732426757324267,1.0,0.936442424062965,0.9782461183923752,0.9275621110455328,1.0,0.9535046495350464,0.6687831216878312,1.0,False,False,False,False,False
feature,TARGET__DELTA_OC_MINUS_OA__MSPSS__EEG39,DELTA_OC_MINUS_OA,MSPSS,MSPSS_total,SMOKING_ANY,Fumador ocasional/regular,binary,1=ocasional o regular,none,new_W,135,0,110.0,25.0,135,131,-0.3554812970497343,0.2535190502531635,-1.402187712105862,0.1632243924859002,0.2955649662320979,-1.2027179729095023,0.2312547756264135,0.0563391725745829,0.0421761174509282,0.0141630551236547,0.015008628854814,-0.1569547414365861,-0.5124360384863206,3.010834591852252,EEG39,O2,alpha,W3,0.0454113384125685,1635,0.1635836416358364,1.0,0.9240553659651414,0.9094288929128624,0.9118465316098148,1.0,0.9535046495350464,0.4784721527847215,0.9126087391260874,False,False,False,False,False
feature,TARGET__DELTA_OC_MINUS_OA__BAI__EEG3,DELTA_OC_MINUS_OA,BAI,STAI_Trait_Anxiety,SMOKING_ANY,Fumador ocasional/regular,binary,1=ocasional o regular,none,new_W,135,0,110.0,25.0,135,131,0.160615560247513,0.2255072255596621,0.7122413033502524,0.4775819556022464,0.1994651859154703,0.8052310457604317,0.4221454800676345,0.0352440336278404,0.0315080885106673,0.0037359451171731,0.0038724249938786,0.1450094885380315,0.3056250487855447,2.6623463744648808,EEG3,Fp1,alpha,W2,0.0459919248789558,4792,0.4792520747925207,1.0,0.936442424062965,0.9594215456082604,0.9275621110455328,1.0,0.9535046495350464,0.6593340665933406,1.0,False,False,False,False,False
feature,TARGET__DELTA_OC_MINUS_OA__BAI__EEG12,DELTA_OC_MINUS_OA,BAI,STAI_Trait_Anxiety,SMOKING_ANY,Fumador ocasional/regular,binary,1=ocasional o regular,none,new_W,135,0,110.0,25.0,135,131,-0.0607059743896414,0.1914477370218084,-0.3170890151745498,0.7516808521183316,0.486768380992478,-0.1247122384281972,0.9009425383929704,0.0048694219748054,0.0041056368957821,0.0007637850790233,0.0007675224698039,0.0688782350884618,0.0081722606988203,2.6004787734761976,EEG12,F3,beta,W4,0.0478588951311882,7574,0.7574242575742426,1.0,0.9798446861877692,0.996296827095842,0.9765811739993884,1.0,0.9535046495350464,0.7574242575742426,1.0,False,False,False,False,False
feature,TARGET__DELTA_OC_MINUS_OA__MSPSS__EEG36,DELTA_OC_MINUS_OA,MSPSS,MSPSS_total,SMOKING_ANY,Fumador ocasional/regular,binary,1=ocasional o regular,none,new_W,135,0,110.0,25.0,135,131,-0.5317625344239891,0.2664115617271298,-1.9960189827220909,0.0480054484654468,0.4188266729836883,-1.2696482070632098,0.2064607833324454,0.0427382918762774,0.0136251735399599,0.0291131183363174,0.0304129143464649,-0.0499165101167408,-0.5816790445407299,3.140905471978522,EEG36,O1,beta,W5,0.0490054593140692,470,0.0470952904709529,1.0,0.6222928504780144,0.9094288929128624,0.6460892372301231,1.0,0.9535046495350464,0.3014365230143652,0.5296470352964704,True,False,True,True,False
feature,TARGET__DELTA_OC_MINUS_OA__MSPSS__EEG19,DELTA_OC_MINUS_OA,MSPSS,MSPSS_total,SMOKING_ANY,Fumador ocasional/regular,binary,1=ocasional o regular,none,new_W,135,0,110.0,25.0,135,131,-0.2331009071053967,0.2070281941678539,-1.125937981743702,0.2622502527046806,0.2888335596367239,-0.8070423236087103,0.4211049464399357,0.0734376237990878,0.0644709307119673,0.0089666930871205,0.0096773766315503,-0.2031589305065054,-0.4362598376119021,2.59281706150438,EEG19,C3,alpha,W3,0.0494633433241626,2560,0.2560743925607439,1.0,0.9240553659651414,0.9594215456082604,0.9118465316098148,1.0,0.9535046495350464,0.6619004766190048,0.9824017598240176,False,False,False,False,False
feature,TARGET__OC__MSPSS__EEG62,OC,MSPSS,MSPSS_total,ANY_SKID_DIAGNOSIS,Cualquier diagnóstico SKID,binary,1=diagnóstico presente/pasado,none,new_W,135,0,110.0,25.0,135,131,-0.0185778425218932,0.2141789870028143,-0.0867398001170353,0.9310107824215526,0.2013429798767103,-0.0922696313190016,0.92662477085852,0.04617020582787,0.0461154240121723,5.47818156976243e-05,5.743353377336237e-05,0.1926423316032912,0.1740644890813979,2.634203551757241,EEG62,P8,theta,W4,0.0301372372361042,9321,0.932106789321068,1.0,0.9859418270727486,0.996296827095842,0.9844848848448488,1.0,0.9975002499750024,0.932106789321068,1.0,False,False,False,False,False
feature,TARGET__OC__MSPSS__EEG61,OC,MSPSS,MSPSS_total,ANY_SKID_DIAGNOSIS,Cualquier diagnóstico SKID,binary,1=diagnóstico presente/pasado,none,new_W,135,0,110.0,25.0,135,131,0.0967395240924387,0.2224505189138764,0.434881089802682,0.6643643071807515,0.2143979654014433,0.4512147487561345,0.6525808294582535,0.0292761814258012,0.0278747706998508,0.0014014107259503,0.0014436760478472,0.1142016184056035,0.2109411424980422,2.604552082549278,EEG61,P8,delta,W4,0.0303231288881845,6572,0.6572342765723428,1.0,0.9549384292125792,0.9932928151720596,0.9495765002555188,1.0,0.9975002499750024,0.8812755088127551,1.0,False,False,False,False,False
feature,TARGET__OC__MSPSS__EEG5,OC,MSPSS,MSPSS_total,ANY_SKID_DIAGNOSIS,Cualquier diagnóstico SKID,binary,1=diagnóstico presente/pasado,none,new_W,135,0,110.0,25.0,135,131,-0.1072181014097134,0.210405106363408,-0.5095793693548876,0.6112035539515074,0.203215892503922,-0.5276068721231739,0.5986647028576252,0.0125560340206565,0.010598700478034,0.0019573335426225,0.0019822223944436,0.0349544164629637,-0.0722636849467497,2.648630676894227,EEG5,Fp2,delta,W4,0.0308392371721907,6012,0.6012398760123988,1.0,0.936442424062965,0.9891728224328948,0.9285534328663204,1.0,0.9975002499750024,0.8417358264173583,1.0,False,False,False,False,False
feature,TARGET__OC__MSPSS__EEG6,OC,MSPSS,MSPSS_total,ANY_SKID_DIAGNOSIS,Cualquier diagnóstico SKID,binary,1=diagnóstico presente/pasado,none,new_W,135,0,110.0,25.0,135,131,-0.0832809612898425,0.2268418806562744,-0.3671322114280796,0.7141127959534992,0.2184085922338373,-0.3813080815093505,0.7035923868400338,0.0244378570748756,0.0234340999895182,0.0010037570853573,0.0010289012264741,0.1285610515880084,0.0452800902981658,2.6813765095834405,EEG6,Fp2,theta,W4,0.0341492186828345,7054,0.7054294570542946,1.0,0.970198685312858,0.996296827095842,0.9612282533742786,1.0,0.9975002499750024,0.8610215901486774,1.0,False,False,False,False,False
feature,TARGET__OC__MSPSS__EEG54,OC,MSPSS,MSPSS_total,ANY_SKID_DIAGNOSIS,Cualquier diagnóstico SKID,binary,1=diagnóstico presente/pasado,none,new_W,135,0,110.0,25.0,135,131,-0.0077428598672664,0.2511304003325815,-0.0308320293242566,0.9754504212029972,0.2688488696254493,-0.0288000462045964,0.9770678931899728,0.0430429212464454,0.0430359769958551,6.944250590334988e-06,7.256595666108598e-06,0.1817456807069725,0.1740028208397061,3.0010623841074557,EEG54,T8,theta,W4,0.0343992826654235,9738,0.9738026197380262,1.0,0.9957494258412956,0.9965523916828825,0.9956707817590332,1.0,0.9975002499750024,0.9738026197380262,1.0,False,False,False,False,False
feature,TARGET__OC__MSPSS__EEG58,OC,MSPSS,MSPSS_total,ANY_SKID_DIAGNOSIS,Cualquier diagnóstico SKID,binary,1=diagnóstico presente/pasado,none,new_W,135,0,110.0,25.0,135,131,0.0850538140363431,0.2300558569400386,0.3697094052185397,0.7121960066524784,0.2352476383175863,0.3615501292366632,0.7182707201479497,0.0379827440032105,0.0369789778103853,0.0010037661928251,0.0010433972847868,0.1487011098537453,0.2337549238900885,2.71582552647626,EEG58,P7,theta,W4,0.0345495111494009,7073,0.7073292670732927,1.0,0.970198685312858,0.996296827095842,0.9612282533742786,1.0,0.9975002499750024,0.949005099490051,1.0,False,False,False,False,False
feature,TARGET__OC__MSPSS__EEG57,OC,MSPSS,MSPSS_total,ANY_SKID_DIAGNOSIS,Cualquier diagnóstico SKID,binary,1=diagnóstico presente/pasado,none,new_W,135,0,110.0,25.0,135,131,0.2305609098446585,0.2414614015251752,0.9548561732365316,0.3414091266277169,0.2900578869608706,0.7948789541991031,0.4281216836376575,0.027998216054389,0.0212331555249464,0.0067650605294425,0.0069599260425031,0.0692994047623153,0.2998603146069738,2.907513300174647,EEG57,P7,delta,W4,0.0347741004973604,3267,0.3267673232676732,1.0,0.9240553659651414,0.966726382407614,0.9118465316098148,1.0,0.9975002499750024,0.752004799520048,0.995000499950005,False,False,False,False,False
feature,TARGET__OC__MSPSS__EEG13,OC,MSPSS,MSPSS_total,ANY_SKID_DIAGNOSIS,Cualquier diagnóstico SKID,binary,1=diagnóstico presente/pasado,none,new_W,135,0,110.0,25.0,135,131,0.0499655621848374,0.2400189090855648,0.2081734408976299,0.8354168533744197,0.381039580041369,0.1311295854866644,0.8958739642267328,0.0567130746333978,0.0564010253708047,0.000312049262593,0.0003308105457645,0.2079267141926921,0.2578922763775295,2.996976737328166,EEG13,F4,delta,W4,0.0347749067907123,8314,0.8314168583141686,1.0,0.9827782335685468,0.996296827095842,0.9805750194211348,1.0,0.9975002499750024,0.9442055794420556,1.0,False,False,False,False,False
feature,TARGET__OC__MSPSS__EEG10,OC,MSPSS,MSPSS_total,ANY_SKID_DIAGNOSIS,Cualquier diagnóstico SKID,binary,1=diagnóstico presente/pasado,none,new_W,135,0,110.0,25.0,135,131,0.2002760746884774,0.2440423604073741,0.8206611112683933,0.4133301797728593,0.4076612096527038,0.4912806760768269,0.6240500228320729,0.0564818222098469,0.0516310968759031,0.0048507253339438,0.0051411042713611,0.1750475013632994,0.3753235760517769,2.980406105888357,EEG10,F3,theta,W4,0.0347846023678833,4089,0.408959104089591,1.0,0.936442424062965,0.9891728224328948,0.9245162440277712,1.0,0.9975002499750024,0.7156784321567843,0.9993000699930008,False,False,False,False,False
feature,TARGET__OC__MSPSS__EEG18,OC,MSPSS,MSPSS_total,ANY_SKID_DIAGNOSIS,Cualquier diagnóstico SKID,binary,1=diagnóstico presente/pasado,none,new_W,135,0,110.0,25.0,135,131,0.0602963283974763,0.2587313958166733,0.2330460445557983,0.8160893909814935,0.2566866914100842,0.2349024332591772,0.8146512403301803,0.0396629629637079,0.039264822924289,0.0003981400394189,0.0004145836555962,0.1622245905923797,0.2225209189898561,3.056105052490536,EEG18,C3,theta,W4,0.0358267801609531,8086,0.8086191380861913,1.0,0.9827782335685468,0.996296827095842,0.9792965340144184,1.0,0.9975002499750024,0.8708206102466676,1.0,False,False,False,False,False
feature,TARGET__OC__MSPSS__EEG22,OC,MSPSS,MSPSS_total,ANY_SKID_DIAGNOSIS,Cualquier diagnóstico SKID,binary,1=diagnóstico presente/pasado,none,new_W,135,0,110.0,25.0,135,131,-0.0670583833931573,0.2506530618380189,-0.2675346668475682,0.7894782798206467,0.2394393813950576,-0.2800641356591037,0.7798700579414101,0.039630594314996,0.039105874878478,0.0005247194365179,0.000546372503551,0.1783180980690923,0.111259714675935,2.9515378443468734,EEG22,C4,theta,W4,0.0364824153601674,7807,0.7807219278072193,1.0,0.9827782335685468,0.996296827095842,0.9792965340144184,1.0,0.9975002499750024,0.8051194880511949,1.0,False,False,False,False,False
feature,TARGET__OC__MSPSS__EEG30,OC,MSPSS,MSPSS_total,ANY_SKID_DIAGNOSIS,Cualquier diagnóstico SKID,binary,1=diagnóstico presente/pasado,none,new_W,135,0,110.0,25.0,135,131,-0.0006750374573438,0.2338550108969414,-0.0028865640071375,0.99770124944227,0.2202298859066519,-0.0030651491942832,0.9975590313796096,0.0316298839347874,0.0316298223416303,6.159315713016866e-08,6.360497511059174e-08,0.1455880424869129,0.144913005029569,2.733583079273709,EEG30,P4,theta,W4,0.0367556740163888,9975,0.9975002499750024,1.0,0.99770124944227,0.9975590313796096,0.9975002499750024,1.0,0.9975002499750024,0.9975002499750024,1.0,False,False,False,False,False
feature,TARGET__OC__MSPSS__EEG53,OC,MSPSS,MSPSS_total,ANY_SKID_DIAGNOSIS,Cualquier diagnóstico SKID,binary,1=diagnóstico presente/pasado,none,new_W,135,0,110.0,25.0,135,131,-0.055207311739232,0.2485408330562833,-0.2221257209946267,0.8245619359116204,0.2596248923282903,-0.2126425984971564,0.831936275177992,0.0189783077201916,0.0186088157405102,0.0003694919796813,0.0003766399689111,0.0986945592261011,0.043487247486869,3.071501249484317,EEG53,T8,delta,W4,0.0369640002416077,8225,0.8225177482251775,1.0,0.9827782335685468,0.996296827095842,0.9805750194211348,1.0,0.9975002499750024,0.8857883442424989,1.0,False,False,False,False,False
feature,TARGET__OC__MSPSS__EEG1,OC,MSPSS,MSPSS_total,ANY_SKID_DIAGNOSIS,Cualquier diagnóstico SKID,binary,1=diagnóstico presente/pasado,none,new_W,135,0,110.0,25.0,135,131,0.0407707832625243,0.2144925870909489,0.1900801506265423,0.8495405527472939,0.2506953790430297,0.1626307729251218,0.8710597552091902,0.0153365791387886,0.0150650039788878,0.0002715751599007,0.0002758050661242,0.0598310438701517,0.100601827132676,2.826044302482874,EEG1,Fp1,delta,W4,0.0371765040761449,8479,0.8479152084791521,1.0,0.9827782335685468,0.996296827095842,0.9805750194211348,1.0,0.9975002499750024,0.8741125887411259,1.0,False,False,False,False,False
feature,TARGET__OC__MSPSS__EEG46,OC,MSPSS,MSPSS_total,ANY_SKID_DIAGNOSIS,Cualquier diagnóstico SKID,binary,1=diagnóstico presente/pasado,none,new_W,135,0,110.0,25.0,135,131,-0.040970475658536,0.2569732171132836,-0.1594348084939712,0.8735718708625114,0.2897353293297148,-0.1414065580242449,0.8877659990696259,0.0591824552793198,0.0589998974761614,0.0001825578031584,0.0001940416653397,0.225898555669732,0.1849280800111959,3.119668699011131,EEG46,F8,theta,W4,0.037300816525276,8740,0.8740125987401259,1.0,0.9827782335685468,0.996296827095842,0.9805750194211348,1.0,0.9975002499750024,0.9781791051664064,1.0,False,False,False,False,False
feature,TARGET__OC__MSPSS__EEG9,OC,MSPSS,MSPSS_total,ANY_SKID_DIAGNOSIS,Cualquier diagnóstico SKID,binary,1=diagnóstico presente/pasado,none,new_W,135,0,110.0,25.0,135,131,0.2526286501311448,0.2443991260199219,1.0336724776607922,0.3031937882169769,0.4558102050478265,0.5542408821334691,0.5803589261579818,0.0463486099504665,0.0385703177035534,0.007778292246913,0.0081563266494154,0.1325605349512648,0.3851891850824096,3.1464353974570467,EEG9,F3,delta,W4,0.0373805689785554,2970,0.2970702929707029,1.0,0.9240553659651414,0.9886247647640076,0.9118465316098148,1.0,0.9975002499750024,0.6931640169316402,0.9908009199080092,False,False,False,False,False
feature,TARGET__OC__MSPSS__EEG38,OC,MSPSS,MSPSS_total,ANY_SKID_DIAGNOSIS,Cualquier diagnóstico SKID,binary,1=diagnóstico presente/pasado,none,new_W,135,0,110.0,25.0,135,131,-0.0364764312386769,0.2130060248928446,-0.1712460070414765,0.8642945662072262,0.2069916548746027,-0.1762217479771091,0.8603918671856231,0.0507681969614842,0.050555705299991,0.0002124916614931,0.0002238564498292,0.2075716792108067,0.1710952479721298,2.6043327058850325,EEG38,O2,theta,W4,0.0381984113175509,8601,0.8601139886011399,1.0,0.9827782335685468,0.996296827095842,0.9805750194211348,1.0,0.9975002499750024,0.944005599440056,1.0,False,False,False,False,False
feature,TARGET__OC__MSPSS__EEG14,OC,MSPSS,MSPSS_total,ANY_SKID_DIAGNOSIS,Cualquier diagnóstico SKID,binary,1=diagnóstico presente/pasado,none,new_W,135,0,110.0,25.0,135,131,-0.1187789006651651,0.2270251178854604,-0.5231971764687813,0.6017209093164864,0.2211398614352711,-0.5371211679986168,0.5920950574724998,0.0508777401417344,0.0488944710368229,0.0019832691049114,0.0020895823317931,0.2162753799212161,0.097496479256051,2.720834973186971,EEG14,F4,theta,W4,0.0385821877448471,6024,0.6024397560243976,1.0,0.936442424062965,0.9886247647640076,0.9285534328663204,1.0,0.9975002499750024,0.653949989616423,1.0,False,False,False,False,False
feature,TARGET__OC__MSPSS__EEG2,OC,MSPSS,MSPSS_total,ANY_SKID_DIAGNOSIS,Cualquier diagnóstico SKID,binary,1=diagnóstico presente/pasado,none,new_W,135,0,110.0,25.0,135,131,-0.0279499779844976,0.2288377996187768,-0.1221388163627677,0.9029762488230576,0.2457902367056731,-0.1137147608428683,0.9096380015804582,0.0333186094772721,0.0332085266750127,0.0001100828022594,0.0001138770264315,0.1562138269715051,0.1282638489870075,2.8456056974881507,EEG2,Fp1,theta,W4,0.0390269244562189,8977,0.8977102289771023,1.0,0.9852069463869568,0.996296827095842,0.9844848848448488,1.0,0.9975002499750024,0.8977102289771023,1.0,False,False,False,False,False
feature,TARGET__OC__MSPSS__EEG17,OC,MSPSS,MSPSS_total,ANY_SKID_DIAGNOSIS,Cualquier diagnóstico SKID,binary,1=diagnóstico presente/pasado,none,new_W,135,0,110.0,25.0,135,131,0.1116317384244169,0.2676903318163487,0.417018192875949,0.6773476775343418,0.2556412598893918,0.4366734011274883,0.6630671180055521,0.0254057253121111,0.0241119389645169,0.0012937863475942,0.0013275127724391,0.1039915732720792,0.2156233116964961,3.229508211928912,EEG17,C3,delta,W4,0.0392538879333417,6671,0.6671332866713329,1.0,0.9570681755329546,0.9937311736429768,0.9505274372161178,1.0,0.9975002499750024,0.8490787284907874,1.0,False,False,False,False,False
feature,TARGET__OC__MSPSS__EEG21,OC,MSPSS,MSPSS_total,ANY_SKID_DIAGNOSIS,Cualquier diagnóstico SKID,binary,1=diagnóstico presente/pasado,none,new_W,135,0,110.0,25.0,135,131,0.0645408444914518,0.2557899111048687,0.252319742450637,0.8011893886986979,0.313599051511102,0.2058068867889,0.8372612505937213,0.0228444229013592,0.022369530867163,0.0004748920341961,0.0004859942933613,0.101187494961122,0.1657283394525738,3.156881670532402,EEG21,C4,delta,W4,0.0394069913028541,7965,0.7965203479652034,1.0,0.9827782335685468,0.996296827095842,0.9792965340144184,1.0,0.9975002499750024,0.9931006899310068,1.0,False,False,False,False,False
feature,TARGET__OC__MSPSS__EEG50,OC,MSPSS,MSPSS_total,ANY_SKID_DIAGNOSIS,Cualquier diagnóstico SKID,binary,1=diagnóstico presente/pasado,none,new_W,135,0,110.0,25.0,135,131,-0.1166965596073197,0.2501288611250457,-0.466545759983212,0.6415998337800825,0.2801760361220758,-0.4165115661657577,0.6777173521683452,0.0541800258154289,0.0526084849470599,0.0015715408683689,0.0016615644744908,0.2208225421606399,0.1041259825533201,2.959860018150897,EEG50,T7,theta,W4,0.039647610447041,6377,0.6377362263773623,1.0,0.9417538574842572,0.996296827095842,0.9398218072929548,1.0,0.9975002499750024,0.8928307169283072,1.0,False,False,False,False,False
feature,TARGET__OC__MSPSS__EEG42,OC,MSPSS,MSPSS_total,ANY_SKID_DIAGNOSIS,Cualquier diagnóstico SKID,binary,1=diagnóstico presente/pasado,none,new_W,135,0,110.0,25.0,135,131,0.0222393781612604,0.2387227756448394,0.0931598507984307,0.9259188962625444,0.3042704366041642,0.0730908280458165,0.9418453224910976,0.0533857462771677,0.0533230330264896,6.271325067808142e-05,6.625005954795585e-05,0.2037616997042933,0.2260010778655538,2.835220918019621,EEG42,F7,theta,W4,0.0403006852011876,9246,0.9246075392460754,1.0,0.9852069463869568,0.996296827095842,0.9844848848448488,1.0,0.9975002499750024,0.9246075392460754,1.0,False,False,False,False,False
feature,TARGET__OC__MSPSS__EEG26,OC,MSPSS,MSPSS_total,ANY_SKID_DIAGNOSIS,Cualquier diagnóstico SKID,binary,1=diagnóstico presente/pasado,none,new_W,135,0,110.0,25.0,135,131,-0.063565362481297,0.2495709424780772,-0.2546985712765048,0.7993553187307294,0.2210101371865538,-0.2876128818817111,0.7740975745192997,0.0286389548069934,0.0281579356146293,0.000481019192364,0.0004952012382466,0.1419428128437056,0.0783774503624086,2.9516437354121736,EEG26,P3,theta,W4,0.0403167916358557,7937,0.7937206279372063,1.0,0.9827782335685468,0.996296827095842,0.9792965340144184,1.0,0.9975002499750024,0.9086168306246298,1.0,False,False,False,False,False
feature,TARGET__OC__MSPSS__EEG34,OC,MSPSS,MSPSS_total,ANY_SKID_DIAGNOSIS,Cualquier diagnóstico SKID,binary,1=diagnóstico presente/pasado,none,new_W,135,0,110.0,25.0,135,131,-0.03761295482736,0.216668087661511,-0.1735971145234859,0.8624500626587991,0.2097044587688758,-0.1793617314966814,0.8579308032734292,0.0421606484994467,0.041940301883941,0.0002203466155057,0.0002300454822205,0.1846976768637881,0.1470847220364281,2.599069092754517,EEG34,O1,theta,W4,0.0410297253297877,8598,0.8598140185981402,1.0,0.9827782335685468,0.996296827095842,0.9805750194211348,1.0,0.9975002499750024,0.9259535584903048,1.0,False,False,False,False,False
feature,TARGET__OC__MSPSS__EEG45,OC,MSPSS,MSPSS_total,ANY_SKID_DIAGNOSIS,Cualquier diagnóstico SKID,binary,1=diagnóstico presente/pasado,none,new_W,135,0,110.0,25.0,135,131,-0.0076490066831246,0.2741940781869386,-0.0278963234133369,0.9777872935454636,0.3094106675609742,-0.0247212119201329,0.9803149533018104,0.0477769092749617,0.0477712525983436,5.656676618004397e-06,5.940495114120064e-06,0.1948985499771614,0.1872495432940367,3.3684693033971023,EEG45,F8,delta,W4,0.0433332040268562,9786,0.9786021397860214,1.0,0.9957494258412956,0.9965523916828825,0.9956707817590332,1.0,0.9975002499750024,0.9927007299270072,1.0,False,False,False,False,False
feature,TARGET__OC__MSPSS__EEG33,OC,MSPSS,MSPSS_total,ANY_SKID_DIAGNOSIS,Cualquier diagnóstico SKID,binary,1=diagnóstico presente/pasado,none,new_W,135,0,110.0,25.0,135,131,0.0038984404090006,0.2251114605560635,0.0173178229103521,0.9862094151627548,0.2378432271579718,0.0163907984918626,0.9869475577558668,0.0278340736740807,0.0278318480301337,2.2256439470291767e-06,2.289366338357993e-06,0.1314843900130387,0.1353828304220393,2.7803881952905307,EEG33,O1,delta,W4,0.044927486351673,9852,0.9852014798520148,1.0,0.9957494258412956,0.9965523916828825,0.9965240958021508,1.0,0.9975002499750024,0.9922007799220078,1.0,False,False,False,False,False
feature,TARGET__OC__MSPSS__EEG49,OC,MSPSS,MSPSS_total,ANY_SKID_DIAGNOSIS,Cualquier diagnóstico SKID,binary,1=diagnóstico presente/pasado,none,new_W,135,0,110.0,25.0,135,131,-0.123129594964224,0.2401397311887615,-0.5127414541304629,0.608995695845063,0.2872655431443778,-0.428626397779771,0.6688991048347447,0.029053759029891,0.0271051677690824,0.0019485912608085,0.0020068992273575,0.1481002080655197,0.0249706131012956,2.905286354317657,EEG49,T7,delta,W4,0.04614990038853,5983,0.5983401659834017,1.0,0.936442424062965,0.9962327093283432,0.9275621110455328,1.0,0.9975002499750024,0.7615238476152385,1.0,False,False,False,False,False
feature,TARGET__OC__MSPSS__EEG25,OC,MSPSS,MSPSS_total,ANY_SKID_DIAGNOSIS,Cualquier diagnóstico SKID,binary,1=diagnóstico presente/pasado,none,new_W,135,0,110.0,25.0,135,131,0.0113714012223435,0.2597248749304985,0.0437824880092309,0.9651444524246064,0.2367744837235032,0.0480262950784117,0.961768428600356,0.0134328570597603,0.0134184207488555,1.4436310904808458e-05,1.463287218524662e-05,0.0529762823747788,0.0643476835971224,3.078350733176794,EEG25,P3,delta,W4,0.0477275509808306,9606,0.9606039396060394,1.0,0.994066804971526,0.9965523916828825,0.9917739789442884,1.0,0.9975002499750024,0.9606039396060394,1.0,False,False,False,False,False
feature,TARGET__OC__MSPSS__EEG37,OC,MSPSS,MSPSS_total,ANY_SKID_DIAGNOSIS,Cualquier diagnóstico SKID,binary,1=diagnóstico presente/pasado,none,new_W,135,0,110.0,25.0,135,131,-0.0096284054951079,0.2178327626180471,-0.0442009061418856,0.9648115642913168,0.2303637461264016,-0.0417965311686883,0.9667245371736768,0.0406624807996904,0.0406481733416941,1.4307457996354245e-05,1.4913893921589498e-05,0.1757122394343551,0.1660838339392472,2.65197689714817,EEG37,O2,delta,W4,0.0480635496317914,9679,0.967903209679032,1.0,0.994066804971526,0.9965523916828825,0.9947614316167211,1.0,0.9975002499750024,0.967903209679032,1.0,False,False,False,False,False
feature,TARGET__OC__MSPSS__EEG29,OC,MSPSS,MSPSS_total,ANY_SKID_DIAGNOSIS,Cualquier diagnóstico SKID,binary,1=diagnóstico presente/pasado,none,new_W,135,0,110.0,25.0,135,131,0.0630672640428329,0.2508057329061602,0.2514586222254727,0.8018535837504251,0.2501220703429512,0.2521459380068268,0.8013234350033258,0.0148381736740501,0.0143626530662442,0.0004755206078058,0.0004826827381033,0.0537741725296586,0.1168414365724916,3.002745038391678,EEG29,P4,delta,W4,0.0493899977715527,7974,0.7974202579742026,1.0,0.9827782335685468,0.996296827095842,0.9792965340144184,1.0,0.9975002499750024,0.8587602778183719,1.0,False,False,False,False,False
feature,TARGET__OA__MSPSS__EEG62,OA,MSPSS,MSPSS_total,ANY_SKID_DIAGNOSIS,Cualquier diagnóstico SKID,binary,1=diagnóstico presente/pasado,none,new_W,135,0,110.0,25.0,135,131,0.0782119950500287,0.2254831947211484,0.3468639653910897,0.7292500924419119,0.2643398757829656,0.2958766429709765,0.7677927885041083,0.0734185936954961,0.0725675915505811,0.000851002144915,0.0009184321411209,0.2362965916040978,0.3145085866541266,2.739568513584192,EEG62,P8,theta,W4,0.0492521790867692,7247,0.7247275272472753,1.0,0.970198685312858,0.996296827095842,0.9639643246301556,1.0,0.9975002499750024,0.9134086591340866,1.0,False,False,False,False,False
feature,TARGET__OA__MSPSS__EEG61,OA,MSPSS,MSPSS_total,ANY_SKID_DIAGNOSIS,Cualquier diagnóstico SKID,binary,1=diagnóstico presente/pasado,none,new_W,135,0,110.0,25.0,135,131,0.2986255675666559,0.2240648278332797,1.3327641399785184,0.1849226478629603,0.2252092274836639,1.325991705150347,0.1871498510808955,0.045499618793561,0.032557320408587,0.0129422983849739,0.0135592385710894,0.0960312483364008,0.3946568159030568,2.695134220431662,EEG61,P8,delta,W4,0.0497293732930649,1800,0.1800819918008199,1.0,0.9240553659651414,0.9094288929128624,0.9118465316098148,1.0,0.9975002499750024,0.6302869713028697,0.9314068593140686,False,False,False,False,False
feature,TARGET__DELTA_OC_MINUS_OA__MSPSS__EEG43,DELTA_OC_MINUS_OA,MSPSS,MSPSS_total,ANY_SKID_DIAGNOSIS,Cualquier diagnóstico SKID,binary,1=diagnóstico presente/pasado,none,new_W,135,0,110.0,25.0,135,131,-0.2756407562115053,0.2198476864647416,-1.2537805634616568,0.2121546246689339,0.2411876513503222,-1.1428477149153065,0.2551861800795783,0.0430738347440432,0.0315909713053216,0.0114828634387216,0.0119997381779713,-0.0942192945467438,-0.3698600507582492,2.7313919372908027,EEG43,F7,alpha,W3,0.0076950147436451,2125,0.2125787421257874,1.0,0.9240553659651414,0.9360197031821096,0.9118465316098148,1.0,0.9975002499750024,0.5349215078492151,0.955004499550045,False,False,False,False,False
feature,TARGET__DELTA_OC_MINUS_OA__MSPSS__EEG23,DELTA_OC_MINUS_OA,MSPSS,MSPSS_total,ANY_SKID_DIAGNOSIS,Cualquier diagnóstico SKID,binary,1=diagnóstico presente/pasado,none,new_W,135,0,110.0,25.0,135,131,-0.3250256095393992,0.2235480777490226,-1.4539405250637198,0.1483544195752586,0.2688040522306104,-1.2091544262158502,0.2287813005308801,0.0609407778346198,0.0457872074786526,0.0151535703559672,0.0161369698505537,-0.1316891132517874,-0.4567147227911866,2.8187892541778883,EEG23,C4,alpha,W3 | W4,0.0084238953858853,1424,0.1424857514248575,1.0,0.9240553659651414,0.9094288929128624,0.9118465316098148,1.0,0.9975002499750024,0.4987001299870013,0.8803119688031197,False,False,False,False,False
feature,TARGET__DELTA_OC_MINUS_OA__MSPSS__EEG45,DELTA_OC_MINUS_OA,MSPSS,MSPSS_total,ANY_SKID_DIAGNOSIS,Cualquier diagnóstico SKID,binary,1=diagnóstico presente/pasado,none,new_W,135,0,110.0,25.0,135,131,-0.2333427709495515,0.2544648384055281,-0.9169941608108726,0.3608308001608664,0.4344186690044492,-0.5371379906031657,0.5920834711151178,0.0187315398932608,0.0124328578649498,0.0062986820283109,0.0064189182516126,0.0754984009373495,-0.157844370012202,2.9589334511843948,EEG45,F8,delta,W2,0.0094547706672181,3531,0.3531646835316468,1.0,0.9240553659651414,0.9886247647640076,0.9118465316098148,1.0,0.9975002499750024,0.7000855470008553,0.9966003399660034,False,False,False,False,False
feature,TARGET__DELTA_OC_MINUS_OA__MSPSS__EEG55,DELTA_OC_MINUS_OA,MSPSS,MSPSS_total,ANY_SKID_DIAGNOSIS,Cualquier diagnóstico SKID,binary,1=diagnóstico presente/pasado,none,new_W,135,0,110.0,25.0,135,131,-0.2762017558330986,0.2043868931776143,-1.3513672600966464,0.1789069145786931,0.2711528143554108,-1.018620280559102,0.3102608050348004,0.110216834736449,0.0978128942204318,0.0124039405160172,0.0139404081806191,-0.2403933702426592,-0.516595126075758,2.8297789784337537,EEG55,T8,alpha,W3,0.015348005968504,1778,0.1778822117788221,1.0,0.9240553659651414,0.9488919985621757,0.9118465316098148,1.0,0.9975002499750024,0.7269939672699397,0.9243075692430756,False,False,False,False,False
feature,TARGET__DELTA_OC_MINUS_OA__MSPSS__EEG51,DELTA_OC_MINUS_OA,MSPSS,MSPSS_total,ANY_SKID_DIAGNOSIS,Cualquier diagnóstico SKID,binary,1=diagnóstico presente/pasado,none,new_W,135,0,110.0,25.0,135,131,-0.3640975552442808,0.2130728473377844,-1.70879377543154,0.0898573193308101,0.2617829979199509,-1.3908372894240288,0.1666327662105153,0.0456950291022419,0.024423672071503,0.0212713570307389,0.0222898944042259,-0.0446883889201594,-0.4087859441644402,2.746050596234821,EEG51,T7,alpha,W2,0.0328030420497389,879,0.087991200879912,1.0,0.8616455278296865,0.8910854983100159,0.8574142585741427,1.0,0.9975002499750024,0.4073592640735927,0.7218278172182782,False,False,False,False,False
feature,TARGET__DELTA_OC_MINUS_OA__BAI__EEG8,DELTA_OC_MINUS_OA,BAI,STAI_Trait_Anxiety,ANY_SKID_DIAGNOSIS,Cualquier diagnóstico SKID,binary,1=diagnóstico presente/pasado,none,new_W,135,0,110.0,25.0,135,131,0.1115958625939549,0.1940237513143448,0.5751659878648285,0.5661656168804144,0.1943570439004194,0.5741796662184885,0.5668308298276389,0.0243221991559835,0.0218583079875709,0.0024638911684126,0.0025253123175306,0.0089185710533986,0.1205144336473536,2.578422955436854,EEG8,Fp2,beta,W4,0.0343388639933498,5644,0.5644435556444356,1.0,0.936442424062965,0.9886247647640076,0.9275621110455328,1.0,0.9975002499750024,0.9868013198680132,1.0,False,False,False,False,False
feature,TARGET__DELTA_OC_MINUS_OA__MSPSS__EEG11,DELTA_OC_MINUS_OA,MSPSS,MSPSS_total,ANY_SKID_DIAGNOSIS,Cualquier diagnóstico SKID,binary,1=diagnóstico presente/pasado,none,new_W,135,0,110.0,25.0,135,131,-0.1819768485114321,0.2188284182693116,-0.8315960511466736,0.4071502595341992,0.24926812296859,-0.7300446055605867,0.4666664076196005,0.0510826366882909,0.0460732802523373,0.0050093564359535,0.0052790228418531,-0.1553839905998336,-0.3373608391112658,2.8018102426018543,EEG11,F3,alpha,W3,0.0345540481569964,4016,0.4016598340165983,1.0,0.936442424062965,0.973689025705312,0.9245162440277712,1.0,0.9975002499750024,0.7029047095290472,0.9991000899910008,False,False,False,False,False
feature,TARGET__DELTA_OC_MINUS_OA__MSPSS__EEG7,DELTA_OC_MINUS_OA,MSPSS,MSPSS_total,ANY_SKID_DIAGNOSIS,Cualquier diagnóstico SKID,binary,1=diagnóstico presente/pasado,none,new_W,135,0,110.0,25.0,135,131,-0.175112766247634,0.2065568546198651,-0.8477702982546916,0.3981121955766815,0.2306211971683674,-0.7593090678468345,0.4490318604245797,0.0953620713308179,0.0903988928786974,0.0049631784521205,0.0054863700656702,-0.2481773819098349,-0.423290148157469,2.762547063682483,EEG7,Fp2,alpha,W2,0.0346170182546974,3891,0.3891610838916108,1.0,0.936442424062965,0.973689025705312,0.9245162440277712,1.0,0.9975002499750024,0.7783221677832217,0.9988001199880012,False,False,False,False,False
feature,TARGET__DELTA_OC_MINUS_OA__MSPSS__EEG59,DELTA_OC_MINUS_OA,MSPSS,MSPSS_total,ANY_SKID_DIAGNOSIS,Cualquier diagnóstico SKID,binary,1=diagnóstico presente/pasado,none,new_W,135,0,110.0,25.0,135,131,-0.1960352909245325,0.2009586660412874,-0.9755005583300234,0.3311099561052683,0.2557022488265759,-0.7666545438068826,0.4446663235635612,0.0833723036714486,0.0767137987594811,0.0066585049119675,0.0072641323610855,-0.2139417834913383,-0.4099770744158709,2.642776563993116,EEG59,P7,alpha,W3,0.0405515036123669,3278,0.3278672132786721,1.0,0.9240553659651414,0.973689025705312,0.9118465316098148,1.0,0.9975002499750024,0.7497250274972502,0.994100589941006,False,False,False,False,False
feature,TARGET__DELTA_OC_MINUS_OA__MSPSS__EEG31,DELTA_OC_MINUS_OA,MSPSS,MSPSS_total,ANY_SKID_DIAGNOSIS,Cualquier diagnóstico SKID,binary,1=diagnóstico presente/pasado,none,new_W,135,0,110.0,25.0,135,131,-0.2743958980871942,0.216768603006059,-1.265847056640045,0.2078144337115647,0.2340419022432166,-1.1724220981678817,0.2431552881855497,0.0724815797720991,0.0611363389253899,0.0113452408467091,0.0122318226778952,-0.1751465352253776,-0.4495424333125719,2.87815911733468,EEG31,P4,alpha,W3,0.0409085023412764,2015,0.2015798420157984,1.0,0.9240553659651414,0.9250472920102436,0.9118465316098148,1.0,0.9975002499750024,0.4271572842715728,0.952004799520048,False,False,False,False,False
feature,TARGET__DELTA_OC_MINUS_OA__BAI__EEG4,DELTA_OC_MINUS_OA,BAI,STAI_Trait_Anxiety,ANY_SKID_DIAGNOSIS,Cualquier diagnóstico SKID,binary,1=diagnóstico presente/pasado,none,new_W,135,0,110.0,25.0,135,131,0.4705687738441035,0.2347340374532505,2.004689132217656,0.0470576459154469,0.2641693161087346,1.7813150322515616,0.0771782669810139,0.0500163307631582,0.0208730180817088,0.0291433126814494,0.0306776986017679,-0.0972375006814209,0.3733312731626826,2.841106297619559,EEG4,Fp1,beta,W4,0.0411042368767334,479,0.047995200479952,1.0,0.6222928504780144,0.7503442623154136,0.6460892372301231,1.0,0.9975002499750024,0.335966403359664,0.5042495750424958,True,False,True,True,False
feature,TARGET__DELTA_OC_MINUS_OA__BAI__EEG59,DELTA_OC_MINUS_OA,BAI,STAI_Trait_Anxiety,ANY_SKID_DIAGNOSIS,Cualquier diagnóstico SKID,binary,1=diagnóstico presente/pasado,none,new_W,135,0,110.0,25.0,135,131,0.2417849289746073,0.2011830967995304,1.2018153255466324,0.2316031860251834,0.1850730739077997,1.3064295300734048,0.1936955845777096,0.0813237796961441,0.0711947777416571,0.0101290019544869,0.0110256494406013,0.1717907485834738,0.4135756775580812,2.642776563993116,EEG59,P7,alpha,W4,0.0416182735950191,2337,0.2337766223377662,1.0,0.9240553659651414,0.9094288929128624,0.9118465316098148,1.0,0.9975002499750024,0.6096390360963904,0.966103389661034,False,False,False,False,False
feature,TARGET__DELTA_OC_MINUS_OA__MSPSS__EEG39,DELTA_OC_MINUS_OA,MSPSS,MSPSS_total,ANY_SKID_DIAGNOSIS,Cualquier diagnóstico SKID,binary,1=diagnóstico presente/pasado,none,new_W,135,0,110.0,25.0,135,131,-0.1494915401182641,0.2124821320977198,-0.7035487579233882,0.4829624262560896,0.201283718796888,-0.7426906707199379,0.4589986902355947,0.0588263347217081,0.0552701290321533,0.0035562056895548,0.0037784798074469,-0.1823687580815399,-0.331860298199804,2.709887667009479,EEG39,O2,alpha,W3,0.0454113384125685,4782,0.4782521747825217,1.0,0.936442424062965,0.973689025705312,0.9275621110455328,1.0,0.9975002499750024,0.7843882278438823,1.0,False,False,False,False,False
feature,TARGET__DELTA_OC_MINUS_OA__BAI__EEG3,DELTA_OC_MINUS_OA,BAI,STAI_Trait_Anxiety,ANY_SKID_DIAGNOSIS,Cualquier diagnóstico SKID,binary,1=diagnóstico presente/pasado,none,new_W,135,0,110.0,25.0,135,131,0.4169194474714366,0.2197282681083264,1.8974320011747168,0.0599717922395242,0.3010913762299037,1.3846940842074809,0.1684999178620834,0.0812771562404656,0.0560280702580178,0.0252490859824477,0.0274828106800144,0.1154435978243144,0.5323630452957511,2.83693657998717,EEG3,Fp1,alpha,W2,0.0459919248789558,605,0.0605939406059394,1.0,0.6620176660270362,0.8910854983100159,0.6777100067771001,1.0,0.9975002499750024,0.4241575842415759,0.5804419558044196,False,False,False,False,False
feature,TARGET__DELTA_OC_MINUS_OA__BAI__EEG12,DELTA_OC_MINUS_OA,BAI,STAI_Trait_Anxiety,ANY_SKID_DIAGNOSIS,Cualquier diagnóstico SKID,binary,1=diagnóstico presente/pasado,none,new_W,135,0,110.0,25.0,135,131,0.1191353756316576,0.223337065524155,0.5334330660790944,0.5946377283417633,0.217923806820383,0.5466836201601932,0.5855260849732952,0.0253415651081967,0.0232244668452212,0.0021170982629754,0.0021721437861567,0.0321658551556239,0.1513012307872816,2.659140019498673,EEG12,F3,beta,W4,0.0478588951311882,5945,0.5945405459454055,1.0,0.936442424062965,0.9886247647640076,0.9275621110455328,1.0,0.9975002499750024,0.7104827978740588,1.0,False,False,False,False,False
feature,TARGET__DELTA_OC_MINUS_OA__MSPSS__EEG36,DELTA_OC_MINUS_OA,MSPSS,MSPSS_total,ANY_SKID_DIAGNOSIS,Cualquier diagnóstico SKID,binary,1=diagnóstico presente/pasado,none,new_W,135,0,110.0,25.0,135,131,-0.0778869401336333,0.2695986715050785,-0.2888995694927456,0.7731149009800008,0.2707141117196929,-0.2877091986038771,0.7740240024759203,0.0235644892198806,0.0229423808290225,0.000622108390858,0.0006371218416268,-0.1026592709959384,-0.1805462111295718,3.143545161466862,EEG36,O1,beta,W5,0.0490054593140692,7723,0.7723227677232277,1.0,0.9827782335685468,0.996296827095842,0.9792965340144184,1.0,0.9975002499750024,0.954104589541046,1.0,False,False,False,False,False
feature,TARGET__DELTA_OC_MINUS_OA__MSPSS__EEG19,DELTA_OC_MINUS_OA,MSPSS,MSPSS_total,ANY_SKID_DIAGNOSIS,Cualquier diagnóstico SKID,binary,1=diagnóstico presente/pasado,none,new_W,135,0,110.0,25.0,135,131,-0.2967462698092424,0.2173890146717781,-1.3650472184957496,0.1745779971021477,0.312817088045395,-0.94862551040108,0.3445578301785379,0.0925133996609548,0.0796052416162564,0.0129081580446983,0.0142240756391066,-0.2106880964520237,-0.5074343662612661,2.842085014327721,EEG19,C3,alpha,W3,0.0494633433241626,1785,0.1785821417858214,1.0,0.9240553659651414,0.9488919985621757,0.9118465316098148,1.0,0.9975002499750024,0.625037496250375,0.9182081791820818,False,False,False,False,False
feature,TARGET__OC__MSPSS__EEG62,OC,MSPSS,MSPSS_total,HAMILTON_LOG1P,Escala Hamilton,continuous,mayor sintomatología,none,new_W_clinical,134,1,,,134,130,-0.0249017739564081,0.0847102295252621,-0.2939641894014937,0.7692540939741707,0.074271646168266,-0.3352796826394822,0.7379545487306074,0.0381861916383785,0.0375468448151968,0.0006393468231816,0.000664730343465,0.2127899697342608,0.1629864218214444,1.296151572972198,EEG62,P8,theta,W4,0.0301372372361042,7645,0.7645235476452354,1.0,0.9827782335685468,0.996296827095842,0.9765811739993884,1.0,0.9706029397060294,0.932106789321068,1.0,False,False,False,False,False
feature,TARGET__OC__MSPSS__EEG61,OC,MSPSS,MSPSS_total,HAMILTON_LOG1P,Escala Hamilton,continuous,mayor sintomatología,none,new_W_clinical,134,1,,,134,130,0.0083340665557779,0.085592790619496,0.0973687911733968,0.9225834865563672,0.0729867188076137,0.114186069629268,0.9092664592495726,0.020303340812483,0.0202318931818137,7.144763066935234e-05,7.292831918872252e-05,0.1367750864734973,0.1534432195850533,1.456999997942073,EEG61,P8,delta,W4,0.0303231288881845,9248,0.9248075192480752,1.0,0.9852069463869568,0.996296827095842,0.9844848848448488,1.0,0.9706029397060294,0.9358064193580642,1.0,False,False,False,False,False
feature,TARGET__OC__MSPSS__EEG5,OC,MSPSS,MSPSS_total,HAMILTON_LOG1P,Escala Hamilton,continuous,mayor sintomatología,none,new_W_clinical,134,1,,,134,130,-0.1678613109765906,0.0865459929567236,-1.939561905084708,0.0545988254302078,0.1133871521260329,-1.480426201991635,0.1411790362861756,0.028531807644105,0.0004197571400043,0.0281120505041007,0.0289376952588911,0.1959507905351048,-0.1397718314180765,1.2500048728607904,EEG5,Fp2,delta,W4,0.0308392371721907,534,0.0534946505349465,1.0,0.6589513413990598,0.8856127534210265,0.6540725237821046,1.0,0.9706029397060294,0.3744625537446255,0.56994300569943,False,False,False,False,False
feature,TARGET__OC__MSPSS__EEG6,OC,MSPSS,MSPSS_total,HAMILTON_LOG1P,Escala Hamilton,continuous,mayor sintomatología,none,new_W_clinical,134,1,,,134,130,-0.0864340868372191,0.0885050396491961,-0.9766007357300164,0.3305806777148035,0.0728614101273921,-1.1862807305828462,0.2376749912532073,0.0220369731421935,0.0148621173268358,0.0071748558153577,0.0073365307463723,0.1884953813392656,0.0156272076648273,1.3178864947466162,EEG6,Fp2,theta,W4,0.0341492186828345,3240,0.3240675932406759,1.0,0.9240553659651414,0.9184859084636012,0.9118465316098148,1.0,0.9706029397060294,0.6411358864113589,0.9964003599640036,False,False,False,False,False
feature,TARGET__OC__MSPSS__EEG54,OC,MSPSS,MSPSS_total,HAMILTON_LOG1P,Escala Hamilton,continuous,mayor sintomatología,none,new_W_clinical,134,1,,,134,130,0.044010468001385,0.0842138710196875,0.5226035505611211,0.602139655482224,0.0825674373337132,0.5330245121149594,0.5949266442260385,0.0388475615844036,0.0368282951242109,0.0020192664601926,0.0021008805466085,0.1585076914639227,0.2465286274666927,1.3372500137039798,EEG54,T8,theta,W4,0.0343992826654235,5930,0.593040695930407,1.0,0.936442424062965,0.9886247647640076,0.9275621110455328,1.0,0.9706029397060294,0.7342804181120349,1.0,False,False,False,False,False
feature,TARGET__OC__MSPSS__EEG58,OC,MSPSS,MSPSS_total,HAMILTON_LOG1P,Escala Hamilton,continuous,mayor sintomatología,none,new_W_clinical,134,1,,,134,130,-0.0494969209549879,0.0835450699650377,-0.5924577114568411,0.5545732426195584,0.0675585548277528,-0.7326521575422263,0.4650895583646457,0.0325037391893312,0.029891453590557,0.0026122855987742,0.0027000472297282,0.209337615214966,0.1103437733049901,1.3304968218505058,EEG58,P7,theta,W4,0.0345495111494009,5477,0.5477452254774523,1.0,0.936442424062965,0.973689025705312,0.9275621110455328,1.0,0.9706029397060294,0.8520481285204813,1.0,False,False,False,False,False
feature,TARGET__OC__MSPSS__EEG57,OC,MSPSS,MSPSS_total,HAMILTON_LOG1P,Escala Hamilton,continuous,mayor sintomatología,none,new_W_clinical,134,1,,,134,130,-0.0204729808055198,0.0837815631753448,-0.2443614087585401,0.807336184208868,0.0835870063734964,-0.2449301834550617,0.8068966915880443,0.0145016001503801,0.0140489342171555,0.0004526659332245,0.0004593269083883,0.132908436844959,0.0919624752339192,1.4032403472144253,EEG57,P7,delta,W4,0.0347741004973604,8050,0.805019498050195,1.0,0.9827782335685468,0.996296827095842,0.9792965340144184,1.0,0.9706029397060294,0.866944074823287,1.0,False,False,False,False,False
feature,TARGET__OC__MSPSS__EEG13,OC,MSPSS,MSPSS_total,HAMILTON_LOG1P,Escala Hamilton,continuous,mayor sintomatología,none,new_W_clinical,134,1,,,134,130,-0.0784233887148443,0.0872420253809667,-0.8989175614892784,0.3703585576759023,0.1126000574761059,-0.6964773417765443,0.4873733856724092,0.0578450341373175,0.0519887961252112,0.0058562380121063,0.006215790633491,0.2913045558676223,0.1344577784379335,1.3269889413512832,EEG13,F4,delta,W4,0.0347749067907123,3692,0.3692630736926307,1.0,0.9240553659651414,0.973689025705312,0.9118465316098148,1.0,0.9706029397060294,0.8616138386161384,0.9983001699830018,False,False,False,False,False
feature,TARGET__OC__MSPSS__EEG10,OC,MSPSS,MSPSS_total,HAMILTON_LOG1P,Escala Hamilton,continuous,mayor sintomatología,none,new_W_clinical,134,1,,,134,130,-0.0233792876850327,0.0837604463289621,-0.279120858468358,0.7805956300377989,0.083143575979219,-0.2811917506516216,0.7790103973146212,0.0469997020998972,0.0464285730266638,0.0005711290732334,0.0005992957971701,0.2333997728295267,0.1866411974594613,1.3195857652091334,EEG10,F3,theta,W4,0.0347846023678833,7863,0.7863213678632137,1.0,0.9827782335685468,0.996296827095842,0.9792965340144184,1.0,0.9706029397060294,0.9173749291737494,1.0,False,False,False,False,False
feature,TARGET__OC__MSPSS__EEG18,OC,MSPSS,MSPSS_total,HAMILTON_LOG1P,Escala Hamilton,continuous,mayor sintomatología,none,new_W_clinical,134,1,,,134,130,0.0292451787958072,0.0847204349835804,0.3451962776333145,0.7305047177715349,0.0769627428524719,0.3799913790997108,0.7045719091864893,0.0327726172637479,0.0318860382667279,0.0008865789970199,0.0009166190007067,0.1535687508564012,0.2120591084480157,1.2300661460254307,EEG18,C3,theta,W4,0.0358267801609531,7294,0.7294270572942706,1.0,0.970198685312858,0.996296827095842,0.9668278455173352,1.0,0.9706029397060294,0.8509982335099824,1.0,False,False,False,False,False
feature,TARGET__OC__MSPSS__EEG22,OC,MSPSS,MSPSS_total,HAMILTON_LOG1P,Escala Hamilton,continuous,mayor sintomatología,none,new_W_clinical,134,1,,,134,130,-0.0232465194396963,0.0841632237455841,-0.2762075691155545,0.7828272646876016,0.0717666947184993,-0.3239179333934689,0.7465207168162952,0.0320383369977587,0.031470287793114,0.0005680492046447,0.0005868509325904,0.1971368586421284,0.1506438197627358,1.2686045445405243,EEG22,C4,theta,W4,0.0364824153601674,7855,0.7855214478552145,1.0,0.9827782335685468,0.996296827095842,0.9792965340144184,1.0,0.9706029397060294,0.8051194880511949,1.0,False,False,False,False,False
feature,TARGET__OC__MSPSS__EEG30,OC,MSPSS,MSPSS_total,HAMILTON_LOG1P,Escala Hamilton,continuous,mayor sintomatología,none,new_W_clinical,134,1,,,134,130,-0.0078381397601306,0.0838507741546255,-0.0934772497827706,0.9256683353597775,0.0746208404608934,-0.1050395534507328,0.9165063184999922,0.0238726156850133,0.023807004935774,6.561074923927546e-05,6.721535559144145e-05,0.1599343486121118,0.1442580690918506,1.346496965486905,EEG30,P4,theta,W4,0.0367556740163888,9258,0.9258074192580742,1.0,0.9852069463869568,0.996296827095842,0.9844848848448488,1.0,0.9706029397060294,0.9970233745856184,1.0,False,False,False,False,False
feature,TARGET__OC__MSPSS__EEG53,OC,MSPSS,MSPSS_total,HAMILTON_LOG1P,Escala Hamilton,continuous,mayor sintomatología,none,new_W_clinical,134,1,,,134,130,0.0429343494035561,0.0911706836077016,0.4709227539446601,0.6384851430372678,0.0773175854166517,0.555298631898423,0.5796447093533037,0.0124486267933261,0.0107639534846634,0.0016846733086627,0.0017059095398677,0.0670526943645877,0.1529213931717001,1.251206227404288,EEG53,T8,delta,W4,0.0369640002416077,6344,0.6344365563443656,1.0,0.9409254739496578,0.9886247647640076,0.9369316232933668,1.0,0.9706029397060294,0.8792287437922875,1.0,False,False,False,False,False
feature,TARGET__OC__MSPSS__EEG1,OC,MSPSS,MSPSS_total,HAMILTON_LOG1P,Escala Hamilton,continuous,mayor sintomatología,none,new_W_clinical,134,1,,,134,130,-0.1589832182893041,0.096428874420996,-1.648709675850866,0.101621738014044,0.1203901118277552,-1.3205670787710946,0.1889658898118651,0.0272833419760716,0.0069442587017564,0.0203390832743152,0.0209095661172638,0.2449296502637304,-0.0730367863148778,1.173884254292052,EEG1,Fp1,delta,W4,0.0371765040761449,1010,0.1010898910108989,1.0,0.9238339819458552,0.9094288929128624,0.9118465316098148,1.0,0.9706029397060294,0.6250374962503751,0.783021697830217,False,False,False,False,False
feature,TARGET__OC__MSPSS__EEG46,OC,MSPSS,MSPSS_total,HAMILTON_LOG1P,Escala Hamilton,continuous,mayor sintomatología,none,new_W_clinical,134,1,,,134,130,0.0097675557299327,0.0865639399852163,0.112836311882302,0.9103343858512696,0.0809924708864541,0.1205983176340698,0.9041953950309324,0.0546860009923751,0.0545934181516472,9.258284072799494e-05,9.793871753215004e-05,0.2250400551057078,0.2445751665655732,1.233024173105759,EEG46,F8,theta,W4,0.037300816525276,9083,0.9083091690830916,1.0,0.9852069463869568,0.996296827095842,0.9844848848448488,1.0,0.9706029397060294,0.9781791051664064,1.0,False,False,False,False,False
feature,TARGET__OC__MSPSS__EEG9,OC,MSPSS,MSPSS_total,HAMILTON_LOG1P,Escala Hamilton,continuous,mayor sintomatología,none,new_W_clinical,134,1,,,134,130,-0.0236286458782356,0.0858463504114535,-0.2752434525752791,0.7835661954667755,0.0942513823000539,-0.2506981362142013,0.8024432968470369,0.0346968086839307,0.0341342674215671,0.0005625412623636,0.0005827612168117,0.2031681268185655,0.1559108350620941,1.3119337344732105,EEG9,F3,delta,W4,0.0373805689785554,7858,0.7858214178582141,1.0,0.9827782335685468,0.996296827095842,0.9792965340144184,1.0,0.9706029397060294,0.9167916541679164,1.0,False,False,False,False,False
feature,TARGET__OC__MSPSS__EEG38,OC,MSPSS,MSPSS_total,HAMILTON_LOG1P,Escala Hamilton,continuous,mayor sintomatología,none,new_W_clinical,134,1,,,134,130,-0.0058367587523449,0.0850772100062748,-0.0686054320765153,0.945409106717271,0.0733200673703193,-0.0796065655922691,0.9366725867434836,0.0428977854489265,0.0428631331560355,3.4652292891013126e-05,3.620542546468425e-05,0.2123604116029524,0.2006868940982626,1.171135905729472,EEG38,O2,theta,W4,0.0381984113175509,9440,0.944005599440056,1.0,0.9877408577643128,0.996296827095842,0.9844848848448488,1.0,0.9706029397060294,0.944005599440056,1.0,False,False,False,False,False
feature,TARGET__OC__MSPSS__EEG14,OC,MSPSS,MSPSS_total,HAMILTON_LOG1P,Escala Hamilton,continuous,mayor sintomatología,none,new_W_clinical,134,1,,,134,130,-0.0671306010877231,0.0852264509471764,-0.78767331434851,0.4323216288690833,0.0756107693195649,-0.8878444392491133,0.3762641529727976,0.0467014097132804,0.0421517610246031,0.0045496486886772,0.0047725326933598,0.2576674498452759,0.1234062476698295,1.3108324634401387,EEG14,F4,theta,W4,0.0385821877448471,4268,0.4268573142685731,1.0,0.936442424062965,0.9577632984762122,0.9245162440277712,1.0,0.9706029397060294,0.653949989616423,0.9997000299970004,False,False,False,False,False
feature,TARGET__OC__MSPSS__EEG2,OC,MSPSS,MSPSS_total,HAMILTON_LOG1P,Escala Hamilton,continuous,mayor sintomatología,none,new_W_clinical,134,1,,,134,130,-0.0588044230948145,0.0937386659305195,-0.6273230209868921,0.5315477911626506,0.0819141416536157,-0.7178787680334423,0.4741201288304314,0.0298474917992106,0.0269106597632957,0.0029368320359148,0.0030271859435393,0.2091889616590856,0.0915801154694565,1.313783291249265,EEG2,Fp1,theta,W4,0.0390269244562189,5316,0.5316468353164684,1.0,0.936442424062965,0.973689025705312,0.9275621110455328,1.0,0.9706029397060294,0.7931373529313736,1.0,False,False,False,False,False
feature,TARGET__OC__MSPSS__EEG17,OC,MSPSS,MSPSS_total,HAMILTON_LOG1P,Escala Hamilton,continuous,mayor sintomatología,none,new_W_clinical,134,1,,,134,130,-0.009817777293067,0.0894721765010128,-0.1097299482030135,0.912792756261816,0.0729496589991189,-0.134582908649177,0.8931497988177173,0.0167383497394625,0.01664727958001,9.107015945253316e-05,9.262047332813404e-05,0.1374499591425443,0.1178144045564103,1.219532993474297,EEG17,C3,delta,W4,0.0392538879333417,9134,0.9134086591340866,1.0,0.9852069463869568,0.996296827095842,0.9844848848448488,1.0,0.9706029397060294,0.9202079792020798,1.0,False,False,False,False,False
feature,TARGET__OC__MSPSS__EEG21,OC,MSPSS,MSPSS_total,HAMILTON_LOG1P,Escala Hamilton,continuous,mayor sintomatología,none,new_W_clinical,134,1,,,134,130,-0.0719028713784551,0.0847468405521778,-0.8484430913289949,0.3977507955630344,0.0809557471210079,-0.8881750083904353,0.3760870045305601,0.0205330214705146,0.0151093686466169,0.0054236528238976,0.0055373513786451,0.1759369443692042,0.0321312016122938,1.367113086469602,EEG21,C4,delta,W4,0.0394069913028541,3970,0.3970602939706029,1.0,0.936442424062965,0.9577632984762122,0.9245162440277712,1.0,0.9706029397060294,0.8879778688797786,0.999000099990001,False,False,False,False,False
feature,TARGET__OC__MSPSS__EEG50,OC,MSPSS,MSPSS_total,HAMILTON_LOG1P,Escala Hamilton,continuous,mayor sintomatología,none,new_W_clinical,134,1,,,134,130,0.0127740267508679,0.080866663564961,0.1579640631594304,0.8747302210901051,0.0864179564243298,0.1478168112208629,0.8827163624085496,0.0450143669471644,0.0448310637339316,0.0001833032132327,0.0001919434249987,0.2007481797549872,0.226296233256723,1.227508682288137,EEG50,T7,theta,W4,0.039647610447041,8767,0.8767123287671232,1.0,0.9827782335685468,0.996296827095842,0.9811280018494966,1.0,0.9706029397060294,0.9383061693830616,1.0,False,False,False,False,False
feature,TARGET__OC__MSPSS__EEG42,OC,MSPSS,MSPSS_total,HAMILTON_LOG1P,Escala Hamilton,continuous,mayor sintomatología,none,new_W_clinical,134,1,,,134,130,-0.0399272978942135,0.0790483658934403,-0.5050995987448598,0.6143441042354731,0.0700739097394691,-0.5697883569314319,0.5698045840989213,0.0482791834724535,0.0464114269434018,0.0018677565290516,0.0019625046511711,0.2527873259864948,0.1729327301980676,1.1764729329958694,EEG42,F7,theta,W4,0.0403006852011876,6158,0.6158384161583842,1.0,0.936442424062965,0.9886247647640076,0.9311462016191544,1.0,0.9706029397060294,0.9246075392460754,1.0,False,False,False,False,False
feature,TARGET__OC__MSPSS__EEG26,OC,MSPSS,MSPSS_total,HAMILTON_LOG1P,Escala Hamilton,continuous,mayor sintomatología,none,new_W_clinical,134,1,,,134,130,-0.0353586367501654,0.0846170859128506,-0.4178663962332882,0.6767341943575085,0.0674702393360024,-0.5240627141409573,0.6011272776017073,0.0222696185570505,0.0209563587476224,0.001313259809428,0.0013431717315462,0.1711824366944359,0.100465163194105,1.3384471754119154,EEG26,P3,theta,W4,0.0403167916358557,6720,0.672032796720328,1.0,0.9570681755329546,0.9891728224328948,0.9505274372161178,1.0,0.9706029397060294,0.9086168306246298,1.0,False,False,False,False,False
feature,TARGET__OC__MSPSS__EEG34,OC,MSPSS,MSPSS_total,HAMILTON_LOG1P,Escala Hamilton,continuous,mayor sintomatología,none,new_W_clinical,134,1,,,134,130,-0.0468750530838557,0.0854423451140961,-0.5486161811366579,0.5842098459623993,0.0712136389760706,-0.6582313972132058,0.5115534474385831,0.037254363661325,0.0350253874576533,0.0022289762036716,0.0023152285708076,0.2235848085226603,0.1298347023549488,1.2932099370283625,EEG34,O1,theta,W4,0.0410297253297877,5768,0.5768423157684232,1.0,0.936442424062965,0.973689025705312,0.9275621110455328,1.0,0.9706029397060294,0.7384897873848979,1.0,False,False,False,False,False
feature,TARGET__OC__MSPSS__EEG45,OC,MSPSS,MSPSS_total,HAMILTON_LOG1P,Escala Hamilton,continuous,mayor sintomatología,none,new_W_clinical,134,1,,,134,130,0.0305350342382552,0.0961570273018606,0.3175538501455363,0.7513328637925458,0.0797093613418128,0.3830796499210895,0.7022863903612067,0.0440714308451969,0.0433299211150185,0.0007415097301783,0.0007756957518635,0.1764004534048847,0.2374705218813953,1.4034450701755523,EEG45,F8,delta,W4,0.0433332040268562,7530,0.7530246975302469,1.0,0.9798446861877692,0.996296827095842,0.9765811739993884,1.0,0.9706029397060294,0.9927007299270072,1.0,False,False,False,False,False
feature,TARGET__OC__MSPSS__EEG33,OC,MSPSS,MSPSS_total,HAMILTON_LOG1P,Escala Hamilton,continuous,mayor sintomatología,none,new_W_clinical,134,1,,,134,130,-0.0215020110482857,0.0876999677427834,-0.2451769550400446,0.8067060301780314,0.0751147182668935,-0.2862556306459937,0.7751380108954214,0.0214277858645762,0.0209752960353036,0.0004524898292725,0.0004623979944825,0.1602520125303559,0.1172479904337844,1.3902563581577758,EEG33,O1,delta,W4,0.044927486351673,8066,0.8066193380661933,1.0,0.9827782335685468,0.996296827095842,0.9792965340144184,1.0,0.9706029397060294,0.9922007799220078,1.0,False,False,False,False,False
feature,TARGET__OC__MSPSS__EEG49,OC,MSPSS,MSPSS_total,HAMILTON_LOG1P,Escala Hamilton,continuous,mayor sintomatología,none,new_W_clinical,134,1,,,134,130,-0.0513890611380908,0.0896772110928736,-0.5730448183192283,0.5676042297831604,0.080780380457214,-0.6361577012540743,0.5257920738808685,0.0218126149171079,0.0193417108449499,0.0024709040721579,0.0025260027984807,0.18257368771946,0.0797955654432783,1.2500651239813931,EEG49,T7,delta,W4,0.04614990038853,5666,0.5666433356664333,1.0,0.936442424062965,0.973689025705312,0.9275621110455328,1.0,0.9706029397060294,0.7615238476152385,1.0,False,False,False,False,False
feature,TARGET__OC__MSPSS__EEG25,OC,MSPSS,MSPSS_total,HAMILTON_LOG1P,Escala Hamilton,continuous,mayor sintomatología,none,new_W_clinical,134,1,,,134,130,-0.0465248372372391,0.0824503521788942,-0.5642769983115811,0.5735378978291947,0.0671788165875815,-0.6925522002398539,0.4898258830687745,0.0066026787853997,0.0041695543117693,0.0024331244736304,0.0024492963909501,0.1019834107543297,0.0089337362798514,1.3088893373129022,EEG25,P3,delta,W4,0.0477275509808306,5735,0.5735426457354265,1.0,0.936442424062965,0.973689025705312,0.9275621110455328,1.0,0.9706029397060294,0.8677732226777323,1.0,False,False,False,False,False
feature,TARGET__OC__MSPSS__EEG37,OC,MSPSS,MSPSS_total,HAMILTON_LOG1P,Escala Hamilton,continuous,mayor sintomatología,none,new_W_clinical,134,1,,,134,130,0.0434898518728782,0.0906912194556926,0.4795376237511646,0.6323619653900514,0.0761434039182583,0.5711571802012632,0.5688791842809418,0.0356576139322735,0.033951793636396,0.0017058202958775,0.0017688948660996,0.1494816021848019,0.2364613059305584,1.3260112909541022,EEG37,O2,delta,W4,0.0480635496317914,6259,0.6259374062593741,1.0,0.9378249486716864,0.9886247647640076,0.932247200811834,1.0,0.9706029397060294,0.967903209679032,1.0,False,False,False,False,False
feature,TARGET__OC__MSPSS__EEG29,OC,MSPSS,MSPSS_total,HAMILTON_LOG1P,Escala Hamilton,continuous,mayor sintomatología,none,new_W_clinical,134,1,,,134,130,-0.0373080522126068,0.0844664836912161,-0.4416906041571916,0.6594469425899122,0.0761080850788163,-0.4901982775413568,0.6248199004272936,0.0069391819666199,0.0054488987304808,0.001490283236139,0.0015006968446206,0.100403718649736,0.0257876142245224,1.4157680957565626,EEG29,P4,delta,W4,0.0493899977715527,6606,0.6606339366063394,1.0,0.9532140810608452,0.9891728224328948,0.9495765002555188,1.0,0.9706029397060294,0.8344332233443322,1.0,False,False,False,False,False
feature,TARGET__OA__MSPSS__EEG62,OA,MSPSS,MSPSS_total,HAMILTON_LOG1P,Escala Hamilton,continuous,mayor sintomatología,none,new_W_clinical,134,1,,,134,130,0.0221179802741156,0.081498123129267,0.2713925109543139,0.7865196480178138,0.0822059767047786,0.2690556229694419,0.7883134268179488,0.0627318748920808,0.0622008483684233,0.0005310265236575,0.0005665684230928,0.2352075983721311,0.2794435589203624,1.458791469826019,EEG62,P8,theta,W4,0.0492521790867692,7829,0.7829217078292171,1.0,0.9827782335685468,0.996296827095842,0.9792965340144184,1.0,0.9706029397060294,0.9134086591340866,1.0,False,False,False,False,False
feature,TARGET__OA__MSPSS__EEG61,OA,MSPSS,MSPSS_total,HAMILTON_LOG1P,Escala Hamilton,continuous,mayor sintomatología,none,new_W_clinical,134,1,,,134,130,0.0033956202179822,0.0898911486284799,0.0377748006315549,0.9699251825650748,0.0763809549040775,0.0444563729564086,0.9646088414099582,0.0237873002423112,0.0237765849144797,1.071532783147866e-05,1.0976427405767589e-05,0.1514643585398535,0.158255598975818,1.2974355567268898,EEG61,P8,delta,W4,0.0497293732930649,9706,0.9706029397060294,1.0,0.994066804971526,0.9965523916828825,0.9947614316167211,1.0,0.9706029397060294,0.9777022297770224,1.0,False,False,False,False,False
feature,TARGET__DELTA_OC_MINUS_OA__MSPSS__EEG43,DELTA_OC_MINUS_OA,MSPSS,MSPSS_total,HAMILTON_LOG1P,Escala Hamilton,continuous,mayor sintomatología,none,new_W_clinical,134,1,,,134,130,-0.0941809888100313,0.0850060641455391,-1.1079325899477444,0.2699365931801761,0.0960054074979256,-0.9809967090871028,0.3284165091158909,0.0281233206312455,0.0189464526580016,0.0091768679732439,0.0094424201836023,-0.0388336064115215,-0.2271955840315841,1.085271235928453,EEG43,F7,alpha,W3,0.0076950147436451,2697,0.2697730226977302,1.0,0.9240553659651414,0.9488919985621757,0.9118465316098148,1.0,0.9706029397060294,0.5349215078492151,0.9865013498650136,False,False,False,False,False
feature,TARGET__DELTA_OC_MINUS_OA__MSPSS__EEG23,DELTA_OC_MINUS_OA,MSPSS,MSPSS_total,HAMILTON_LOG1P,Escala Hamilton,continuous,mayor sintomatología,none,new_W_clinical,134,1,,,134,130,-0.0450902620972254,0.0786373696221509,-0.5733948415859043,0.5673679681453118,0.0960391141299965,-0.4694989380700889,0.6394995672296462,0.0346406424450912,0.0321991621606865,0.0024414802844047,0.0025290895719792,-0.1294761754791665,-0.2196566996736174,1.22204759088336,EEG23,C4,alpha,W3 | W4,0.0084238953858853,5609,0.5609439056094391,1.0,0.936442424062965,0.9904563066260232,0.9275621110455328,1.0,0.9706029397060294,0.8465335284653354,1.0,False,False,False,False,False
feature,TARGET__DELTA_OC_MINUS_OA__MSPSS__EEG45,DELTA_OC_MINUS_OA,MSPSS,MSPSS_total,HAMILTON_LOG1P,Escala Hamilton,continuous,mayor sintomatología,none,new_W_clinical,134,1,,,134,130,-0.0669747828284471,0.0827970117759537,-0.8089033817993206,0.4200486661982117,0.0777900692520535,-0.8609682890426156,0.3908406822110795,0.0072289573192907,0.0022320758124153,0.0049968815068753,0.0050332667775871,0.1171875939817193,-0.0167619716751749,1.1766592168650996,EEG45,F8,delta,W2,0.0094547706672181,4245,0.4245575442455754,1.0,0.936442424062965,0.9594215456082604,0.9245162440277712,1.0,0.9706029397060294,0.7000855470008553,0.9996000399960004,False,False,False,False,False
feature,TARGET__DELTA_OC_MINUS_OA__MSPSS__EEG55,DELTA_OC_MINUS_OA,MSPSS,MSPSS_total,HAMILTON_LOG1P,Escala Hamilton,continuous,mayor sintomatología,none,new_W_clinical,134,1,,,134,130,-0.0512193809485981,0.0791139300503344,-0.6474129260929262,0.5185063656274767,0.0988089595504942,-0.5183677794160311,0.6050828567653389,0.0824161704235879,0.0794577143081876,0.0029584561154003,0.0032241807451708,-0.2353279862094976,-0.3377667481066939,1.1567316053025314,EEG55,T8,alpha,W3,0.015348005968504,5177,0.5177482251774822,1.0,0.936442424062965,0.9891728224328948,0.9275621110455328,1.0,0.9706029397060294,0.7542700275427002,1.0,False,False,False,False,False
feature,TARGET__DELTA_OC_MINUS_OA__MSPSS__EEG51,DELTA_OC_MINUS_OA,MSPSS,MSPSS_total,HAMILTON_LOG1P,Escala Hamilton,continuous,mayor sintomatología,none,new_W_clinical,134,1,,,134,130,-0.0821801222213892,0.0920932626119617,-0.8923575937108248,0.373850102270638,0.1145415410542644,-0.7174700241064167,0.4743713611093499,0.0177123734513507,0.0116954682565816,0.0060169051947691,0.006125400577334,-0.0199321115389609,-0.1842923559817393,1.1822944870943772,EEG51,T7,alpha,W2,0.0328030420497389,3712,0.3712628737126287,1.0,0.9240553659651414,0.973689025705312,0.9118465316098148,1.0,0.9706029397060294,0.6497100289971003,0.9983001699830018,False,False,False,False,False
feature,TARGET__DELTA_OC_MINUS_OA__BAI__EEG8,DELTA_OC_MINUS_OA,BAI,STAI_Trait_Anxiety,HAMILTON_LOG1P,Escala Hamilton,continuous,mayor sintomatología,none,new_W_clinical,134,1,,,134,130,-0.0037290800493474,0.0953956029715087,-0.0390906911135221,0.9688780506565916,0.1094451046702945,-0.0340726070899321,0.9728715124565176,0.02982403844022,0.0298126345282853,1.140391193477086e-05,1.1754477936596637e-05,0.0543402266488494,0.0468820665501546,1.3066285517429408,EEG8,Fp2,beta,W4,0.0343388639933498,9668,0.9668033196680332,1.0,0.994066804971526,0.9965523916828825,0.9947614316167211,1.0,0.9706029397060294,0.9868013198680132,1.0,False,False,False,False,False
feature,TARGET__DELTA_OC_MINUS_OA__MSPSS__EEG11,DELTA_OC_MINUS_OA,MSPSS,MSPSS_total,HAMILTON_LOG1P,Escala Hamilton,continuous,mayor sintomatología,none,new_W_clinical,134,1,,,134,130,-0.0803859281951125,0.0831071379080203,-0.9672566065754848,0.3352117975484256,0.0923733069029783,-0.870228975125289,0.3857793266323683,0.038430339994448,0.0315101055318325,0.0069202344626154,0.0071968103304918,-0.0965734211761149,-0.25734527756634,1.069627110263133,EEG11,F3,alpha,W3,0.0345540481569964,3389,0.338966103389661,1.0,0.9240553659651414,0.9594215456082604,0.9118465316098148,1.0,0.9706029397060294,0.6779322067793221,0.9968003199680032,False,False,False,False,False
feature,TARGET__DELTA_OC_MINUS_OA__MSPSS__EEG7,DELTA_OC_MINUS_OA,MSPSS,MSPSS_total,HAMILTON_LOG1P,Escala Hamilton,continuous,mayor sintomatología,none,new_W_clinical,134,1,,,134,130,-0.0781096684981816,0.0842897609514831,-0.9266803893671164,0.3558096974086638,0.0944875343757413,-0.8266663852987093,0.4099408932675719,0.0793887446770209,0.073307494463189,0.0060812502138318,0.0066056657233659,-0.1870969331274244,-0.3433162701237876,1.0798236200403144,EEG7,Fp2,alpha,W2,0.0346170182546974,3611,0.3611638836116388,1.0,0.9240553659651414,0.9594215456082604,0.9118465316098148,1.0,0.9706029397060294,0.7783221677832217,0.998100189981002,False,False,False,False,False
feature,TARGET__DELTA_OC_MINUS_OA__MSPSS__EEG59,DELTA_OC_MINUS_OA,MSPSS,MSPSS_total,HAMILTON_LOG1P,Escala Hamilton,continuous,mayor sintomatología,none,new_W_clinical,134,1,,,134,130,-0.0734467772861407,0.0812549498462716,-0.9039052688494248,0.3677176056780993,0.0820191243205969,-0.8954835581888375,0.3721837444041396,0.0696061257857952,0.0637586379669262,0.005847487818869,0.0062849595004134,-0.1721933161321697,-0.3190868707044512,1.1497566172045863,EEG59,P7,alpha,W3,0.0405515036123669,3748,0.3748625137486251,1.0,0.9240553659651414,0.9558285858859924,0.9118465316098148,1.0,0.9706029397060294,0.7497250274972502,0.9983001699830018,False,False,False,False,False
feature,TARGET__DELTA_OC_MINUS_OA__MSPSS__EEG31,DELTA_OC_MINUS_OA,MSPSS,MSPSS_total,HAMILTON_LOG1P,Escala Hamilton,continuous,mayor sintomatología,none,new_W_clinical,134,1,,,134,130,-0.0126692024484554,0.0822131921422954,-0.1541018189213166,0.8777684287980057,0.0894905916665278,-0.141570216628639,0.8876386464328311,0.0444508625600065,0.0442763104100958,0.0001745521499106,0.0001826720814989,-0.1970322376134225,-0.2223706425103334,1.1082339433164987,EEG31,P4,alpha,W3,0.0409085023412764,8801,0.8801119888011198,1.0,0.9827782335685468,0.996296827095842,0.9811280018494966,1.0,0.9706029397060294,0.8801119888011198,1.0,False,False,False,False,False
feature,TARGET__DELTA_OC_MINUS_OA__BAI__EEG4,DELTA_OC_MINUS_OA,BAI,STAI_Trait_Anxiety,HAMILTON_LOG1P,Escala Hamilton,continuous,mayor sintomatología,none,new_W_clinical,134,1,,,134,130,0.0075208401938942,0.0904044275920573,0.0831910603740714,0.9338275832084464,0.1101256688472079,0.0682932532680357,0.945657124656444,0.0277095013267572,0.0276577399273351,5.1761399422090015e-05,5.323655789367684e-05,-0.0265482253708367,-0.0115065449830483,1.2210152831764578,EEG4,Fp1,beta,W4,0.0411042368767334,9363,0.9363063693630636,1.0,0.9869678345794248,0.996296827095842,0.9844848848448488,1.0,0.9706029397060294,0.9363063693630636,1.0,False,False,False,False,False
feature,TARGET__DELTA_OC_MINUS_OA__BAI__EEG59,DELTA_OC_MINUS_OA,BAI,STAI_Trait_Anxiety,HAMILTON_LOG1P,Escala Hamilton,continuous,mayor sintomatología,none,new_W_clinical,134,1,,,134,130,0.1052352173343025,0.0805833290570327,1.305917967968567,0.1938865810813358,0.0823678860997896,1.2776243547978017,0.2036587681720979,0.0849230855353562,0.0729185312057959,0.0120045543295602,0.0131186287620242,0.0983004966209833,0.3087709312895884,1.1497566172045863,EEG59,P7,alpha,W4,0.0416182735950191,1925,0.1925807419258074,1.0,0.9240553659651414,0.9094288929128624,0.9118465316098148,1.0,0.9706029397060294,0.6096390360963904,0.948005199480052,False,False,False,False,False
feature,TARGET__DELTA_OC_MINUS_OA__MSPSS__EEG39,DELTA_OC_MINUS_OA,MSPSS,MSPSS_total,HAMILTON_LOG1P,Escala Hamilton,continuous,mayor sintomatología,none,new_W_clinical,134,1,,,134,130,-0.041115580616861,0.0840308625325692,-0.4892914267174779,0.6254599383076598,0.0861855542077912,-0.4770588411804187,0.6341212192077352,0.0430952670642116,0.0413330452916596,0.001762221772552,0.0018415853866095,-0.165984443516954,-0.2482156047506761,1.1044670779411805,EEG39,O2,alpha,W3,0.0454113384125685,6225,0.6225377462253775,1.0,0.936442424062965,0.9891728224328948,0.9311462016191544,1.0,0.9706029397060294,0.7843882278438823,1.0,False,False,False,False,False
feature,TARGET__DELTA_OC_MINUS_OA__BAI__EEG3,DELTA_OC_MINUS_OA,BAI,STAI_Trait_Anxiety,HAMILTON_LOG1P,Escala Hamilton,continuous,mayor sintomatología,none,new_W_clinical,134,1,,,134,130,0.0447556036067291,0.0837488334429157,0.5344027106626527,0.5939757009828103,0.1033839352636815,0.4329067518331514,0.6657998863407946,0.0617200099327521,0.0596587801594076,0.0020612297733445,0.0021968173627968,0.1305734370979999,0.2200846443114583,1.1093487566593434,EEG3,Fp1,alpha,W2,0.0459919248789558,5967,0.5967403259674032,1.0,0.936442424062965,0.9937311736429768,0.9275621110455328,1.0,0.9706029397060294,0.6593340665933406,1.0,False,False,False,False,False
feature,TARGET__DELTA_OC_MINUS_OA__BAI__EEG12,DELTA_OC_MINUS_OA,BAI,STAI_Trait_Anxiety,HAMILTON_LOG1P,Escala Hamilton,continuous,mayor sintomatología,none,new_W_clinical,134,1,,,134,130,-0.0547801873680644,0.1244102194958914,-0.4403190315878632,0.6604373152816899,0.1359779696621568,-0.402860753871882,0.6877124016115943,0.030860343317082,0.0294149770094063,0.0014453663076757,0.0014913911506034,0.1046534145575639,-0.0049069601785648,1.4921259192315377,EEG12,F3,beta,W4,0.0478588951311882,6597,0.6597340265973403,1.0,0.9532140810608452,0.996296827095842,0.9495765002555188,1.0,0.9706029397060294,0.7104827978740588,1.0,False,False,False,False,False
feature,TARGET__DELTA_OC_MINUS_OA__MSPSS__EEG36,DELTA_OC_MINUS_OA,MSPSS,MSPSS_total,HAMILTON_LOG1P,Escala Hamilton,continuous,mayor sintomatología,none,new_W_clinical,134,1,,,134,130,-0.0049074620419203,0.0851787942644219,-0.0576136594125303,0.9541448313325798,0.0959555364274823,-0.0511430838139201,0.9592900046011784,0.0125890359578424,0.0125638240613888,2.521189645354749e-05,2.5533336545441747e-05,-0.1072094403638024,-0.1170243644476432,1.1450290677714876,EEG36,O1,beta,W5,0.0490054593140692,9541,0.954104589541046,1.0,0.989483528789342,0.9965523916828825,0.988276357002409,1.0,0.9706029397060294,0.954104589541046,1.0,False,False,False,False,False
feature,TARGET__DELTA_OC_MINUS_OA__MSPSS__EEG19,DELTA_OC_MINUS_OA,MSPSS,MSPSS_total,HAMILTON_LOG1P,Escala Hamilton,continuous,mayor sintomatología,none,new_W_clinical,134,1,,,134,130,0.0290390973651219,0.0848519662821601,0.3422324624577064,0.7327286245911068,0.1189094187894694,0.2442119191292661,0.8074517051703907,0.0655808768969541,0.0647390151624325,0.0008418617345216,0.0009009466027684,-0.2899839831437671,-0.2319057884135232,1.2556591328984223,EEG19,C3,alpha,W3,0.0494633433241626,7257,0.7257274272572742,1.0,0.970198685312858,0.996296827095842,0.9639643246301556,1.0,0.9706029397060294,0.8465153484651535,1.0,False,False,False,False,False
feature,TARGET__OC__MSPSS__EEG62,OC,MSPSS,MSPSS_total,BSL23_SUM_LOG1P,BSL-23 suma,continuous,mayor sintomatología,none,new_W_clinical,108,27,,,108,104,-0.0370990198326645,0.1039198341855073,-0.3569965264420947,0.7218177554242153,0.0991700241064504,-0.3740950974544682,0.7090951783180528,0.1616770230335587,0.1606497023993313,0.0010273206342273,0.0012254473066512,0.2174269493002805,0.1432289096349513,1.209425643614553,EEG62,P8,theta,W4,0.0301372372361042,7124,0.7124287571242875,1.0,0.970198685312858,0.996296827095842,0.9612282533742786,1.0,0.90768700907687,0.932106789321068,1.0,False,False,False,False,False
feature,TARGET__OC__MSPSS__EEG61,OC,MSPSS,MSPSS_total,BSL23_SUM_LOG1P,BSL-23 suma,continuous,mayor sintomatología,none,new_W_clinical,108,27,,,108,104,0.044489070554717,0.1092254798388972,0.4073140316740786,0.6846145199579609,0.0963705574445096,0.4616458774800997,0.645299451973924,0.1454880127304606,0.1441248629965645,0.001363149733896,0.0015952376961402,0.0848857339920798,0.1738638751015138,1.220738403871879,EEG61,P8,delta,W4,0.0303231288881845,6818,0.6818318168183182,1.0,0.9584603279411452,0.9932928151720596,0.9507614975554236,1.0,0.90768700907687,0.8812755088127551,1.0,False,False,False,False,False
feature,TARGET__OC__MSPSS__EEG5,OC,MSPSS,MSPSS_total,BSL23_SUM_LOG1P,BSL-23 suma,continuous,mayor sintomatología,none,new_W_clinical,108,27,,,108,104,-0.1363470245751033,0.109802175673838,-1.241751574942517,0.2171213974061843,0.1276545242775444,-1.0680939461155317,0.2879511235807116,0.1402419578313756,0.1274948298372966,0.0127471279940789,0.0148264132103097,0.1354834042779008,-0.1372106448723058,1.38353126640125,EEG5,Fp2,delta,W4,0.0308392371721907,2136,0.2136786321367863,1.0,0.9240553659651414,0.9488919985621757,0.9118465316098148,1.0,0.6677457254274572,0.5983001699830016,0.9795020497950204,False,False,False,False,False
feature,TARGET__OC__MSPSS__EEG6,OC,MSPSS,MSPSS_total,BSL23_SUM_LOG1P,BSL-23 suma,continuous,mayor sintomatología,none,new_W_clinical,108,27,,,108,104,-0.0314866871774265,0.1050280218455073,-0.2997932039864792,0.7649332610774713,0.1185672271695021,-0.265559783500829,0.7911039573667453,0.1356744858695309,0.1349275426984553,0.0007469431710755,0.0008641919726586,0.1172878697732223,0.0543144954183691,1.220693121720203,EEG6,Fp2,theta,W4,0.0341492186828345,7633,0.7633236676332367,1.0,0.9827782335685468,0.996296827095842,0.9765811739993884,1.0,0.90768700907687,0.8610215901486774,1.0,False,False,False,False,False
feature,TARGET__OC__MSPSS__EEG54,OC,MSPSS,MSPSS_total,BSL23_SUM_LOG1P,BSL-23 suma,continuous,mayor sintomatología,none,new_W_clinical,108,27,,,108,104,0.1037789567154904,0.1015027101917926,1.0224254753335815,0.3089519756996579,0.1228147837628722,0.8450037815957422,0.4000485056070786,0.1850404967079478,0.1768489480878674,0.0081915486200804,0.0100514793520296,0.1248052423500775,0.3323631557810584,1.1712586563096412,EEG54,T8,theta,W4,0.0343992826654235,3028,0.3028697130286971,1.0,0.9240553659651414,0.9594215456082604,0.9118465316098148,1.0,0.7970255606018346,0.7097290270972902,0.998100189981002,False,False,False,False,False
feature,TARGET__OC__MSPSS__EEG58,OC,MSPSS,MSPSS_total,BSL23_SUM_LOG1P,BSL-23 suma,continuous,mayor sintomatología,none,new_W_clinical,108,27,,,108,104,0.0204401353659373,0.1044101670303436,0.1957676723187029,0.8451740076297389,0.1062018936608749,0.1924648860895739,0.8477533966120407,0.15830847869691,0.1579983074276427,0.0003101712692672,0.0003685094377415,0.1596026085405823,0.200482879272457,1.281690771550707,EEG58,P7,theta,W4,0.0345495111494009,8422,0.8422157784221578,1.0,0.9827782335685468,0.996296827095842,0.9805750194211348,1.0,0.9154519330675628,0.949005099490051,1.0,False,False,False,False,False
feature,TARGET__OC__MSPSS__EEG57,OC,MSPSS,MSPSS_total,BSL23_SUM_LOG1P,BSL-23 suma,continuous,mayor sintomatología,none,new_W_clinical,108,27,,,108,104,0.0565285313711826,0.1167093463913669,0.4843530798435191,0.629153784278573,0.136655760521458,0.4136564104980148,0.6799775226093964,0.1424240156190027,0.1404895393677321,0.0019344762512706,0.0022557490957106,0.054162254473691,0.1672193172160563,1.3387401936170171,EEG57,P7,delta,W4,0.0347741004973604,6202,0.6202379762023797,1.0,0.936442424062965,0.996296827095842,0.9311462016191544,1.0,0.8860542517176854,0.7893937878939379,1.0,False,False,False,False,False
feature,TARGET__OC__MSPSS__EEG13,OC,MSPSS,MSPSS_total,BSL23_SUM_LOG1P,BSL-23 suma,continuous,mayor sintomatología,none,new_W_clinical,108,27,,,108,104,0.1493447088834312,0.1026482087547629,1.4549178275505137,0.1487037056492438,0.1355647882600461,1.1016482288671587,0.2731576777528172,0.192829099063893,0.1764001762771317,0.0164289227867612,0.0203537104319642,0.0682404072623769,0.3669298250292394,1.2129736673089593,EEG13,F4,delta,W4,0.0347749067907123,1452,0.1452854714528547,1.0,0.9240553659651414,0.9488919985621757,0.9118465316098148,1.0,0.5188766837601954,0.710848915108489,0.916008399160084,False,False,False,False,False
feature,TARGET__OC__MSPSS__EEG10,OC,MSPSS,MSPSS_total,BSL23_SUM_LOG1P,BSL-23 suma,continuous,mayor sintomatología,none,new_W_clinical,108,27,,,108,104,-0.0032175761050949,0.1042247992842227,-0.0308715020531782,0.975431184535136,0.1440677865318317,-0.0223337651153823,0.9822245094503292,0.1725724589668077,0.1725648764714297,7.582495378022358e-06,9.16393883693338e-06,0.2174067197245212,0.2109715675143312,1.2156845959217877,EEG10,F3,theta,W4,0.0347846023678833,9747,0.9747025297470252,1.0,0.9957494258412956,0.9965523916828825,0.9956707817590332,1.0,0.994100589941006,0.9747025297470252,1.0,False,False,False,False,False
feature,TARGET__OC__MSPSS__EEG18,OC,MSPSS,MSPSS_total,BSL23_SUM_LOG1P,BSL-23 suma,continuous,mayor sintomatología,none,new_W_clinical,108,27,,,108,104,0.0647438529421595,0.1032442380951119,0.6270941036197625,0.531971838989983,0.1081758926616523,0.5985053725848372,0.5508040856945017,0.1791898780994765,0.1760862133864899,0.0031036647129866,0.0037812212961023,0.1482967360507512,0.2777844419350704,1.2455707861631282,EEG18,C3,theta,W4,0.0358267801609531,5303,0.5303469653034697,1.0,0.936442424062965,0.9782461183923752,0.9275621110455328,1.0,0.840210096637395,0.6957304269573042,1.0,False,False,False,False,False
feature,TARGET__OC__MSPSS__EEG22,OC,MSPSS,MSPSS_total,BSL23_SUM_LOG1P,BSL-23 suma,continuous,mayor sintomatología,none,new_W_clinical,108,27,,,108,104,0.0589021429091878,0.1054405608755327,0.5586288845591293,0.5776158297166232,0.1055296960947533,0.5581570409934716,0.5779367803793719,0.1745212879196775,0.1720443260910999,0.0024769618285775,0.0030006368333052,0.1510633498533679,0.2688676356717436,1.2014441702247198,EEG22,C4,theta,W4,0.0364824153601674,5713,0.5713428657134286,1.0,0.936442424062965,0.9886247647640076,0.9275621110455328,1.0,0.840210096637395,0.8051194880511949,1.0,False,False,False,False,False
feature,TARGET__OC__MSPSS__EEG30,OC,MSPSS,MSPSS_total,BSL23_SUM_LOG1P,BSL-23 suma,continuous,mayor sintomatología,none,new_W_clinical,108,27,,,108,104,0.0276808647927448,0.1011914926685658,0.2735493277424854,0.7849734977534317,0.1223276480533576,0.2262846154016695,0.821424205211795,0.16086383551159,0.1602600670788516,0.0006037684327383,0.0007195118721959,0.1530974127981812,0.2084591423836708,1.1515943076763924,EEG30,P4,theta,W4,0.0367556740163888,7822,0.7822217778222178,1.0,0.9827782335685468,0.996296827095842,0.9792965340144184,1.0,0.90768700907687,0.99555498995555,1.0,False,False,False,False,False
feature,TARGET__OC__MSPSS__EEG53,OC,MSPSS,MSPSS_total,BSL23_SUM_LOG1P,BSL-23 suma,continuous,mayor sintomatología,none,new_W_clinical,108,27,,,108,104,0.1091364734034648,0.1176655905765747,0.9275139220283832,0.3558073299602816,0.1213885743273138,0.899067099257527,0.3706938474516033,0.1592090504624213,0.1522540756241782,0.006954974838243,0.0082719430341967,0.0451441069828078,0.2634170537897374,1.324810864321597,EEG53,T8,delta,W4,0.0369640002416077,3597,0.3597640235976402,1.0,0.9240553659651414,0.9558285858859924,0.9118465316098148,1.0,0.8133969211774476,0.7165533446655334,0.9995000499950004,False,False,False,False,False
feature,TARGET__OC__MSPSS__EEG1,OC,MSPSS,MSPSS_total,BSL23_SUM_LOG1P,BSL-23 suma,continuous,mayor sintomatología,none,new_W_clinical,108,27,,,108,104,-0.0617595028899385,0.1043803565362232,-0.5916774471689609,0.5553505901826559,0.1514618308817926,-0.4077562150832463,0.6842908399068074,0.1315918502467049,0.1286686364307809,0.0029232138159239,0.0033661750143114,0.1048853577906004,-0.0186336479892765,1.2201521725622873,EEG1,Fp1,delta,W4,0.0371765040761449,5503,0.5503449655034497,1.0,0.936442424062965,0.996296827095842,0.9275621110455328,1.0,0.840210096637395,0.8741125887411259,1.0,False,False,False,False,False
feature,TARGET__OC__MSPSS__EEG46,OC,MSPSS,MSPSS_total,BSL23_SUM_LOG1P,BSL-23 suma,continuous,mayor sintomatología,none,new_W_clinical,108,27,,,108,104,0.1813309409395287,0.0930241026816054,1.9492898691016896,0.0539541133353132,0.108320974238003,1.6740150484716654,0.0971326544519064,0.2156368676440063,0.1869794743325314,0.0286573933114748,0.0365358749402162,0.0744055185140885,0.4370674003931459,1.1169410479779311,EEG46,F8,theta,W4,0.037300816525276,507,0.0507949205079492,1.0,0.6589513413990598,0.7815271047854544,0.6486851314868514,1.0,0.23088600230886,0.6154717861547179,0.6034396560343965,False,False,False,False,False
feature,TARGET__OC__MSPSS__EEG9,OC,MSPSS,MSPSS_total,BSL23_SUM_LOG1P,BSL-23 suma,continuous,mayor sintomatología,none,new_W_clinical,108,27,,,108,104,0.1180054424568825,0.1080592620723702,1.09204375630338,0.2773372165007502,0.1556941763286731,0.7579309980597541,0.4502063277768611,0.1594279164860069,0.1497891445740916,0.0096387719119153,0.0114669189007808,0.018158945265412,0.2541698301791771,1.26620134404357,EEG9,F3,delta,W4,0.0373805689785554,2714,0.2714728527147285,1.0,0.9240553659651414,0.973689025705312,0.9118465316098148,1.0,0.7970255606018346,0.6931640169316402,0.9951004899510048,False,False,False,False,False
feature,TARGET__OC__MSPSS__EEG38,OC,MSPSS,MSPSS_total,BSL23_SUM_LOG1P,BSL-23 suma,continuous,mayor sintomatología,none,new_W_clinical,108,27,,,108,104,0.0257688350608783,0.1093991270998055,0.2355488178380916,0.8142460065061916,0.1313772877388121,0.1961437589738394,0.844880400064782,0.1810240118166717,0.1805870940678203,0.0004369177488513,0.0005334927460089,0.2095306874805204,0.2610683576022771,1.3130130217231166,EEG38,O2,theta,W4,0.0381984113175509,8082,0.8082191780821918,1.0,0.9827782335685468,0.996296827095842,0.9792965340144184,1.0,0.90768700907687,0.944005599440056,1.0,False,False,False,False,False
feature,TARGET__OC__MSPSS__EEG14,OC,MSPSS,MSPSS_total,BSL23_SUM_LOG1P,BSL-23 suma,continuous,mayor sintomatología,none,new_W_clinical,108,27,,,108,104,0.0240793203935387,0.1067474920999837,0.225572703581506,0.8219764535939356,0.1164922347709674,0.206703223102214,0.8366457892366949,0.1669631600793115,0.1665555884381576,0.0004075716411539,0.0004892600442409,0.1771140240517426,0.2252726648388202,1.2282134950251828,EEG14,F4,theta,W4,0.0385821877448471,8169,0.8169183081691831,1.0,0.9827782335685468,0.996296827095842,0.9805750194211348,1.0,0.90768700907687,0.8169183081691831,1.0,False,False,False,False,False
feature,TARGET__OC__MSPSS__EEG2,OC,MSPSS,MSPSS_total,BSL23_SUM_LOG1P,BSL-23 suma,continuous,mayor sintomatología,none,new_W_clinical,108,27,,,108,104,-0.0474847322227011,0.1077810562296625,-0.4405665882650053,0.6604411847350142,0.1312887865140919,-0.3616815531888883,0.7183238049718178,0.1470090360409366,0.1454170685047691,0.0015919675361675,0.0018663357566867,0.1774910292819694,0.0825215648365671,1.3001170380258944,EEG2,Fp1,theta,W4,0.0390269244562189,6602,0.6602339766023397,1.0,0.9532140810608452,0.996296827095842,0.9495765002555188,1.0,0.90768700907687,0.7931373529313736,1.0,False,False,False,False,False
feature,TARGET__OC__MSPSS__EEG17,OC,MSPSS,MSPSS_total,BSL23_SUM_LOG1P,BSL-23 suma,continuous,mayor sintomatología,none,new_W_clinical,108,27,,,108,104,0.0821850191870436,0.108868240524,0.754903531015787,0.4520130030167595,0.0981495670551111,0.8373446939495575,0.4043189495227474,0.1563650041972238,0.1517422142398121,0.0046227899574117,0.005479609049424,0.0643005130820426,0.2286705514561298,1.2752603169089662,EEG17,C3,delta,W4,0.0392538879333417,4466,0.4466553344665533,1.0,0.936442424062965,0.9594215456082604,0.9245162440277712,1.0,0.840210096637395,0.8490787284907874,1.0,False,False,False,False,False
feature,TARGET__OC__MSPSS__EEG21,OC,MSPSS,MSPSS_total,BSL23_SUM_LOG1P,BSL-23 suma,continuous,mayor sintomatología,none,new_W_clinical,108,27,,,108,104,0.0705852316440303,0.1189800742383438,0.593252543300925,0.5543001340521256,0.1267182026028794,0.55702519601889,0.5787070145283258,0.155270503777902,0.1524118369818266,0.0028586667960754,0.0033841209628175,0.0804036820624073,0.2215741453504681,1.3738334167735875,EEG21,C4,delta,W4,0.0394069913028541,5514,0.5514448555144486,1.0,0.936442424062965,0.9886247647640076,0.9275621110455328,1.0,0.840210096637395,0.8879778688797786,1.0,False,False,False,False,False
feature,TARGET__OC__MSPSS__EEG50,OC,MSPSS,MSPSS_total,BSL23_SUM_LOG1P,BSL-23 suma,continuous,mayor sintomatología,none,new_W_clinical,108,27,,,108,104,0.1279933938019652,0.0967967792438807,1.322289799327767,0.188972374509334,0.1205160945688075,1.0620439888955129,0.2906757112339965,0.2084304042895169,0.195122518638528,0.0133078856509889,0.0168120222442908,0.1304999816374536,0.386486769241384,1.1201194863315125,EEG50,T7,theta,W4,0.039647610447041,1882,0.1882811718828117,1.0,0.9240553659651414,0.9488919985621757,0.9118465316098148,1.0,0.627603906276039,0.692930706929307,0.9632036796320368,False,False,False,False,False
feature,TARGET__OC__MSPSS__EEG42,OC,MSPSS,MSPSS_total,BSL23_SUM_LOG1P,BSL-23 suma,continuous,mayor sintomatología,none,new_W_clinical,108,27,,,108,104,0.0299311350144416,0.0956109255473105,0.3130514095863558,0.7548685287247683,0.118578210592732,0.2524168214786354,0.801217096202801,0.1847824889927558,0.1840142939721082,0.0007681950206476,0.0009423190869618,0.2067657257601259,0.2666279957890092,1.2268946053045324,EEG42,F7,theta,W4,0.0403006852011876,7538,0.7538246175382461,1.0,0.982170948154903,0.996296827095842,0.9765811739993884,1.0,0.90768700907687,0.9246075392460754,1.0,False,False,False,False,False
feature,TARGET__OC__MSPSS__EEG26,OC,MSPSS,MSPSS_total,BSL23_SUM_LOG1P,BSL-23 suma,continuous,mayor sintomatología,none,new_W_clinical,108,27,,,108,104,0.0228989438824834,0.0955527183143642,0.2396472260176513,0.8110754322134571,0.10450035091809,0.2191279137467411,0.826979883293233,0.15855414333706,0.1580894808104976,0.0004646625265624,0.0005522191628647,0.1538717943489813,0.1996696821139482,1.0936884860754108,EEG26,P3,theta,W4,0.0403167916358557,8060,0.806019398060194,1.0,0.9827782335685468,0.996296827095842,0.9792965340144184,1.0,0.90768700907687,0.9086168306246298,1.0,False,False,False,False,False
feature,TARGET__OC__MSPSS__EEG34,OC,MSPSS,MSPSS_total,BSL23_SUM_LOG1P,BSL-23 suma,continuous,mayor sintomatología,none,new_W_clinical,108,27,,,108,104,-0.0009843401692001,0.1070000278888573,-0.0091994384358718,0.9926776373640704,0.1114689065089142,-0.0088306255083017,0.9929711889398598,0.1712899840016838,0.1712893096415572,6.743601266290256e-07,8.13746803598903e-07,0.2118747943708022,0.209906114032402,1.3142083488392515,EEG34,O1,theta,W4,0.0410297253297877,9941,0.994100589941006,1.0,0.9957494258412956,0.9965523916828825,0.9965240958021508,1.0,0.994100589941006,0.994100589941006,1.0,False,False,False,False,False
feature,TARGET__OC__MSPSS__EEG45,OC,MSPSS,MSPSS_total,BSL23_SUM_LOG1P,BSL-23 suma,continuous,mayor sintomatología,none,new_W_clinical,108,27,,,108,104,0.2003357511402224,0.0937453940481959,2.137019670931532,0.0349407891264501,0.0943778053295409,2.122699828001997,0.0361525263357731,0.2130617251745045,0.1785056532572507,0.0345560719172537,0.0439120487879644,-0.013781630736883,0.3868898715435618,1.29329153606951,EEG45,F8,delta,W4,0.0433332040268562,330,0.0330966903309669,0.9986001399860014,0.6153111028289624,0.5061353687008238,0.6460892372301231,1.0,0.1654834516548345,0.4633536646335366,0.4685531446855314,True,True,True,True,True
feature,TARGET__OC__MSPSS__EEG33,OC,MSPSS,MSPSS_total,BSL23_SUM_LOG1P,BSL-23 suma,continuous,mayor sintomatología,none,new_W_clinical,108,27,,,108,104,0.0783967050050797,0.1150297141615175,0.6815343807166208,0.497048296617638,0.1157780045318045,0.6771295231949166,0.4998272184424291,0.159182013480255,0.155426717326454,0.0037552961538009,0.0044662414624889,0.0937450465645245,0.250538456574684,1.301593064327014,EEG33,O1,delta,W4,0.044927486351673,4941,0.4941505849415059,1.0,0.936442424062965,0.973689025705312,0.9275621110455328,1.0,0.840210096637395,0.9883011698830118,1.0,False,False,False,False,False
feature,TARGET__OC__MSPSS__EEG49,OC,MSPSS,MSPSS_total,BSL23_SUM_LOG1P,BSL-23 suma,continuous,mayor sintomatología,none,new_W_clinical,108,27,,,108,104,0.0974366917897738,0.1026032145014335,0.949645605775952,0.3444939666563781,0.1058972562033265,0.9201059147622476,0.3596467013804854,0.1781730658021997,0.1710466664275298,0.0071263993746698,0.008671411313169,0.102194837508643,0.2970682210881907,1.2710988672933117,EEG49,T7,delta,W4,0.04614990038853,3446,0.3446655334466553,1.0,0.9240553659651414,0.9488919985621757,0.9118465316098148,1.0,0.8133969211774476,0.7591240875912408,0.9992000799920008,False,False,False,False,False
feature,TARGET__OC__MSPSS__EEG25,OC,MSPSS,MSPSS_total,BSL23_SUM_LOG1P,BSL-23 suma,continuous,mayor sintomatología,none,new_W_clinical,108,27,,,108,104,0.0738068045046444,0.1012792691820875,0.7287454293528622,0.4677952579362077,0.1047446371200944,0.7046356408683881,0.4826119934251176,0.144733552989546,0.1403661850359524,0.0043673679535936,0.0051064413538722,0.0326053960219266,0.1802190050312156,1.2693750711365344,EEG25,P3,delta,W4,0.0477275509808306,4553,0.4553544645535446,1.0,0.936442424062965,0.973689025705312,0.9245162440277712,1.0,0.840210096637395,0.8677732226777323,1.0,False,False,False,False,False
feature,TARGET__OC__MSPSS__EEG37,OC,MSPSS,MSPSS_total,BSL23_SUM_LOG1P,BSL-23 suma,continuous,mayor sintomatología,none,new_W_clinical,108,27,,,108,104,0.1175335921709683,0.1108578409766426,1.0602190258759618,0.2915010231662201,0.1313002045172651,0.8951516305940972,0.372773148495537,0.1808979053549779,0.1720447948694836,0.0088531104854943,0.0108083113733594,0.0993185440207105,0.3343857283626472,1.2702078918426885,EEG37,O2,delta,W4,0.0480635496317914,2898,0.2898710128987101,1.0,0.9240553659651414,0.9558285858859924,0.9118465316098148,1.0,0.7970255606018346,0.967903209679032,0.9966003399660034,False,False,False,False,False
feature,TARGET__OC__MSPSS__EEG29,OC,MSPSS,MSPSS_total,BSL23_SUM_LOG1P,BSL-23 suma,continuous,mayor sintomatología,none,new_W_clinical,108,27,,,108,104,0.064714588152056,0.1025331838441799,0.6311575016572497,0.529322260080602,0.1065319412297108,0.6074665251101959,0.5448654608085247,0.1455700023544877,0.1422972085462789,0.0032727938082087,0.0038303826144065,0.0449935825888016,0.1744227588929138,1.379874466816579,EEG29,P4,delta,W4,0.0493899977715527,5211,0.5211478852114788,1.0,0.936442424062965,0.9782461183923752,0.9275621110455328,1.0,0.840210096637395,0.8344332233443322,1.0,False,False,False,False,False
feature,TARGET__OA__MSPSS__EEG62,OA,MSPSS,MSPSS_total,BSL23_SUM_LOG1P,BSL-23 suma,continuous,mayor sintomatología,none,new_W_clinical,108,27,,,108,104,0.0973582799652159,0.1009566267507999,0.9643574978543402,0.3371037644302945,0.1178934834313568,0.8258156187394574,0.4107990977486165,0.1859984332825875,0.1787194952121074,0.0072789380704801,0.0089421671506525,0.1420454751869324,0.3367620351173643,1.2228093681116785,EEG62,P8,theta,W4,0.0492521790867692,3345,0.3345665433456654,1.0,0.9240553659651414,0.9594215456082604,0.9118465316098148,1.0,0.8133969211774476,0.7687231276872313,0.9989001099890013,False,False,False,False,False
feature,TARGET__OA__MSPSS__EEG61,OA,MSPSS,MSPSS_total,BSL23_SUM_LOG1P,BSL-23 suma,continuous,mayor sintomatología,none,new_W_clinical,108,27,,,108,104,0.1829157194005712,0.1133231090741846,1.6141078452130118,0.1095341740522359,0.1149400009594604,1.5914017563396925,0.1145543551983066,0.1746780839439777,0.1540026261142575,0.0206754578297202,0.0250513859228679,-0.0511337534375358,0.3146976853636067,1.3920081647765976,EEG61,P8,delta,W4,0.0497293732930649,1036,0.1036896310368963,1.0,0.9240553659651414,0.8179154363630071,0.9118465316098148,1.0,0.3988062732188319,0.4838849448388495,0.8364163583641636,False,False,False,False,False
feature,TARGET__DELTA_OC_MINUS_OA__MSPSS__EEG43,DELTA_OC_MINUS_OA,MSPSS,MSPSS_total,BSL23_SUM_LOG1P,BSL-23 suma,continuous,mayor sintomatología,none,new_W_clinical,108,27,,,108,104,-0.2668141697110063,0.0888067612201564,-3.004435316017894,0.0033341310791171,0.0938820422888131,-2.8420149711932683,0.0053960705328172,0.2285647552421251,0.161608392423819,0.066956362818306,0.0867945343089959,0.038489092964483,-0.4951392464575296,1.2367312033283866,EEG43,F7,alpha,W3,0.0076950147436451,34,0.0034996500349965,0.6319368063193681,0.3554204310516717,0.1684963255526239,0.41995800419958,1.0,0.058327500583275,0.048995100489951,0.0807919208079192,True,True,True,True,True
feature,TARGET__DELTA_OC_MINUS_OA__MSPSS__EEG23,DELTA_OC_MINUS_OA,MSPSS,MSPSS_total,BSL23_SUM_LOG1P,BSL-23 suma,continuous,mayor sintomatología,none,new_W_clinical,108,27,,,108,104,-0.1758061220673717,0.0803803639744652,-2.187177481843958,0.0309697329028593,0.1116423822795545,-1.574725641621925,0.1183570415035482,0.2009414567940463,0.1641867204467419,0.0367547363473043,0.0459975513181278,-0.0179130425359035,-0.369525286670647,1.2087101709440515,EEG23,C4,alpha,W3 | W4,0.0084238953858853,311,0.0311968803119688,0.9977002299770024,0.6153111028289624,0.8202963272523142,0.6460892372301231,1.0,0.1654834516548345,0.3212678732126787,0.433956604339566,True,False,True,True,False
feature,TARGET__DELTA_OC_MINUS_OA__MSPSS__EEG45,DELTA_OC_MINUS_OA,MSPSS,MSPSS_total,BSL23_SUM_LOG1P,BSL-23 suma,continuous,mayor sintomatología,none,new_W_clinical,108,27,,,108,104,-0.0119739862832158,0.1071820094324786,-0.1117163817567635,0.911263621187136,0.1272634005502497,-0.0940882157120098,0.925220113493328,0.1277695435097693,0.1276648712426287,0.0001046722671406,0.0001200052880081,-0.0143876660616723,-0.038335638628104,1.2861738431955836,EEG45,F8,delta,W2,0.0094547706672181,9067,0.9067093290670932,1.0,0.9852069463869568,0.996296827095842,0.9844848848448488,1.0,0.9444888844448888,0.9067093290670932,1.0,False,False,False,False,False
feature,TARGET__DELTA_OC_MINUS_OA__MSPSS__EEG55,DELTA_OC_MINUS_OA,MSPSS,MSPSS_total,BSL23_SUM_LOG1P,BSL-23 suma,continuous,mayor sintomatología,none,new_W_clinical,108,27,,,108,104,-0.1860352276731604,0.0770589800770347,-2.414192706511088,0.0175172593656537,0.0952959654422556,-1.9521836712582337,0.0536049777504881,0.2392226849587504,0.1965875068033172,0.0426351781554331,0.0560416002324168,-0.0719223544945008,-0.4439928098408217,1.3154952545193077,EEG55,T8,alpha,W3,0.015348005968504,171,0.0171982801719828,0.9784021597840216,0.559280633066787,0.6678828407544847,0.5812462232037666,1.0,0.1162383761623837,0.2407759224077592,0.2961703829617038,True,False,True,True,False
feature,TARGET__DELTA_OC_MINUS_OA__MSPSS__EEG51,DELTA_OC_MINUS_OA,MSPSS,MSPSS_total,BSL23_SUM_LOG1P,BSL-23 suma,continuous,mayor sintomatología,none,new_W_clinical,108,27,,,108,104,-0.0618871847850629,0.0858089338202681,-0.721220763734103,0.4723919234762369,0.1966225844048579,-0.314751151157862,0.753581207136036,0.1406977309471002,0.1363999026381429,0.0042978283089573,0.0050015325965498,-0.0306624246661892,-0.1544367942363151,1.305846422064423,EEG51,T7,alpha,W2,0.0328030420497389,4746,0.4746525347465253,1.0,0.936442424062965,0.996296827095842,0.9275621110455328,1.0,0.840210096637395,0.6536346365363463,1.0,False,False,False,False,False
feature,TARGET__DELTA_OC_MINUS_OA__BAI__EEG8,DELTA_OC_MINUS_OA,BAI,STAI_Trait_Anxiety,BSL23_SUM_LOG1P,BSL-23 suma,continuous,mayor sintomatología,none,new_W_clinical,108,27,,,108,104,0.0687675897503064,0.0775963564974247,0.8862218904902917,0.377542620951472,0.0733888414008546,0.9370305953556808,0.3509137281018477,0.3053898681221553,0.3001442977086441,0.0052455704135111,0.0075518196075401,-0.0105523713443123,0.1269828081563004,1.1270668014079186,EEG8,Fp2,beta,W4,0.0343388639933498,3741,0.3741625837416258,1.0,0.9240553659651414,0.9488919985621757,0.9118465316098148,1.0,0.8133969211774476,0.9868013198680132,0.9997000299970004,False,False,False,False,False
feature,TARGET__DELTA_OC_MINUS_OA__MSPSS__EEG11,DELTA_OC_MINUS_OA,MSPSS,MSPSS_total,BSL23_SUM_LOG1P,BSL-23 suma,continuous,mayor sintomatología,none,new_W_clinical,108,27,,,108,104,-0.2518126818431412,0.0841098142818333,-2.993856115284869,0.0034422817571392,0.0832034375220647,-3.0264696909471205,0.0031188811923303,0.2384231572213287,0.1727871371198877,0.0656360201014411,0.086184369606044,0.024908087624873,-0.4787172760614093,1.1103996002022156,EEG11,F3,alpha,W3,0.0345540481569964,34,0.0034996500349965,0.6408359164083591,0.3554204310516717,0.1284245196841908,0.41995800419958,1.0,0.058327500583275,0.048995100489951,0.0832916708329167,True,True,True,True,True
feature,TARGET__DELTA_OC_MINUS_OA__MSPSS__EEG7,DELTA_OC_MINUS_OA,MSPSS,MSPSS_total,BSL23_SUM_LOG1P,BSL-23 suma,continuous,mayor sintomatología,none,new_W_clinical,108,27,,,108,104,-0.2175332588456561,0.0810220706512482,-2.684864223996536,0.0084458371744151,0.0870149920376138,-2.499951488263347,0.0139836617398914,0.2525485022012801,0.2007407997176262,0.0518077024836538,0.0693124605893894,-0.0560863551986463,-0.4911528728899585,1.1899263357709984,EEG7,Fp2,alpha,W2,0.0346170182546974,85,0.0085991400859914,0.8762123787621238,0.4402796391582658,0.3157601038039997,0.4630306200149216,1.0,0.084991500849915,0.1203879612038796,0.1667833216678332,True,True,True,True,True
feature,TARGET__DELTA_OC_MINUS_OA__MSPSS__EEG59,DELTA_OC_MINUS_OA,MSPSS,MSPSS_total,BSL23_SUM_LOG1P,BSL-23 suma,continuous,mayor sintomatología,none,new_W_clinical,108,27,,,108,104,-0.2037003153766766,0.0835879953995851,-2.436956579744556,0.0165091730563116,0.1141160483056968,-1.7850277712999605,0.0771721235317481,0.2396225584224532,0.1962023936499839,0.0434201647724693,0.0571034362650028,-0.0590808060126931,-0.4664814367660465,1.2475080070834863,EEG59,P7,alpha,W3,0.0405515036123669,185,0.0185981401859814,0.9738026197380262,0.559280633066787,0.7503442623154136,0.5812462232037666,1.0,0.1162383761623837,0.2603739626037397,0.2826717328267173,True,False,True,True,False
feature,TARGET__DELTA_OC_MINUS_OA__MSPSS__EEG31,DELTA_OC_MINUS_OA,MSPSS,MSPSS_total,BSL23_SUM_LOG1P,BSL-23 suma,continuous,mayor sintomatología,none,new_W_clinical,108,27,,,108,104,-0.2336974986092006,0.088215162040948,-2.6491760962896835,0.0093271750161093,0.0815319871891612,-2.8663289914301044,0.0050267855666211,0.2381659183919011,0.1867557870243177,0.0514101313675834,0.067482057588006,-0.0378836593365818,-0.5052786565549832,1.2470838814216356,EEG31,P4,alpha,W3,0.0409085023412764,84,0.0084991500849915,0.8975102489751025,0.4402796391582658,0.1675595188873728,0.4630306200149216,1.0,0.084991500849915,0.118988101189881,0.181981801819818,True,True,True,True,True
feature,TARGET__DELTA_OC_MINUS_OA__BAI__EEG4,DELTA_OC_MINUS_OA,BAI,STAI_Trait_Anxiety,BSL23_SUM_LOG1P,BSL-23 suma,continuous,mayor sintomatología,none,new_W_clinical,108,27,,,108,104,0.0258922457538566,0.0742624441266537,0.3486586801492517,0.7280504120148452,0.0556450481589132,0.465310869709602,0.6426817322672289,0.2985540492767162,0.2977341474825069,0.0008199017942093,0.0011688738004174,-0.0008477395014113,0.0509367520063018,1.7321080350953806,EEG4,Fp1,beta,W4,0.0411042368767334,7320,0.732026797320268,1.0,0.970198685312858,0.9931064295520092,0.9668278455173352,1.0,0.90768700907687,0.9363063693630636,1.0,False,False,False,False,False
feature,TARGET__DELTA_OC_MINUS_OA__BAI__EEG59,DELTA_OC_MINUS_OA,BAI,STAI_Trait_Anxiety,BSL23_SUM_LOG1P,BSL-23 suma,continuous,mayor sintomatología,none,new_W_clinical,108,27,,,108,104,0.0456653962315389,0.0796958561204044,0.5729958677217504,0.5678843202225378,0.0650824844548576,0.7016541641586108,0.484462078072373,0.3087854293854026,0.306603289813694,0.0021821395717086,0.003156964081021,0.0560656040957269,0.1473963965588048,1.2475080070834863,EEG59,P7,alpha,W4,0.0416182735950191,5597,0.5597440255974403,1.0,0.936442424062965,0.973689025705312,0.9275621110455328,1.0,0.840210096637395,0.6687831216878312,1.0,False,False,False,False,False
feature,TARGET__DELTA_OC_MINUS_OA__MSPSS__EEG39,DELTA_OC_MINUS_OA,MSPSS,MSPSS_total,BSL23_SUM_LOG1P,BSL-23 suma,continuous,mayor sintomatología,none,new_W_clinical,108,27,,,108,104,-0.2282645634255016,0.0852200516152983,-2.678531156680554,0.0085964998374539,0.0807100433588712,-2.8282051889198003,0.0056167209662785,0.2255280682010342,0.1721004580451811,0.053427610155853,0.0689858572818124,-0.0295043298039672,-0.4860334566549705,1.2854369085725512,EEG39,O2,alpha,W3,0.0454113384125685,101,0.0101989801019898,0.88001199880012,0.4402796391582658,0.1684963255526239,0.50994900509949,1.0,0.084991500849915,0.1427857214278572,0.1693830616938306,True,True,True,True,True
feature,TARGET__DELTA_OC_MINUS_OA__BAI__EEG3,DELTA_OC_MINUS_OA,BAI,STAI_Trait_Anxiety,BSL23_SUM_LOG1P,BSL-23 suma,continuous,mayor sintomatología,none,new_W_clinical,108,27,,,108,104,0.0091345937935223,0.0753785654721486,0.1211829083812619,0.9037799896321028,0.0702006565525158,0.1301212017396007,0.8967218840568348,0.3172379966111404,0.3171415873515845,9.64092595558963e-05,0.0001412047815745,0.1355516386742328,0.1538208262612775,1.1187586836707677,EEG3,Fp1,alpha,W2,0.0459919248789558,9024,0.9024097590240976,1.0,0.9852069463869568,0.996296827095842,0.9844848848448488,1.0,0.9444888844448888,0.9024097590240976,1.0,False,False,False,False,False
feature,TARGET__DELTA_OC_MINUS_OA__BAI__EEG12,DELTA_OC_MINUS_OA,BAI,STAI_Trait_Anxiety,BSL23_SUM_LOG1P,BSL-23 suma,continuous,mayor sintomatología,none,new_W_clinical,108,27,,,108,104,0.0577460115506557,0.0849175519663593,0.6800244497572446,0.4979999351497768,0.0805495650574909,0.7169003520930302,0.4750425392549787,0.3066768332420786,0.3035939900990363,0.0030828431430423,0.004446473579497,-0.0092080547430193,0.106283968358292,1.929122142822391,EEG12,F3,beta,W4,0.0478588951311882,4961,0.4961503849615039,1.0,0.936442424062965,0.973689025705312,0.9275621110455328,1.0,0.840210096637395,0.7104827978740588,1.0,False,False,False,False,False
feature,TARGET__DELTA_OC_MINUS_OA__MSPSS__EEG36,DELTA_OC_MINUS_OA,MSPSS,MSPSS_total,BSL23_SUM_LOG1P,BSL-23 suma,continuous,mayor sintomatología,none,new_W_clinical,108,27,,,108,104,-0.1621197865120762,0.0846777331941685,-1.9145503829245256,0.0582978425331853,0.0924124710222466,-1.7543063692458647,0.0823235044066862,0.1652844790548762,0.1358647445641592,0.0294197344907169,0.0352452227765046,0.0854108925046957,-0.2388286805194566,1.1786698829784976,EEG36,O1,beta,W5,0.0490054593140692,584,0.0584941505849415,1.0,0.6620176660270362,0.7526967281455017,0.6777100067771001,1.0,0.2437256274372563,0.3014365230143652,0.6282371762823717,False,False,False,False,False
feature,TARGET__DELTA_OC_MINUS_OA__MSPSS__EEG19,DELTA_OC_MINUS_OA,MSPSS,MSPSS_total,BSL23_SUM_LOG1P,BSL-23 suma,continuous,mayor sintomatología,none,new_W_clinical,108,27,,,108,104,-0.2758555335639647,0.0856089768950369,-3.222273452726629,0.0016985426693309,0.0948761141043215,-2.9075340634276654,0.0044534864884253,0.2727647831746024,0.2001598133901717,0.0726049697844306,0.0998369827321803,0.0177274911683422,-0.5339835759595871,1.1653794117566822,EEG19,C3,alpha,W3,0.0494633433241626,11,0.0011998800119988,0.4427557244275572,0.3554204310516717,0.1558720270948863,0.27997200279972,1.0,0.058327500583275,0.0167983201679832,0.0478952104789521,True,True,True,True,True
feature,TARGET__OC__MSPSS__EEG62,OC,MSPSS,MSPSS_total,BSL23_BEHAVIOR_ANY,Alguna conducta BSL-23,binary,1=cualquier conducta,none,new_W_clinical,108,27,63.0,45.0,108,104,-0.1194090282793962,0.1974033654252267,-0.6048986450771857,0.5465639123528968,0.1636162273129555,-0.7298116466834159,0.4671459670087727,0.0504605940360864,0.0471198371146863,0.0033407569214001,0.0035182920270789,0.2323710239743227,0.1129619956949265,2.1160528708252957,EEG62,P8,theta,W4,0.0301372372361042,5419,0.541945805419458,1.0,0.936442424062965,0.973689025705312,0.9275621110455328,1.0,0.7170335598019145,0.843026808430268,1.0,False,False,False,False,False
feature,TARGET__OC__MSPSS__EEG61,OC,MSPSS,MSPSS_total,BSL23_BEHAVIOR_ANY,Alguna conducta BSL-23,binary,1=cualquier conducta,none,new_W_clinical,108,27,63.0,45.0,108,104,-0.2242574438227342,0.1935450464042983,-1.1586834589105448,0.2492389100539773,0.1704721504470917,-1.3155078013304906,0.1912320716107667,0.0429636088170717,0.0306091215243078,0.0123544872927638,0.0129091092110858,0.2308146608428253,0.0065572170200911,2.0298664186710136,EEG61,P8,delta,W4,0.0303231288881845,2482,0.2482751724827517,1.0,0.9240553659651414,0.9094288929128624,0.9118465316098148,1.0,0.5172399426723995,0.8812755088127551,0.986101389861014,False,False,False,False,False
feature,TARGET__OC__MSPSS__EEG5,OC,MSPSS,MSPSS_total,BSL23_BEHAVIOR_ANY,Alguna conducta BSL-23,binary,1=cualquier conducta,none,new_W_clinical,108,27,63.0,45.0,108,104,-0.2880322495911316,0.1959750571501761,-1.4697393320335244,0.1446511029001518,0.2017635617902851,-1.427573180386828,0.1564105813540109,0.0347163400750223,0.0146668999995761,0.0200494400754461,0.0207705163858304,0.1257355901910483,-0.1622966594000832,2.1152456695639272,EEG5,Fp2,delta,W4,0.0308392371721907,1439,0.143985601439856,1.0,0.9240553659651414,0.8910854983100159,0.9118465316098148,1.0,0.4884294179277724,0.5983001699830016,0.899010098990101,False,False,False,False,False
feature,TARGET__OC__MSPSS__EEG6,OC,MSPSS,MSPSS_total,BSL23_BEHAVIOR_ANY,Alguna conducta BSL-23,binary,1=cualquier conducta,none,new_W_clinical,108,27,63.0,45.0,108,104,-0.2420891401266698,0.1990834818602585,-1.2160182143920812,0.2267308773584354,0.1590169399636603,-1.5224110096823258,0.1309410208296319,0.034062684068337,0.0203287244850693,0.0137339595832676,0.0142182720935892,0.1791600810815097,-0.0629290590451601,2.1009485336251448,EEG6,Fp2,theta,W4,0.0341492186828345,2246,0.2246775322467753,1.0,0.9240553659651414,0.864704854535305,0.9118465316098148,1.0,0.4884294179277724,0.6411358864113589,0.9787021297870212,False,False,False,False,False
feature,TARGET__OC__MSPSS__EEG54,OC,MSPSS,MSPSS_total,BSL23_BEHAVIOR_ANY,Alguna conducta BSL-23,binary,1=cualquier conducta,none,new_W_clinical,108,27,63.0,45.0,108,104,-0.2770660371553896,0.1925064618808185,-1.439255775875836,0.1530811311972816,0.1803493623036208,-1.5362740051663988,0.1275080349119749,0.0799804949407353,0.0616556774675063,0.018324817473229,0.0199178575806918,0.3359348014221349,0.0588687642667453,2.0997252557211152,EEG54,T8,theta,W4,0.0343992826654235,1553,0.1553844615538446,1.0,0.9240553659651414,0.8581374969755009,0.9118465316098148,1.0,0.4884294179277724,0.7097290270972902,0.912008799120088,False,False,False,False,False
feature,TARGET__OC__MSPSS__EEG58,OC,MSPSS,MSPSS_total,BSL23_BEHAVIOR_ANY,Alguna conducta BSL-23,binary,1=cualquier conducta,none,new_W_clinical,108,27,63.0,45.0,108,104,-0.1564069952757753,0.1964833068047638,-0.7960319775724745,0.4278267196619323,0.1656472558748241,-0.9442172431396546,0.3472470788422201,0.0507996806545024,0.0450162495710094,0.0057834310834929,0.0060929510511341,0.2426216726942745,0.0862146774184991,2.1084242541828027,EEG58,P7,theta,W4,0.0345495111494009,4278,0.4278572142785721,1.0,0.936442424062965,0.9488919985621757,0.9245162440277712,1.0,0.6271595062715951,0.7972202779722029,0.999900009999,False,False,False,False,False
feature,TARGET__OC__MSPSS__EEG57,OC,MSPSS,MSPSS_total,BSL23_BEHAVIOR_ANY,Alguna conducta BSL-23,binary,1=cualquier conducta,none,new_W_clinical,108,27,63.0,45.0,108,104,-0.2749838460935864,0.191493616011195,-1.4359948484001182,0.1540049205674622,0.1985764615821672,-1.3847756370651374,0.1690846954318385,0.0467555626912374,0.0278549142528324,0.018900648438405,0.0198277038906894,0.2597158609553747,-0.0152679851382116,2.029364066884072,EEG57,P7,delta,W4,0.0347741004973604,1531,0.1531846815318468,1.0,0.9240553659651414,0.8910854983100159,0.9118465316098148,1.0,0.4884294179277724,0.752004799520048,0.9133086691330868,False,False,False,False,False
feature,TARGET__OC__MSPSS__EEG13,OC,MSPSS,MSPSS_total,BSL23_BEHAVIOR_ANY,Alguna conducta BSL-23,binary,1=cualquier conducta,none,new_W_clinical,108,27,63.0,45.0,108,104,-0.2526453924240605,0.1911826429909016,-1.321487078908538,0.1892387866045396,0.1996203786698188,-1.265629261439021,0.2084738760792514,0.0703455329681242,0.0547351318257196,0.0156104011424046,0.0167916163434832,0.3491775428227094,0.0965321503986489,2.087264065511587,EEG13,F4,delta,W4,0.0347749067907123,1875,0.1875812418758124,1.0,0.9240553659651414,0.9094288929128624,0.9118465316098148,1.0,0.4884294179277724,0.710848915108489,0.9564043595640436,False,False,False,False,False
feature,TARGET__OC__MSPSS__EEG10,OC,MSPSS,MSPSS_total,BSL23_BEHAVIOR_ANY,Alguna conducta BSL-23,binary,1=cualquier conducta,none,new_W_clinical,108,27,63.0,45.0,108,104,-0.1946504115039315,0.1930994203082925,-1.0080320862339345,0.3157786361826615,0.2297106090903841,-0.8473723189134137,0.3987334796211965,0.0712939873022384,0.0622200947909163,0.009073892511322,0.0097704681430495,0.3050646184942761,0.1104142069903445,2.1002637613732933,EEG10,F3,theta,W4,0.0347846023678833,3127,0.3127687231276872,1.0,0.9240553659651414,0.9594215456082604,0.9118465316098148,1.0,0.5776208093476366,0.7156784321567843,0.9964003599640036,False,False,False,False,False
feature,TARGET__OC__MSPSS__EEG18,OC,MSPSS,MSPSS_total,BSL23_BEHAVIOR_ANY,Alguna conducta BSL-23,binary,1=cualquier conducta,none,new_W_clinical,108,27,63.0,45.0,108,104,-0.2344658462292881,0.1889702131210646,-1.2407555791826117,0.2174877111520435,0.1740052808408031,-1.3474639683136982,0.1807591269330588,0.0800782120680784,0.0664609423640999,0.0136172697039784,0.0148026385314685,0.3382103847558031,0.1037445385265149,2.033340709819019,EEG18,C3,theta,W4,0.0358267801609531,2156,0.2156784321567843,1.0,0.9240553659651414,0.9094288929128624,0.9118465316098148,1.0,0.4884294179277724,0.6498150184981502,0.9745025497450256,False,False,False,False,False
feature,TARGET__OC__MSPSS__EEG22,OC,MSPSS,MSPSS_total,BSL23_BEHAVIOR_ANY,Alguna conducta BSL-23,binary,1=cualquier conducta,none,new_W_clinical,108,27,63.0,45.0,108,104,-0.3276116353337645,0.1900588313862684,-1.7237380286104091,0.0877266633154463,0.1595927723811059,-2.052797444682715,0.0426027354339689,0.0831342477032057,0.0569394567123033,0.0261947909909023,0.0285699306853627,0.3543224126691947,0.0267107773354302,2.0673440684079294,EEG22,C4,theta,W4,0.0364824153601674,868,0.0868913108689131,1.0,0.8616455278296865,0.5626776378071372,0.8574142585741427,1.0,0.4884294179277724,0.4628870446288705,0.7529247075292471,False,True,False,False,False
feature,TARGET__OC__MSPSS__EEG30,OC,MSPSS,MSPSS_total,BSL23_BEHAVIOR_ANY,Alguna conducta BSL-23,binary,1=cualquier conducta,none,new_W_clinical,108,27,63.0,45.0,108,104,-0.2092376433767604,0.1944529837800714,-1.0760320531435537,0.2844027922688806,0.1802408582027204,-1.1608779799607185,0.2483492271611511,0.0524415323469077,0.0418922456694764,0.0105492866774312,0.0111331248018496,0.2588782645398189,0.0496406211630584,2.082588394418862,EEG30,P4,theta,W4,0.0367556740163888,2801,0.2801719828017198,1.0,0.9240553659651414,0.9346476291011064,0.9118465316098148,1.0,0.559367140209056,0.6964303569643037,0.993000699930007,False,False,False,False,False
feature,TARGET__OC__MSPSS__EEG53,OC,MSPSS,MSPSS_total,BSL23_BEHAVIOR_ANY,Alguna conducta BSL-23,binary,1=cualquier conducta,none,new_W_clinical,108,27,63.0,45.0,108,104,-0.4233521343930322,0.1888592555626741,-2.241627677350132,0.0271093504845334,0.1747919185541956,-2.4220349424322416,0.0171639510866005,0.0821240919989175,0.0377757291734872,0.0443483628254303,0.0483162946525207,0.3901522636196329,-0.0331998707733992,2.0573024926003978,EEG53,T8,delta,W4,0.0369640002416077,288,0.0288971102889711,0.9958004199580042,0.6153111028289624,0.36408381092789,0.6460892372301231,1.0,0.447955204479552,0.2022797720227977,0.3834616538346165,True,True,True,True,True
feature,TARGET__OC__MSPSS__EEG1,OC,MSPSS,MSPSS_total,BSL23_BEHAVIOR_ANY,Alguna conducta BSL-23,binary,1=cualquier conducta,none,new_W_clinical,108,27,63.0,45.0,108,104,-0.413982093335089,0.1945681182763874,-2.127697471725662,0.0357255622710637,0.2261516399802324,-1.8305509231384505,0.0700311848109837,0.058669390825263,0.0176934818301106,0.0409759089951523,0.0435297743383441,0.3119827924242925,-0.1019993009107965,2.138949015426345,EEG1,Fp1,delta,W4,0.0371765040761449,357,0.0357964203579642,0.9988001199880012,0.6153111028289624,0.7428985907393186,0.6460892372301231,1.0,0.447955204479552,0.5011498850114988,0.4607539246075392,True,False,True,True,False
feature,TARGET__OC__MSPSS__EEG46,OC,MSPSS,MSPSS_total,BSL23_BEHAVIOR_ANY,Alguna conducta BSL-23,binary,1=cualquier conducta,none,new_W_clinical,108,27,63.0,45.0,108,104,-0.1472649229348716,0.1944927498983983,-0.7571743574596062,0.4506574721844056,0.1953763035202753,-0.7537501748239857,0.4527023736243462,0.0773441637215007,0.0722579080246611,0.0050862556968396,0.0055126250730227,0.3009752861050194,0.1537103631701478,2.1027836762713226,EEG46,F8,theta,W4,0.037300816525276,4515,0.4515548445155484,1.0,0.936442424062965,0.973689025705312,0.9245162440277712,1.0,0.6271595062715951,0.8126965081269649,0.999900009999,False,False,False,False,False
feature,TARGET__OC__MSPSS__EEG9,OC,MSPSS,MSPSS_total,BSL23_BEHAVIOR_ANY,Alguna conducta BSL-23,binary,1=cualquier conducta,none,new_W_clinical,108,27,63.0,45.0,108,104,-0.2750696898388012,0.1913966070238568,-1.4371711918828047,0.1536711794007351,0.2270989835377145,-1.2112325892164115,0.2285513812577789,0.0585332444115572,0.039835524226878,0.0186977201846791,0.0198602022574791,0.3153489923534476,0.0402793025146464,2.0601262094082147,EEG9,F3,delta,W4,0.0373805689785554,1487,0.1487851214878512,1.0,0.9240553659651414,0.9094288929128624,0.9118465316098148,1.0,0.4884294179277724,0.6931640169316402,0.9131086891310868,False,False,False,False,False
feature,TARGET__OC__MSPSS__EEG38,OC,MSPSS,MSPSS_total,BSL23_BEHAVIOR_ANY,Alguna conducta BSL-23,binary,1=cualquier conducta,none,new_W_clinical,108,27,63.0,45.0,108,104,-0.1411194793585279,0.190591069183491,-0.7404307030916835,0.4607070552726546,0.1714002533389005,-0.823332968356237,0.4122026668000247,0.0766886991582304,0.0718214491995085,0.0048672499587218,0.0052715156353924,0.3046527515513605,0.1635332721928326,2.0563061378797247,EEG38,O2,theta,W4,0.0381984113175509,4506,0.4506549345065493,1.0,0.936442424062965,0.9594215456082604,0.9245162440277712,1.0,0.6271595062715951,0.8771872812718728,0.999900009999,False,False,False,False,False
feature,TARGET__OC__MSPSS__EEG14,OC,MSPSS,MSPSS_total,BSL23_BEHAVIOR_ANY,Alguna conducta BSL-23,binary,1=cualquier conducta,none,new_W_clinical,108,27,63.0,45.0,108,104,-0.2345912485584728,0.1916287721615469,-1.2241963767356794,0.2236441437973283,0.1684924394051263,-1.3922954014240203,0.1668028858542286,0.0648780228733099,0.0514027644051704,0.0134752584681394,0.0144101612385844,0.3029581138244306,0.0683668652659578,2.0691816345138148,EEG14,F4,theta,W4,0.0385821877448471,2226,0.2226777322267773,1.0,0.9240553659651414,0.8910854983100159,0.9118465316098148,1.0,0.4884294179277724,0.653949989616423,0.9777022297770224,False,False,False,False,False
feature,TARGET__OC__MSPSS__EEG2,OC,MSPSS,MSPSS_total,BSL23_BEHAVIOR_ANY,Alguna conducta BSL-23,binary,1=cualquier conducta,none,new_W_clinical,108,27,63.0,45.0,108,104,-0.200596141213447,0.1914122771607678,-1.047979493211742,0.2970774450393337,0.2004628291964422,-1.0006650211290502,0.3193113639109511,0.0482968839286409,0.0382467066856282,0.0100501772430127,0.0105602020980029,0.2628576452513732,0.0622615040379261,2.032019194378326,EEG2,Fp1,theta,W4,0.0390269244562189,2908,0.2908709129087091,1.0,0.9240553659651414,0.9488919985621757,0.9118465316098148,1.0,0.559367140209056,0.7414591874145919,0.9947005299470052,False,False,False,False,False
feature,TARGET__OC__MSPSS__EEG17,OC,MSPSS,MSPSS_total,BSL23_BEHAVIOR_ANY,Alguna conducta BSL-23,binary,1=cualquier conducta,none,new_W_clinical,108,27,63.0,45.0,108,104,-0.3609573575546898,0.1900329087057087,-1.8994465748755145,0.0602763412748013,0.1657001349108748,-2.178376968424545,0.0316366620019141,0.0751105162825038,0.0430248791421227,0.0320856371403811,0.0346913201039072,0.3703545688943511,0.0093972113396613,2.065791752303105,EEG17,C3,delta,W4,0.0392538879333417,628,0.0628937106289371,1.0,0.6620176660270362,0.4519523143130599,0.6878999600039996,1.0,0.4884294179277724,0.4402559744025597,0.6262373762623737,False,True,False,False,False
feature,TARGET__OC__MSPSS__EEG21,OC,MSPSS,MSPSS_total,BSL23_BEHAVIOR_ANY,Alguna conducta BSL-23,binary,1=cualquier conducta,none,new_W_clinical,108,27,63.0,45.0,108,104,-0.4149202105086599,0.188665438893713,-2.199238042439825,0.0300756511018735,0.1778493658326932,-2.332986730461465,0.0215736245624771,0.0804012854226521,0.0376342156764446,0.0427670697462074,0.0465062304549473,0.3770231756356402,-0.0378970348730196,2.045235487895294,EEG21,C4,delta,W4,0.0394069913028541,318,0.0318968103189681,0.9973002699730028,0.6153111028289624,0.3872189024034364,0.6460892372301231,1.0,0.447955204479552,0.2232776722327767,0.4106589341065893,True,True,True,True,True
feature,TARGET__OC__MSPSS__EEG50,OC,MSPSS,MSPSS_total,BSL23_BEHAVIOR_ANY,Alguna conducta BSL-23,binary,1=cualquier conducta,none,new_W_clinical,108,27,63.0,45.0,108,104,-0.2408030939136705,0.1913042110926135,-1.2587443451367295,0.2109409172443803,0.206564038288219,-1.1657551619787645,0.2463800408012954,0.0910156745124182,0.0771673216813845,0.0138483528310336,0.0152349742924394,0.3491164274157583,0.1083133335020878,2.063080362572336,EEG50,T7,theta,W4,0.039647610447041,2099,0.20997900209979,1.0,0.9240553659651414,0.9322488030319288,0.9118465316098148,1.0,0.4884294179277724,0.692930706929307,0.9709029097090291,False,False,False,False,False
feature,TARGET__OC__MSPSS__EEG42,OC,MSPSS,MSPSS_total,BSL23_BEHAVIOR_ANY,Alguna conducta BSL-23,binary,1=cualquier conducta,none,new_W_clinical,108,27,63.0,45.0,108,104,-0.2518444426727462,0.1912313471793232,-1.3169621319280058,0.190745811347642,0.1951896764374177,-1.2902549318662009,0.1998235491579554,0.083010602317093,0.0677181353934188,0.0152924669236741,0.0166768197781957,0.3373618140991171,0.0855173714263709,2.057384926430658,EEG42,F7,theta,W4,0.0403006852011876,1901,0.1901809819018098,1.0,0.9240553659651414,0.9094288929128624,0.9118465316098148,1.0,0.4884294179277724,0.9246075392460754,0.9573042695730428,False,False,False,False,False
feature,TARGET__OC__MSPSS__EEG26,OC,MSPSS,MSPSS_total,BSL23_BEHAVIOR_ANY,Alguna conducta BSL-23,binary,1=cualquier conducta,none,new_W_clinical,108,27,63.0,45.0,108,104,-0.2873337390992285,0.194367291964827,-1.4783029397313658,0.1423490183425622,0.1602467865386645,-1.7930702094291315,0.0758684695575104,0.0603899625541543,0.040645687645329,0.0197442749088252,0.0210132652078689,0.2824314959804774,-0.004902243118751,2.074560675029813,EEG26,P3,theta,W4,0.0403167916358557,1397,0.1397860213978602,1.0,0.9240553659651414,0.7503442623154136,0.9118465316098148,1.0,0.4884294179277724,0.6344865513448655,0.8946105389461054,False,False,False,False,False
feature,TARGET__OC__MSPSS__EEG34,OC,MSPSS,MSPSS_total,BSL23_BEHAVIOR_ANY,Alguna conducta BSL-23,binary,1=cualquier conducta,none,new_W_clinical,108,27,63.0,45.0,108,104,-0.1765953881824712,0.1938271976086152,-0.9110970511943364,0.3643511866438479,0.167244600099872,-1.0559108519917255,0.2934556634088243,0.0701494757384552,0.062727678540001,0.0074217971984541,0.0079817099682212,0.2943183985219541,0.1177230103394828,2.0855398324235708,EEG34,O1,theta,W4,0.0410297253297877,3579,0.357964203579642,1.0,0.9240553659651414,0.9488919985621757,0.9118465316098148,1.0,0.6062296996106841,0.7384897873848979,0.9989001099890013,False,False,False,False,False
feature,TARGET__OC__MSPSS__EEG45,OC,MSPSS,MSPSS_total,BSL23_BEHAVIOR_ANY,Alguna conducta BSL-23,binary,1=cualquier conducta,none,new_W_clinical,108,27,63.0,45.0,108,104,-0.1874676412644916,0.1905690414638307,-0.9837255822062384,0.3275334839199482,0.1755656773976483,-1.0677920880849958,0.288086649280156,0.0634701654142564,0.054755791133924,0.0087143742803323,0.009304961741221,0.2921728983333165,0.1047052570688248,2.041406381905966,EEG45,F8,delta,W4,0.0433332040268562,3234,0.3234676532346765,1.0,0.9240553659651414,0.9488919985621757,0.9118465316098148,1.0,0.5776208093476366,0.9057094290570944,0.9975002499750024,False,False,False,False,False
feature,TARGET__OC__MSPSS__EEG33,OC,MSPSS,MSPSS_total,BSL23_BEHAVIOR_ANY,Alguna conducta BSL-23,binary,1=cualquier conducta,none,new_W_clinical,108,27,63.0,45.0,108,104,-0.2977070975242621,0.1895879565142962,-1.5702848587948837,0.1193864360324211,0.1635457662585803,-1.8203289778444087,0.0715848270967324,0.0675848516863655,0.0454776961129338,0.0221071555734316,0.0237095628630816,0.3240305648522699,0.0263234673280077,2.0317341114400898,EEG33,O1,delta,W4,0.044927486351673,1212,0.1212878712128787,1.0,0.9240553659651414,0.7479011786225782,0.9118465316098148,1.0,0.4884294179277724,0.849015098490151,0.8475152484751525,False,False,False,False,False
feature,TARGET__OC__MSPSS__EEG49,OC,MSPSS,MSPSS_total,BSL23_BEHAVIOR_ANY,Alguna conducta BSL-23,binary,1=cualquier conducta,none,new_W_clinical,108,27,63.0,45.0,108,104,-0.3859851054964977,0.1890084962333187,-2.0421574330712846,0.0436664250281179,0.1940255116469205,-1.9893523393918275,0.0492881600540147,0.0863876978555442,0.0497517832093872,0.036635914646157,0.0401000671293109,0.3667363681268375,-0.0192487373696601,2.0568496010254247,EEG49,T7,delta,W4,0.04614990038853,421,0.0421957804219578,0.9998000199980002,0.6153111028289624,0.6300749790136088,0.6460892372301231,1.0,0.447955204479552,0.2953704629537046,0.5223477652234777,True,True,True,True,True
feature,TARGET__OC__MSPSS__EEG25,OC,MSPSS,MSPSS_total,BSL23_BEHAVIOR_ANY,Alguna conducta BSL-23,binary,1=cualquier conducta,none,new_W_clinical,108,27,63.0,45.0,108,104,-0.3892132918884984,0.1904872869478306,-2.0432507498261203,0.0435560864303884,0.1718999035676439,-2.264185632514564,0.0256377691194853,0.060443541434767,0.0227269118229709,0.0377166296117961,0.04014301564101,0.2947744644857964,-0.0944388274027019,2.0426851458347253,EEG25,P3,delta,W4,0.0477275509808306,447,0.0447955204479552,0.9998000199980002,0.6153111028289624,0.4173590321776692,0.6460892372301231,1.0,0.447955204479552,0.3135686431356864,0.5212478752124787,True,True,True,True,True
feature,TARGET__OC__MSPSS__EEG37,OC,MSPSS,MSPSS_total,BSL23_BEHAVIOR_ANY,Alguna conducta BSL-23,binary,1=cualquier conducta,none,new_W_clinical,108,27,63.0,45.0,108,104,-0.2411429318183261,0.1886723171376882,-1.2781044695727468,0.2040578589187187,0.1756469968869018,-1.3728838869565003,0.1727415222350841,0.0771329696552108,0.0626372928021532,0.0144956768530576,0.0157072214917483,0.3388232064049847,0.0976802745866586,2.0327986406276515,EEG37,O2,delta,W4,0.0480635496317914,1967,0.1967803219678032,1.0,0.9240553659651414,0.8956967819596953,0.9118465316098148,1.0,0.4884294179277724,0.967903209679032,0.968103189681032,False,False,False,False,False
feature,TARGET__OC__MSPSS__EEG29,OC,MSPSS,MSPSS_total,BSL23_BEHAVIOR_ANY,Alguna conducta BSL-23,binary,1=cualquier conducta,none,new_W_clinical,108,27,63.0,45.0,108,104,-0.2833735692304899,0.1925846536481382,-1.4714234175077503,0.1441961123552841,0.20521970855538,-1.3808301903616609,0.1702913709349668,0.0418313448504589,0.0218840527547876,0.0199472920956712,0.02081814301529,0.2265550154615424,-0.0568185537689474,2.033060074337984,EEG29,P4,delta,W4,0.0493899977715527,1424,0.1424857514248575,1.0,0.9240553659651414,0.8910854983100159,0.9118465316098148,1.0,0.4884294179277724,0.7401759824017599,0.8981101889811018,False,False,False,False,False
feature,TARGET__OA__MSPSS__EEG62,OA,MSPSS,MSPSS_total,BSL23_BEHAVIOR_ANY,Alguna conducta BSL-23,binary,1=cualquier conducta,none,new_W_clinical,108,27,63.0,45.0,108,104,-0.1208820343365109,0.2004535315785114,-0.6030426771960625,0.5477931439226381,0.2093463126448262,-0.5774261452677104,0.5648995967831972,0.0713394918473664,0.0680922118728672,0.0032472799744991,0.0034967352934592,0.2767839100608985,0.1559018757243875,2.1661167811072146,EEG62,P8,theta,W4,0.0492521790867692,5449,0.5449455054494551,1.0,0.936442424062965,0.9886247647640076,0.9275621110455328,1.0,0.7170335598019145,0.8476930084769301,1.0,False,False,False,False,False
feature,TARGET__OA__MSPSS__EEG61,OA,MSPSS,MSPSS_total,BSL23_BEHAVIOR_ANY,Alguna conducta BSL-23,binary,1=cualquier conducta,none,new_W_clinical,108,27,63.0,45.0,108,104,-0.0264481270239981,0.1933174779144177,-0.1368118770704571,0.8914439946947026,0.2004287929373815,-0.131957722422951,0.8952726864362432,0.0355001693314337,0.0353265826424578,0.0001735866889759,0.0001799758625728,0.1625282172909839,0.1360800902669857,2.0384555111298392,EEG61,P8,delta,W4,0.0497293732930649,8930,0.893010698930107,1.0,0.9852069463869568,0.996296827095842,0.9844848848448488,1.0,0.9112354070715376,0.9777022297770224,1.0,False,False,False,False,False
feature,TARGET__DELTA_OC_MINUS_OA__MSPSS__EEG43,DELTA_OC_MINUS_OA,MSPSS,MSPSS_total,BSL23_BEHAVIOR_ANY,Alguna conducta BSL-23,binary,1=cualquier conducta,none,new_W_clinical,108,27,63.0,45.0,108,104,0.1121087534523617,0.2020012540727672,0.5549903834358211,0.5800929582858683,0.2495218518922423,0.4492943307457365,0.6541542682775993,0.059509655129011,0.0567242272500815,0.0027854278789295,0.0029616762087139,-0.2469043856153867,-0.1347956321630249,2.1487228118820463,EEG43,F7,alpha,W3,0.0076950147436451,5840,0.5840415958404159,1.0,0.936442424062965,0.9932928151720596,0.9275621110455328,1.0,0.7487056172431539,0.7433256674332567,1.0,False,False,False,False,False
feature,TARGET__DELTA_OC_MINUS_OA__MSPSS__EEG23,DELTA_OC_MINUS_OA,MSPSS,MSPSS_total,BSL23_BEHAVIOR_ANY,Alguna conducta BSL-23,binary,1=cualquier conducta,none,new_W_clinical,108,27,63.0,45.0,108,104,0.0611392404138611,0.1919607928247622,0.3184985825187444,0.7507454990006285,0.2314018433646047,0.2642124173467713,0.7921391098542857,0.0587751350624251,0.0578570666182743,0.0009180684441507,0.0009753975679463,-0.2423326899200288,-0.1811934495061676,2.0719009173271443,EEG23,C4,alpha,W3 | W4,0.0084238953858853,7480,0.748025197480252,1.0,0.9798446861877692,0.996296827095842,0.9765811739993884,1.0,0.8225264430078731,0.8726960637269607,1.0,False,False,False,False,False
feature,TARGET__DELTA_OC_MINUS_OA__MSPSS__EEG45,DELTA_OC_MINUS_OA,MSPSS,MSPSS_total,BSL23_BEHAVIOR_ANY,Alguna conducta BSL-23,binary,1=cualquier conducta,none,new_W_clinical,108,27,63.0,45.0,108,104,-0.315458811547229,0.1991755644325922,-1.5838228572159565,0.1162703207111375,0.2546283173405706,-1.238899172103063,0.2181716754349151,0.0360906459505577,0.0128410147602623,0.0232496311902954,0.0241201427215352,0.1144503316219155,-0.2010084799253134,2.118820727889386,EEG45,F8,delta,W2,0.0094547706672181,1209,0.120987901209879,1.0,0.9240553659651414,0.9094288929128624,0.9118465316098148,1.0,0.4884294179277724,0.5646102056461021,0.8417158284171583,False,False,False,False,False
feature,TARGET__DELTA_OC_MINUS_OA__MSPSS__EEG55,DELTA_OC_MINUS_OA,MSPSS,MSPSS_total,BSL23_BEHAVIOR_ANY,Alguna conducta BSL-23,binary,1=cualquier conducta,none,new_W_clinical,108,27,63.0,45.0,108,104,0.0100033051528158,0.1878130165343768,0.0532620440127207,0.9576252978334868,0.2431917765582467,0.041133402183194,0.9672684100723746,0.1123118671166221,0.1122876533287718,2.421378785022465e-05,2.7277358965669303e-05,-0.3195272840800588,-0.309523978927243,2.042864529260592,EEG55,T8,alpha,W3,0.015348005968504,9558,0.9558044195580442,1.0,0.991623829117516,0.9965523916828825,0.988276357002409,1.0,0.9558044195580442,0.9558044195580442,1.0,False,False,False,False,False
feature,TARGET__DELTA_OC_MINUS_OA__MSPSS__EEG51,DELTA_OC_MINUS_OA,MSPSS,MSPSS_total,BSL23_BEHAVIOR_ANY,Alguna conducta BSL-23,binary,1=cualquier conducta,none,new_W_clinical,108,27,63.0,45.0,108,104,0.2464805368702705,0.1933940722297143,1.2744989235114708,0.2053270088471472,0.2430232540986103,1.014226139734996,0.312828626075414,0.0508984876307568,0.0360747311443333,0.0148237564864235,0.0156187260195371,-0.2571809283656677,-0.0107003914953971,2.0428591886844125,EEG51,T7,alpha,W2,0.0328030420497389,2105,0.2105789421057894,1.0,0.9240553659651414,0.9488919985621757,0.9118465316098148,1.0,0.4884294179277724,0.4913508649135086,0.9687031296870312,False,False,False,False,False
feature,TARGET__DELTA_OC_MINUS_OA__BAI__EEG8,DELTA_OC_MINUS_OA,BAI,STAI_Trait_Anxiety,BSL23_BEHAVIOR_ANY,Alguna conducta BSL-23,binary,1=cualquier conducta,none,new_W_clinical,108,27,63.0,45.0,108,104,0.0972864347742323,0.199469316699182,0.4877263149246615,0.6267703106671675,0.2187929024462275,0.4446507801967765,0.6574961278399654,0.0618065015888796,0.059660591822815,0.0021459097660646,0.0022872784449038,0.0234173334734428,0.1207037682476751,2.1597190647095985,EEG8,Fp2,beta,W4,0.0343388639933498,6336,0.6336366363363664,1.0,0.936442424062965,0.9937311736429768,0.9369316232933668,1.0,0.7543293289718648,0.9868013198680132,1.0,False,False,False,False,False
feature,TARGET__DELTA_OC_MINUS_OA__MSPSS__EEG11,DELTA_OC_MINUS_OA,MSPSS,MSPSS_total,BSL23_BEHAVIOR_ANY,Alguna conducta BSL-23,binary,1=cualquier conducta,none,new_W_clinical,108,27,63.0,45.0,108,104,0.0430499595601372,0.1983933006905038,0.2169930104005666,0.8286389043875331,0.2306691476097668,0.1866307653460737,0.8523137186251586,0.0672267598778998,0.0668044470933326,0.0004223127845671,0.0004527496784876,-0.2480256659018133,-0.204975706341676,2.1243109485211016,EEG11,F3,alpha,W3,0.0345540481569964,8342,0.8342165783421658,1.0,0.9827782335685468,0.996296827095842,0.9805750194211348,1.0,0.868975602439756,0.8983870843684862,1.0,False,False,False,False,False
feature,TARGET__DELTA_OC_MINUS_OA__MSPSS__EEG7,DELTA_OC_MINUS_OA,MSPSS,MSPSS_total,BSL23_BEHAVIOR_ANY,Alguna conducta BSL-23,binary,1=cualquier conducta,none,new_W_clinical,108,27,63.0,45.0,108,104,-0.0630733243554786,0.1959816606978129,-0.3218327884910228,0.7482253485161039,0.2239329211053985,-0.2816616870986642,0.7787626181438786,0.1054998943174724,0.10460903806335,0.0008908562541223,0.0009959263821915,-0.2816696571269975,-0.3447429814824761,2.1326023382384207,EEG7,Fp2,alpha,W2,0.0346170182546974,7567,0.7567243275672433,1.0,0.9798446861877692,0.996296827095842,0.9765811739993884,1.0,0.8225264430078731,0.8599447747532938,1.0,False,False,False,False,False
feature,TARGET__DELTA_OC_MINUS_OA__MSPSS__EEG59,DELTA_OC_MINUS_OA,MSPSS,MSPSS_total,BSL23_BEHAVIOR_ANY,Alguna conducta BSL-23,binary,1=cualquier conducta,none,new_W_clinical,108,27,63.0,45.0,108,104,-0.0802072107693694,0.1876146072163557,-0.4275104799109542,0.6698914305173713,0.2284439979092097,-0.3511022898541903,0.7262218670003951,0.1050082773241091,0.1034354566459235,0.0015728206781855,0.0017573577926319,-0.2669565957374457,-0.3471638065068151,2.055920221901748,EEG59,P7,alpha,W3,0.0405515036123669,6762,0.6762323767623237,1.0,0.9570681755329546,0.996296827095842,0.9505274372161178,1.0,0.7863167171654927,0.8654634536546345,1.0,False,False,False,False,False
feature,TARGET__DELTA_OC_MINUS_OA__MSPSS__EEG31,DELTA_OC_MINUS_OA,MSPSS,MSPSS_total,BSL23_BEHAVIOR_ANY,Alguna conducta BSL-23,binary,1=cualquier conducta,none,new_W_clinical,108,27,63.0,45.0,108,104,0.1454612160692104,0.1898490170398092,0.7661942017782941,0.4452963480677597,0.2233702755064328,0.6512111593156953,0.5163465315900778,0.0979396543314522,0.0928477530564162,0.005091901275036,0.0056447457196028,-0.3416837131986283,-0.1962224971294179,2.050390736132582,EEG31,P4,alpha,W3,0.0409085023412764,4484,0.4484551544845515,1.0,0.936442424062965,0.973689025705312,0.9245162440277712,1.0,0.6271595062715951,0.697596906975969,0.999900009999,False,False,False,False,False
feature,TARGET__DELTA_OC_MINUS_OA__BAI__EEG4,DELTA_OC_MINUS_OA,BAI,STAI_Trait_Anxiety,BSL23_BEHAVIOR_ANY,Alguna conducta BSL-23,binary,1=cualquier conducta,none,new_W_clinical,108,27,63.0,45.0,108,104,0.0695087399049726,0.1924946881717775,0.3610943271481068,0.7187614147073493,0.2081887575698464,0.3338736477240024,0.7391471787252285,0.058127375545356,0.0569465107746403,0.0011808647707157,0.0012537414721013,-0.0593606972630852,0.0101480426418873,2.0882567939820995,EEG4,Fp1,beta,W4,0.0411042368767334,7230,0.7230276972302769,1.0,0.970198685312858,0.996296827095842,0.9639643246301556,1.0,0.8216223832162238,0.9363063693630636,1.0,False,False,False,False,False
feature,TARGET__DELTA_OC_MINUS_OA__BAI__EEG59,DELTA_OC_MINUS_OA,BAI,STAI_Trait_Anxiety,BSL23_BEHAVIOR_ANY,Alguna conducta BSL-23,binary,1=cualquier conducta,none,new_W_clinical,108,27,63.0,45.0,108,104,0.1520207392441787,0.1895392297560488,0.8020542208588735,0.4243505015915978,0.1884978167560359,0.8064854111330755,0.4218034173908492,0.0865517572322193,0.0809016321451456,0.0056501250870736,0.0061854901268993,0.0912145160042298,0.2432352552484085,2.055920221901748,EEG59,P7,alpha,W4,0.0416182735950191,4354,0.4354564543545645,1.0,0.936442424062965,0.9594215456082604,0.9245162440277712,1.0,0.6271595062715951,0.6096390360963904,0.999900009999,False,False,False,False,False
feature,TARGET__DELTA_OC_MINUS_OA__MSPSS__EEG39,DELTA_OC_MINUS_OA,MSPSS,MSPSS_total,BSL23_BEHAVIOR_ANY,Alguna conducta BSL-23,binary,1=cualquier conducta,none,new_W_clinical,108,27,63.0,45.0,108,104,0.1027091360692257,0.1975299006286652,0.5199675377871413,0.6041912438395219,0.2076586416087876,0.4946056435384066,0.6219217417293171,0.0733500128619456,0.0709410236970886,0.0024089891648569,0.0025996753880039,-0.2774480807432845,-0.1747389446740587,2.1097394090229318,EEG39,O2,alpha,W3,0.0454113384125685,6139,0.6139386061393861,1.0,0.936442424062965,0.9891728224328948,0.9311462016191544,1.0,0.7487056172431539,0.7843882278438823,1.0,False,False,False,False,False
feature,TARGET__DELTA_OC_MINUS_OA__BAI__EEG3,DELTA_OC_MINUS_OA,BAI,STAI_Trait_Anxiety,BSL23_BEHAVIOR_ANY,Alguna conducta BSL-23,binary,1=cualquier conducta,none,new_W_clinical,108,27,63.0,45.0,108,104,0.101265567391439,0.198847730196273,0.5092618723456619,0.6116475264598097,0.2271757417683159,0.4457587179123826,0.6566981354024632,0.0832720218871803,0.0809859521655192,0.002286069721661,0.002493727448318,0.1231651114330692,0.2244306788245083,2.165122676133436,EEG3,Fp1,alpha,W2,0.0459919248789558,6122,0.6122387761223878,1.0,0.936442424062965,0.9937311736429768,0.9311462016191544,1.0,0.7487056172431539,0.6593340665933406,1.0,False,False,False,False,False
feature,TARGET__DELTA_OC_MINUS_OA__BAI__EEG12,DELTA_OC_MINUS_OA,BAI,STAI_Trait_Anxiety,BSL23_BEHAVIOR_ANY,Alguna conducta BSL-23,binary,1=cualquier conducta,none,new_W_clinical,108,27,63.0,45.0,108,104,-0.1787693983502668,0.1964602885295814,-0.9099518263374086,0.3649520137435386,0.1896178803328516,-0.942787663465378,0.3479744774982062,0.0703140093544781,0.0629121683948545,0.0074018409596235,0.0079616569832187,0.1909012335541256,0.0121318352038588,2.211915914606641,EEG12,F3,beta,W4,0.0478588951311882,3673,0.3673632636736326,1.0,0.9240553659651414,0.9488919985621757,0.9118465316098148,1.0,0.6062296996106841,0.7104827978740588,0.9989001099890013,False,False,False,False,False
feature,TARGET__DELTA_OC_MINUS_OA__MSPSS__EEG36,DELTA_OC_MINUS_OA,MSPSS,MSPSS_total,BSL23_BEHAVIOR_ANY,Alguna conducta BSL-23,binary,1=cualquier conducta,none,new_W_clinical,108,27,63.0,45.0,108,104,0.184411805038421,0.2079184459306902,0.886942975227387,0.3771560713226616,0.2440237130045949,0.7557126427092296,0.4515297497380491,0.0379840167987159,0.0307072183678881,0.0072767984308278,0.0075641138587042,-0.1928251648768332,-0.0084133598384122,2.226942336477829,EEG36,O1,beta,W5,0.0490054593140692,3758,0.3758624137586241,1.0,0.9240553659651414,0.973689025705312,0.9118465316098148,1.0,0.6062296996106841,0.7517248275172482,0.9996000399960004,False,False,False,False,False
feature,TARGET__DELTA_OC_MINUS_OA__MSPSS__EEG19,DELTA_OC_MINUS_OA,MSPSS,MSPSS_total,BSL23_BEHAVIOR_ANY,Alguna conducta BSL-23,binary,1=cualquier conducta,none,new_W_clinical,108,27,63.0,45.0,108,104,0.0409209488545084,0.1904278219379716,0.2148895494264366,0.8302742505528938,0.2447375462712067,0.1672033959560979,0.8675346936641561,0.1070657222460558,0.1066692463894398,0.0003964758566159,0.000444014600507,-0.3226390639124177,-0.2817181150579093,2.078129504118196,EEG19,C3,alpha,W3,0.0494633433241626,8303,0.8303169683031697,1.0,0.9827782335685468,0.996296827095842,0.9805750194211348,1.0,0.868975602439756,0.8465153484651535,1.0,False,False,False,False,False
feature,TARGET__OC__MSPSS__EEG62,OC,MSPSS,MSPSS_total,AUDIT_LOG1P,AUDIT,continuous,mayor riesgo por alcohol,none,new_W_clinical,134,1,,,134,130,0.1224922561296475,0.0833504691366923,1.4696048792330587,0.1440847480785886,0.0662189601942969,1.8498063963891276,0.0666122328180808,0.0573726945520006,0.0417124754463718,0.0156602191056288,0.0166133730851198,0.0848621019060229,0.3298466141653181,1.2865467437823304,EEG62,P8,theta,W4,0.0301372372361042,1408,0.1408859114088591,1.0,0.9240553659651414,0.7387301908371406,0.9118465316098148,1.0,0.8897187204356487,0.6250374962503751,0.8624137586241376,False,False,False,False,False
feature,TARGET__OC__MSPSS__EEG61,OC,MSPSS,MSPSS_total,AUDIT_LOG1P,AUDIT,continuous,mayor riesgo por alcohol,none,new_W_clinical,134,1,,,134,130,0.0658323736255466,0.082700382557793,0.7960346928206934,0.4274630826515928,0.0787362788400797,0.8361123308768242,0.4046259089901901,0.0323031042213584,0.0275861681881341,0.0047169360332242,0.0048743940936472,0.0761272004541638,0.2077919477052571,1.1928445225536797,EEG61,P8,delta,W4,0.0303231288881845,4253,0.4253574642535746,1.0,0.936442424062965,0.9594215456082604,0.9245162440277712,1.0,0.8897187204356487,0.8812755088127551,0.999900009999,False,False,False,False,False
feature,TARGET__OC__MSPSS__EEG5,OC,MSPSS,MSPSS_total,AUDIT_LOG1P,AUDIT,continuous,mayor riesgo por alcohol,none,new_W_clinical,134,1,,,134,130,0.0403769782624683,0.0696270585292775,0.5799035477779111,0.5629833701873126,0.083879225644956,0.4813704221993656,0.6310625340214289,0.0130867308337568,0.0105337522756449,0.0025529785581119,0.0025868317286571,-0.0329139480322573,0.0478400084926792,1.428434398125861,EEG5,Fp2,delta,W4,0.0308392371721907,5544,0.5544445555444456,1.0,0.936442424062965,0.9891728224328948,0.9275621110455328,1.0,0.9040762590407628,0.8417358264173583,1.0,False,False,False,False,False
feature,TARGET__OC__MSPSS__EEG6,OC,MSPSS,MSPSS_total,AUDIT_LOG1P,AUDIT,continuous,mayor riesgo por alcohol,none,new_W_clinical,134,1,,,134,130,0.0888436912016062,0.0762827871671445,1.1646623635675422,0.2462884790133213,0.062900366131644,1.4124510979103924,0.1602066571460685,0.0329343155409322,0.0228438151552554,0.0100905003856768,0.0104341417008514,0.0513293271916858,0.2290167095948984,1.3874044611214449,EEG6,Fp2,theta,W4,0.0341492186828345,2438,0.2438756124387561,1.0,0.9240553659651414,0.8910854983100159,0.9118465316098148,1.0,0.8897187204356487,0.6411358864113589,0.9727027297270272,False,False,False,False,False
feature,TARGET__OC__MSPSS__EEG54,OC,MSPSS,MSPSS_total,AUDIT_LOG1P,AUDIT,continuous,mayor riesgo por alcohol,none,new_W_clinical,134,1,,,134,130,0.0743807753819385,0.0799914216680184,0.9298594003071324,0.3541673418428041,0.0846833307958663,0.878340219768131,0.3813796218566069,0.0486723167566564,0.0423449741014539,0.0063273426552024,0.0066510654179963,0.1213185749447415,0.2700801257086186,1.30942773354403,EEG54,T8,theta,W4,0.0343992826654235,3485,0.3485651434856514,1.0,0.9240553659651414,0.9594215456082604,0.9118465316098148,1.0,0.8897187204356487,0.7097290270972902,0.9967003299670032,False,False,False,False,False
feature,TARGET__OC__MSPSS__EEG58,OC,MSPSS,MSPSS_total,AUDIT_LOG1P,AUDIT,continuous,mayor riesgo por alcohol,none,new_W_clinical,134,1,,,134,130,0.0757194250408734,0.0838828694466075,0.9026804345203022,0.3683650443106632,0.071352382312183,1.0612038811764355,0.290564786994774,0.0417283316316274,0.0357219440291017,0.0060063876025256,0.0062679382066597,0.1047094524177884,0.2561483024995353,1.3183208149737915,EEG58,P7,theta,W4,0.0345495111494009,3687,0.3687631236876312,1.0,0.9240553659651414,0.9488919985621757,0.9118465316098148,1.0,0.8897187204356487,0.7972202779722029,0.998000199980002,False,False,False,False,False
feature,TARGET__OC__MSPSS__EEG57,OC,MSPSS,MSPSS_total,AUDIT_LOG1P,AUDIT,continuous,mayor riesgo por alcohol,none,new_W_clinical,134,1,,,134,130,0.0565154240813083,0.0771270845239944,0.7327571686406243,0.4650257160806655,0.0715564865507106,0.7898015512717632,0.4310819145834308,0.0266863810468768,0.0226663482181097,0.004020032828767,0.0041302543707247,0.0672138852035165,0.1802447333661331,1.306668522749619,EEG57,P7,delta,W4,0.0347741004973604,4626,0.4626537346265373,1.0,0.936442424062965,0.9671709622064152,0.9275621110455328,1.0,0.8897187204356487,0.752004799520048,0.999900009999,False,False,False,False,False
feature,TARGET__OC__MSPSS__EEG13,OC,MSPSS,MSPSS_total,AUDIT_LOG1P,AUDIT,continuous,mayor riesgo por alcohol,none,new_W_clinical,134,1,,,134,130,0.0061582763697442,0.0860583397690025,0.0715593211102411,0.9430625870681864,0.1055084532937567,0.0583676111012489,0.9535454371262864,0.0632283931427,0.0631914934465378,3.68996961621626e-05,3.9390280290362806e-05,0.2251082520054361,0.2374248047449247,1.1907120963348243,EEG13,F4,delta,W4,0.0347749067907123,9442,0.9442055794420556,1.0,0.9869678345794248,0.996296827095842,0.9844848848448488,1.0,0.9634750810633222,0.9442055794420556,1.0,False,False,False,False,False
feature,TARGET__OC__MSPSS__EEG10,OC,MSPSS,MSPSS_total,AUDIT_LOG1P,AUDIT,continuous,mayor riesgo por alcohol,none,new_W_clinical,134,1,,,134,130,0.0704645673196272,0.0826137238956501,0.8529402137668007,0.3952612188221123,0.0911351328738124,0.7731877388843438,0.4408148962897898,0.0568495987934394,0.0515715332032739,0.0052780655901655,0.0055962077558503,0.1570670519327732,0.2979961865720277,1.4224691341788234,EEG10,F3,theta,W4,0.0347846023678833,3967,0.3967603239676032,1.0,0.936442424062965,0.973689025705312,0.9245162440277712,1.0,0.8897187204356487,0.7156784321567843,0.9991000899910008,False,False,False,False,False
feature,TARGET__OC__MSPSS__EEG18,OC,MSPSS,MSPSS_total,AUDIT_LOG1P,AUDIT,continuous,mayor riesgo por alcohol,none,new_W_clinical,134,1,,,134,130,0.0964776368499416,0.0814194877263928,1.1849452697878808,0.2382007663065045,0.0769247004064432,1.254182809165165,0.2120260257106448,0.0487042417006706,0.0384295501937383,0.0102746915069322,0.010800733018405,0.0995425288691881,0.2924978025690715,1.392471858729776,EEG18,C3,theta,W4,0.0358267801609531,2320,0.2320767923207679,1.0,0.9240553659651414,0.9094288929128624,0.9118465316098148,1.0,0.8897187204356487,0.6498150184981502,0.968103189681032,False,False,False,False,False
feature,TARGET__OC__MSPSS__EEG22,OC,MSPSS,MSPSS_total,AUDIT_LOG1P,AUDIT,continuous,mayor riesgo por alcohol,none,new_W_clinical,134,1,,,134,130,0.0829899459944961,0.0838478818545921,0.9897679483235626,0.3241262037086097,0.077704599189348,1.068018455281765,0.2874914413655823,0.0448514387133202,0.0376537287011925,0.0071977100121276,0.0075356968579124,0.1062092166779362,0.2721891086669286,1.3762528565927288,EEG22,C4,theta,W4,0.0364824153601674,3235,0.3235676432356764,1.0,0.9240553659651414,0.9488919985621757,0.9118465316098148,1.0,0.8897187204356487,0.7549911675499117,0.9938006199380062,False,False,False,False,False
feature,TARGET__OC__MSPSS__EEG30,OC,MSPSS,MSPSS_total,AUDIT_LOG1P,AUDIT,continuous,mayor riesgo por alcohol,none,new_W_clinical,134,1,,,134,130,0.0824072534170895,0.0759725980390088,1.084697055835537,0.2800633357247626,0.0725601648212711,1.135709292007172,0.2581676974870721,0.0382704621720469,0.0295663089938156,0.0087041531782313,0.0090505207918325,0.0857677721470673,0.2505822789812466,1.4638500382670911,EEG30,P4,theta,W4,0.0367556740163888,2756,0.2756724327567243,1.0,0.9240553659651414,0.9360197031821096,0.9118465316098148,1.0,0.8897187204356487,0.6964303569643037,0.9846015398460154,False,False,False,False,False
feature,TARGET__OC__MSPSS__EEG53,OC,MSPSS,MSPSS_total,AUDIT_LOG1P,AUDIT,continuous,mayor riesgo por alcohol,none,new_W_clinical,134,1,,,134,130,-0.0296001464151748,0.0874337403328878,-0.338543750987636,0.735499631128256,0.0861747733092511,-0.3434896928472353,0.7317849798307328,0.0219572732567765,0.021095001663273,0.0008622715935034,0.0008816297794829,0.1346203130385621,0.0754200202082125,1.2723118590134863,EEG53,T8,delta,W4,0.0369640002416077,7335,0.7335266473352665,1.0,0.9714146071505269,0.996296827095842,0.9669842808562836,1.0,0.9040762590407628,0.8792287437922875,1.0,False,False,False,False,False
feature,TARGET__OC__MSPSS__EEG1,OC,MSPSS,MSPSS_total,AUDIT_LOG1P,AUDIT,continuous,mayor riesgo por alcohol,none,new_W_clinical,134,1,,,134,130,-0.0146334684324779,0.0776692449878368,-0.1884075020269554,0.8508510135294074,0.0897971394376659,-0.1629614097299391,0.870801870022614,0.0196411577256284,0.0193734640560386,0.0002676936695897,0.0002730568216927,0.1136269561224176,0.0843600192574617,1.3289100637868867,EEG1,Fp1,delta,W4,0.0371765040761449,8468,0.8468153184681532,1.0,0.9827782335685468,0.996296827095842,0.9805750194211348,1.0,0.9040762590407628,0.8741125887411259,1.0,False,False,False,False,False
feature,TARGET__OC__MSPSS__EEG46,OC,MSPSS,MSPSS_total,AUDIT_LOG1P,AUDIT,continuous,mayor riesgo por alcohol,none,new_W_clinical,134,1,,,134,130,0.0850291987770531,0.0847070010689943,1.00380367270701,0.3173380267220749,0.0859719018231999,0.9890347540748204,0.3244834128455274,0.0663338027999594,0.0590970149024437,0.0072367878975156,0.0077509370256929,0.1452261428179661,0.3152845403720725,1.2053474090752334,EEG46,F8,theta,W4,0.037300816525276,3123,0.3123687631236876,1.0,0.9240553659651414,0.9488919985621757,0.9118465316098148,1.0,0.8897187204356487,0.8126965081269649,0.9927007299270072,False,False,False,False,False
feature,TARGET__OC__MSPSS__EEG9,OC,MSPSS,MSPSS_total,AUDIT_LOG1P,AUDIT,continuous,mayor riesgo por alcohol,none,new_W_clinical,134,1,,,134,130,0.0159112017875296,0.0871069802809468,0.1826627640656477,0.8553471875045259,0.106506589551736,0.1493917123296929,0.8814760635493979,0.0434006272430895,0.0431551072915329,0.0002455199515566,0.0002566591182775,0.1683346567700669,0.2001570603451262,1.231199759941282,EEG9,F3,delta,W4,0.0373805689785554,8563,0.8563143685631437,1.0,0.9827782335685468,0.996296827095842,0.9805750194211348,1.0,0.9040762590407628,0.9183081691830816,1.0,False,False,False,False,False
feature,TARGET__OC__MSPSS__EEG38,OC,MSPSS,MSPSS_total,AUDIT_LOG1P,AUDIT,continuous,mayor riesgo por alcohol,none,new_W_clinical,134,1,,,134,130,0.0803284594574651,0.0895954255307845,0.8965687587461111,0.3716063472652116,0.079263787540985,1.013432009111721,0.3127363368124256,0.0522300820480708,0.0463696886404086,0.0058603934076622,0.0061833503012272,0.1189546384874949,0.2796115574024251,1.1585454790256653,EEG38,O2,theta,W4,0.0381984113175509,3720,0.3720627937206279,1.0,0.9240553659651414,0.9488919985621757,0.9118465316098148,1.0,0.8897187204356487,0.8739792687397927,0.998100189981002,False,False,False,False,False
feature,TARGET__OC__MSPSS__EEG14,OC,MSPSS,MSPSS_total,AUDIT_LOG1P,AUDIT,continuous,mayor riesgo por alcohol,none,new_W_clinical,134,1,,,134,130,0.0691477241051399,0.0839975506405609,0.823211195776817,0.4118954778380377,0.0831583668690578,0.8315185435762675,0.407205485892373,0.0535044334987548,0.0485704491420165,0.0049339843567383,0.0052128974834789,0.1412812039879545,0.2795766521982344,1.2678019584832136,EEG14,F4,theta,W4,0.0385821877448471,4131,0.4131586841315868,1.0,0.936442424062965,0.9594215456082604,0.9245162440277712,1.0,0.8897187204356487,0.653949989616423,0.9998000199980002,False,False,False,False,False
feature,TARGET__OC__MSPSS__EEG2,OC,MSPSS,MSPSS_total,AUDIT_LOG1P,AUDIT,continuous,mayor riesgo por alcohol,none,new_W_clinical,134,1,,,134,130,0.0827511907226261,0.0790347653588481,1.0470226658724675,0.2970319199483918,0.0660150433263394,1.2535202061983526,0.2122661350735946,0.0438074003001766,0.0357440747836307,0.0080633255165458,0.0084327420219286,0.0930851170278106,0.2585874984730629,1.2493564664114891,EEG2,Fp1,theta,W4,0.0390269244562189,2915,0.2915708429157084,1.0,0.9240553659651414,0.9094288929128624,0.9118465316098148,1.0,0.8897187204356487,0.7414591874145919,0.9894010598940106,False,False,False,False,False
feature,TARGET__OC__MSPSS__EEG17,OC,MSPSS,MSPSS_total,AUDIT_LOG1P,AUDIT,continuous,mayor riesgo por alcohol,none,new_W_clinical,134,1,,,134,130,0.0427125399468544,0.0872793041857108,0.4893776404996502,0.6253990779808296,0.0751670758362408,0.5682346888138634,0.5708558285482718,0.0265211968359532,0.0247278206744713,0.0017933761614818,0.0018422344232385,0.0837425859615044,0.1691676658552132,1.2328492374348343,EEG17,C3,delta,W4,0.0392538879333417,6189,0.618938106189381,1.0,0.936442424062965,0.9886247647640076,0.9311462016191544,1.0,0.9040762590407628,0.8490787284907874,1.0,False,False,False,False,False
feature,TARGET__OC__MSPSS__EEG21,OC,MSPSS,MSPSS_total,AUDIT_LOG1P,AUDIT,continuous,mayor riesgo por alcohol,none,new_W_clinical,134,1,,,134,130,-0.0164280715961388,0.0814460521411506,-0.2017049465782341,0.8404626806395762,0.0828061853307245,-0.1983918415094935,0.8430484174147816,0.0238569412859015,0.0235514469124387,0.0003054943734628,0.0003129606574934,0.1298058024407351,0.0969496592484574,1.3471012800723243,EEG21,C4,delta,W4,0.0394069913028541,8426,0.8426157384261573,1.0,0.9827782335685468,0.996296827095842,0.9805750194211348,1.0,0.9040762590407628,0.9931006899310068,1.0,False,False,False,False,False
feature,TARGET__OC__MSPSS__EEG50,OC,MSPSS,MSPSS_total,AUDIT_LOG1P,AUDIT,continuous,mayor riesgo por alcohol,none,new_W_clinical,134,1,,,134,130,0.0827836466978237,0.0740302415011462,1.118240938016418,0.2655262593555921,0.0829102650108216,0.9984728270621088,0.3199050281053013,0.0628702971637402,0.0538560984874839,0.0090141986762563,0.0096189445804294,0.1477840371642671,0.3133513305599146,1.3355372683389253,EEG50,T7,theta,W4,0.039647610447041,2642,0.2642735726427357,1.0,0.9240553659651414,0.9488919985621757,0.9118465316098148,1.0,0.8897187204356487,0.692930706929307,0.97990200979902,False,False,False,False,False
feature,TARGET__OC__MSPSS__EEG42,OC,MSPSS,MSPSS_total,AUDIT_LOG1P,AUDIT,continuous,mayor riesgo por alcohol,none,new_W_clinical,134,1,,,134,130,0.067803967585168,0.0846158338212494,0.8013153628953609,0.4244112880144132,0.088627739652035,0.7650422751542116,0.4456329864279783,0.058745470104219,0.0540963510755532,0.0046491190286658,0.0049392793139392,0.1573111507254796,0.2929190858958158,1.2658456979592314,EEG42,F7,theta,W4,0.0403006852011876,4189,0.418958104189581,1.0,0.936442424062965,0.973689025705312,0.9245162440277712,1.0,0.8897187204356487,0.9246075392460754,0.999900009999,False,False,False,False,False
feature,TARGET__OC__MSPSS__EEG26,OC,MSPSS,MSPSS_total,AUDIT_LOG1P,AUDIT,continuous,mayor riesgo por alcohol,none,new_W_clinical,134,1,,,134,130,0.0783832937904918,0.0823642697282963,0.9516662267396172,0.3430323074393239,0.0716161731214208,1.0944915146135736,0.2757632111026831,0.034171987638798,0.0274433714028777,0.0067286162359202,0.0069666815932067,0.0749506703370688,0.2317172579180524,1.3675287359315342,EEG26,P3,theta,W4,0.0403167916358557,3385,0.3385661433856614,1.0,0.9240553659651414,0.9488919985621757,0.9118465316098148,1.0,0.8897187204356487,0.7367929873679299,0.996000399960004,False,False,False,False,False
feature,TARGET__OC__MSPSS__EEG34,OC,MSPSS,MSPSS_total,AUDIT_LOG1P,AUDIT,continuous,mayor riesgo por alcohol,none,new_W_clinical,134,1,,,134,130,0.0620791700645291,0.0850249223447077,0.7301291004165578,0.4666249511455578,0.074882779601584,0.8290179717529602,0.4086138073727626,0.0440780896232494,0.0401581590043986,0.0039199306188507,0.0041006807944237,0.1244984002248261,0.2486567403538843,1.252263199056695,EEG34,O1,theta,W4,0.0410297253297877,4617,0.4617538246175382,1.0,0.936442424062965,0.9594215456082604,0.9275621110455328,1.0,0.8897187204356487,0.7384897873848979,0.999900009999,False,False,False,False,False
feature,TARGET__OC__MSPSS__EEG45,OC,MSPSS,MSPSS_total,AUDIT_LOG1P,AUDIT,continuous,mayor riesgo por alcohol,none,new_W_clinical,134,1,,,134,130,-0.0009023112493883,0.0853657086014773,-0.0105699497394284,0.9915827609513902,0.0693046634493668,-0.0130194882202628,0.9896322041394084,0.0541007675253211,0.054099954606151,8.129191700900762e-07,8.594141343822663e-07,0.2108443208662545,0.2090396983674779,1.2614001569318194,EEG45,F8,delta,W4,0.0433332040268562,9927,0.9927007299270072,1.0,0.9957494258412956,0.9965523916828825,0.9965240958021508,1.0,0.9927007299270072,0.9927007299270072,1.0,False,False,False,False,False
feature,TARGET__OC__MSPSS__EEG33,OC,MSPSS,MSPSS_total,AUDIT_LOG1P,AUDIT,continuous,mayor riesgo por alcohol,none,new_W_clinical,134,1,,,134,130,0.0470062881829562,0.0844372566965864,0.5567007979885805,0.5786889681825522,0.0728646554662043,0.6451178267734823,0.5199877292804552,0.0324807290008095,0.0301741944772159,0.0023065345235936,0.0023839675267776,0.1019482662863584,0.1959608426522709,1.2201307151706635,EEG33,O1,delta,W4,0.044927486351673,5770,0.577042295770423,1.0,0.936442424062965,0.973689025705312,0.9275621110455328,1.0,0.9040762590407628,0.9922007799220078,1.0,False,False,False,False,False
feature,TARGET__OC__MSPSS__EEG49,OC,MSPSS,MSPSS_total,AUDIT_LOG1P,AUDIT,continuous,mayor riesgo por alcohol,none,new_W_clinical,134,1,,,134,130,0.0396233779850415,0.0769453051082963,0.5149551090774642,0.6074588653013567,0.0806089505491115,0.4915505997178406,0.6238659890097229,0.0343709547363797,0.0324012292205496,0.00196972551583,0.0020398366489611,0.1198078276485703,0.1990545836186533,1.3614910052035023,EEG49,T7,delta,W4,0.04614990038853,5944,0.5944405559444056,1.0,0.936442424062965,0.9891728224328948,0.9275621110455328,1.0,0.9040762590407628,0.7615238476152385,1.0,False,False,False,False,False
feature,TARGET__OC__MSPSS__EEG25,OC,MSPSS,MSPSS_total,AUDIT_LOG1P,AUDIT,continuous,mayor riesgo por alcohol,none,new_W_clinical,134,1,,,134,130,0.0205542286270424,0.0820310243289711,0.2505665240094202,0.8025448419541077,0.0760339547139221,0.2703296008260757,0.7873353889096392,0.0140069926386258,0.0135308066865498,0.0004761859520759,0.0004829506381088,0.0409176463628681,0.082026103616953,1.3000809987935695,EEG25,P3,delta,W4,0.0477275509808306,8086,0.8086191380861913,1.0,0.9827782335685468,0.996296827095842,0.9792965340144184,1.0,0.9040762590407628,0.9313376354672224,1.0,False,False,False,False,False
feature,TARGET__OC__MSPSS__EEG37,OC,MSPSS,MSPSS_total,AUDIT_LOG1P,AUDIT,continuous,mayor riesgo por alcohol,none,new_W_clinical,134,1,,,134,130,0.0289205278285057,0.0945099256292009,0.3060051908407182,0.7600901940972272,0.0826519658691933,0.3499073194977105,0.7269744934887664,0.042833793250302,0.0421443451296759,0.0006894481206261,0.0007203013601653,0.1509653546793267,0.2088064103363381,1.1922585400204635,EEG37,O2,delta,W4,0.0480635496317914,7575,0.7575242475752425,1.0,0.9827782335685468,0.996296827095842,0.9765811739993884,1.0,0.9040762590407628,0.967903209679032,1.0,False,False,False,False,False
feature,TARGET__OC__MSPSS__EEG29,OC,MSPSS,MSPSS_total,AUDIT_LOG1P,AUDIT,continuous,mayor riesgo por alcohol,none,new_W_clinical,134,1,,,134,130,0.0324113234573533,0.0721688224179031,0.4491042304898819,0.6541042635723111,0.0850972954347697,0.380873719802268,0.7039186439185309,0.0161080117984273,0.0145815063315896,0.0015265054668377,0.0015514969987996,0.0450423164136887,0.1098649633283953,1.5506686462092287,EEG29,P4,delta,W4,0.0493899977715527,6469,0.646935306469353,1.0,0.9499952304014976,0.996296827095842,0.9446138719461388,1.0,0.9040762590407628,0.8344332233443322,1.0,False,False,False,False,False
feature,TARGET__OA__MSPSS__EEG62,OA,MSPSS,MSPSS_total,AUDIT_LOG1P,AUDIT,continuous,mayor riesgo por alcohol,none,new_W_clinical,134,1,,,134,130,0.1294719797758966,0.0756952879862928,1.7104364514650094,0.0895706123153884,0.0726455989101984,1.78224120549883,0.0770442348305163,0.0889599348667845,0.0684573786766525,0.0205025561901319,0.0225045604192325,0.1668982597494322,0.4258422193012254,1.5256382245929685,EEG62,P8,theta,W4,0.0492521790867692,951,0.0951904809519048,1.0,0.8616455278296865,0.7503442623154136,0.9004504954909914,1.0,0.8897187204356487,0.6663333666633338,0.7097290270972902,False,False,False,False,False
feature,TARGET__OA__MSPSS__EEG61,OA,MSPSS,MSPSS_total,AUDIT_LOG1P,AUDIT,continuous,mayor riesgo por alcohol,none,new_W_clinical,134,1,,,134,130,0.0776091059863311,0.0830759785369617,0.9341943044559112,0.3519356438218154,0.0638599857376189,1.2153010228533894,0.2264538315570382,0.0404318100476941,0.03399001474226,0.006441795305434,0.0067132230652146,0.0984841762874102,0.2537023882600726,1.328565961253005,EEG61,P8,delta,W4,0.0497293732930649,3455,0.3455654434556544,1.0,0.9240553659651414,0.9094288929128624,0.9118465316098148,1.0,0.8897187204356487,0.6911308869113089,0.9967003299670032,False,False,False,False,False
feature,TARGET__DELTA_OC_MINUS_OA__MSPSS__EEG43,DELTA_OC_MINUS_OA,MSPSS,MSPSS_total,AUDIT_LOG1P,AUDIT,continuous,mayor riesgo por alcohol,none,new_W_clinical,134,1,,,134,130,0.0201636667798106,0.1015886989325509,0.1984833647017979,0.8429769643492347,0.0977631118927952,0.20625025522839,0.8369180984603566,0.0306030413314865,0.0303092719508819,0.0002937693806045,0.0003030434312565,-0.1602787999538476,-0.1199514663942263,1.282316752842843,EEG43,F7,alpha,W3,0.0076950147436451,8387,0.8387161283871613,1.0,0.9827782335685468,0.996296827095842,0.9805750194211348,1.0,0.9040762590407628,0.903232753647712,1.0,False,False,False,False,False
feature,TARGET__DELTA_OC_MINUS_OA__MSPSS__EEG23,DELTA_OC_MINUS_OA,MSPSS,MSPSS_total,AUDIT_LOG1P,AUDIT,continuous,mayor riesgo por alcohol,none,new_W_clinical,134,1,,,134,130,-0.1102125622298058,0.0985501216349901,-1.1183401948301095,0.2654840386494077,0.1347451385702819,-0.8179334957774371,0.414891819046103,0.0525112686075865,0.0433958090202833,0.0091154595873031,0.0096206522413277,-0.057904632054748,-0.2783297565143597,1.24391329864244,EEG23,C4,alpha,W3 | W4,0.0084238953858853,2622,0.2622737726227377,1.0,0.9240553659651414,0.9594215456082604,0.9118465316098148,1.0,0.8897187204356487,0.6119721361197213,0.97990200979902,False,False,False,False,False
feature,TARGET__DELTA_OC_MINUS_OA__MSPSS__EEG45,DELTA_OC_MINUS_OA,MSPSS,MSPSS_total,AUDIT_LOG1P,AUDIT,continuous,mayor riesgo por alcohol,none,new_W_clinical,134,1,,,134,130,0.0699878777901757,0.0879385995695435,0.7958720986320453,0.4275572535064258,0.0961378109581266,0.7279953339135145,0.4679256608359982,0.0173105309431789,0.0125224717702838,0.004788059172895,0.004872403056777,-0.0322410601120888,0.1077346954682625,1.1908446807882824,EEG45,F8,delta,W2,0.0094547706672181,4275,0.4275572442755724,1.0,0.936442424062965,0.973689025705312,0.9245162440277712,1.0,0.8897187204356487,0.7000855470008553,0.999900009999,False,False,False,False,False
feature,TARGET__DELTA_OC_MINUS_OA__MSPSS__EEG55,DELTA_OC_MINUS_OA,MSPSS,MSPSS_total,AUDIT_LOG1P,AUDIT,continuous,mayor riesgo por alcohol,none,new_W_clinical,134,1,,,134,130,-0.0528929474134872,0.0992326926931644,-0.533019370713204,0.5949301930582994,0.1428750972720029,-0.3702041043079093,0.7118328777427765,0.0910208632817767,0.0890343267895744,0.0019865364922022,0.0021854588427347,-0.2193806625938814,-0.325166557420856,1.286342640889485,EEG55,T8,alpha,W3,0.015348005968504,5926,0.5926407359264073,1.0,0.936442424062965,0.996296827095842,0.9275621110455328,1.0,0.9040762590407628,0.7542700275427002,1.0,False,False,False,False,False
feature,TARGET__DELTA_OC_MINUS_OA__MSPSS__EEG51,DELTA_OC_MINUS_OA,MSPSS,MSPSS_total,AUDIT_LOG1P,AUDIT,continuous,mayor riesgo por alcohol,none,new_W_clinical,134,1,,,134,130,0.0453422914890122,0.1009726559480609,0.4490551532321358,0.6541395729336027,0.076039120940849,0.5963021524707539,0.5520103096642688,0.0265200175100136,0.0250099963173924,0.0015100211926212,0.0015511579280334,-0.163277691448153,-0.0725931084701285,1.255656220266191,EEG51,T7,alpha,W2,0.0328030420497389,6536,0.6536346365363463,1.0,0.9499952304014976,0.9782461183923752,0.9492619202810008,1.0,0.9040762590407628,0.6536346365363463,1.0,False,False,False,False,False
feature,TARGET__DELTA_OC_MINUS_OA__BAI__EEG8,DELTA_OC_MINUS_OA,BAI,STAI_Trait_Anxiety,AUDIT_LOG1P,AUDIT,continuous,mayor riesgo por alcohol,none,new_W_clinical,134,1,,,134,130,0.0229237493552072,0.0834877816512141,0.2745760984640312,0.7840777934235182,0.1048697848056386,0.2185925087735542,0.8273102809867403,0.0416662163848524,0.0411104415152235,0.0005557748696288,0.0005799387219057,0.0013504617308812,0.0471979604412958,1.2893988574771411,EEG8,Fp2,beta,W4,0.0343388639933498,7769,0.7769223077692231,1.0,0.9827782335685468,0.996296827095842,0.9792965340144184,1.0,0.9040762590407628,0.9868013198680132,1.0,False,False,False,False,False
feature,TARGET__DELTA_OC_MINUS_OA__MSPSS__EEG11,DELTA_OC_MINUS_OA,MSPSS,MSPSS_total,AUDIT_LOG1P,AUDIT,continuous,mayor riesgo por alcohol,none,new_W_clinical,134,1,,,134,130,0.0224138650766886,0.102330241280135,0.2190346157332841,0.8269665985688573,0.1014861233179248,0.2208564515413883,0.8255507053403245,0.0448389893724828,0.0444864896783945,0.0003524996940883,0.0003690474068416,-0.2064112655149249,-0.1615835353615477,1.2414248734439643,EEG11,F3,alpha,W3,0.0345540481569964,8178,0.8178182181781822,1.0,0.9827782335685468,0.996296827095842,0.9805750194211348,1.0,0.9040762590407628,0.8983870843684862,1.0,False,False,False,False,False
feature,TARGET__DELTA_OC_MINUS_OA__MSPSS__EEG7,DELTA_OC_MINUS_OA,MSPSS,MSPSS_total,AUDIT_LOG1P,AUDIT,continuous,mayor riesgo por alcohol,none,new_W_clinical,134,1,,,134,130,-0.0347172715002692,0.0839656555976391,-0.4134699032975261,0.6799436307435267,0.0800631319255088,-0.4336237000142633,0.6652804335217012,0.0827928651718328,0.0815866858549173,0.0012061793169154,0.0013150566225604,-0.2377256859269796,-0.307160228927518,1.2604181119776694,EEG7,Fp2,alpha,W2,0.0346170182546974,6712,0.6712328767123288,1.0,0.9570681755329546,0.9937311736429768,0.9505274372161178,1.0,0.9040762590407628,0.8599447747532938,1.0,False,False,False,False,False
feature,TARGET__DELTA_OC_MINUS_OA__MSPSS__EEG59,DELTA_OC_MINUS_OA,MSPSS,MSPSS_total,AUDIT_LOG1P,AUDIT,continuous,mayor riesgo por alcohol,none,new_W_clinical,134,1,,,134,130,0.0177947365016736,0.104516784976655,0.1702572128069983,0.8650725429879083,0.1426786458516074,0.1247189892745478,0.9009386733920136,0.0732058060523891,0.0729991486381228,0.0002066574142662,0.0002229809116369,-0.2708148368894286,-0.2352253638860813,1.3131393740055637,EEG59,P7,alpha,W3,0.0405515036123669,8679,0.8679132086791321,1.0,0.9827782335685468,0.996296827095842,0.9805750194211348,1.0,0.9040762590407628,0.9346757631929116,1.0,False,False,False,False,False
feature,TARGET__DELTA_OC_MINUS_OA__MSPSS__EEG31,DELTA_OC_MINUS_OA,MSPSS,MSPSS_total,AUDIT_LOG1P,AUDIT,continuous,mayor riesgo por alcohol,none,new_W_clinical,134,1,,,134,130,-0.0182787814627699,0.0923469822394606,-0.1979358829005598,0.84340440829451,0.0966906343423647,-0.1890439708777579,0.850353173988706,0.0532295117397748,0.0529441797762394,0.0002853319635354,0.0003013739518431,-0.1873903629956395,-0.2239479259211794,1.1058465677759608,EEG31,P4,alpha,W3,0.0409085023412764,8422,0.8422157784221578,1.0,0.9827782335685468,0.996296827095842,0.9805750194211348,1.0,0.9040762590407628,0.8801119888011198,1.0,False,False,False,False,False
feature,TARGET__DELTA_OC_MINUS_OA__BAI__EEG4,DELTA_OC_MINUS_OA,BAI,STAI_Trait_Anxiety,AUDIT_LOG1P,AUDIT,continuous,mayor riesgo por alcohol,none,new_W_clinical,134,1,,,134,130,0.0170922809949013,0.0824461887633842,0.2073143859197077,0.8360887348623456,0.1170225307255205,0.1460597449818591,0.8841004669691782,0.0421243246826422,0.041807641740077,0.0003166829425652,0.0003306096508404,-0.0454798060582457,-0.011295244068443,1.268768992191813,EEG4,Fp1,beta,W4,0.0411042368767334,8391,0.8391160883911609,1.0,0.9827782335685468,0.996296827095842,0.9805750194211348,1.0,0.9040762590407628,0.9363063693630636,1.0,False,False,False,False,False
feature,TARGET__DELTA_OC_MINUS_OA__BAI__EEG59,DELTA_OC_MINUS_OA,BAI,STAI_Trait_Anxiety,AUDIT_LOG1P,AUDIT,continuous,mayor riesgo por alcohol,none,new_W_clinical,134,1,,,134,130,0.0980301787234281,0.1034692394831762,0.9474330652576952,0.3451759632121607,0.0949794711548122,1.0321196520840117,0.3039323939559901,0.0916907554902255,0.0854190239971316,0.0062717314930939,0.006904841639566,0.1016345262281017,0.2976948836749581,1.3131393740055637,EEG59,P7,alpha,W4,0.0416182735950191,3559,0.355964403559644,1.0,0.9240553659651414,0.9488919985621757,0.9118465316098148,1.0,0.8897187204356487,0.6096390360963904,0.996000399960004,False,False,False,False,False
feature,TARGET__DELTA_OC_MINUS_OA__MSPSS__EEG39,DELTA_OC_MINUS_OA,MSPSS,MSPSS_total,AUDIT_LOG1P,AUDIT,continuous,mayor riesgo por alcohol,none,new_W_clinical,134,1,,,134,130,0.03869378045225,0.0926145608552854,0.4177937043043464,0.6767872113521434,0.0882485628192077,0.4384635762456647,0.6617780434185067,0.0528962057032417,0.0516245252177888,0.0012716804854528,0.0013427044565871,-0.2388678833535537,-0.1614803224490536,1.177334931711328,EEG39,O2,alpha,W3,0.0454113384125685,6723,0.6723327667233276,1.0,0.9570681755329546,0.9937311736429768,0.9505274372161178,1.0,0.9040762590407628,0.7843882278438823,1.0,False,False,False,False,False
feature,TARGET__DELTA_OC_MINUS_OA__BAI__EEG3,DELTA_OC_MINUS_OA,BAI,STAI_Trait_Anxiety,AUDIT_LOG1P,AUDIT,continuous,mayor riesgo por alcohol,none,new_W_clinical,134,1,,,134,130,0.0910453812410265,0.0864797732528907,1.0527939403215674,0.2943883592396059,0.0948840826329077,0.9595432522994124,0.3390663718658155,0.077721935024057,0.0698586271412315,0.0078633078828254,0.0085259621598292,0.0938376665812963,0.2759284290633494,1.2320583602463144,EEG3,Fp1,alpha,W2,0.0459919248789558,2982,0.2982701729827017,1.0,0.9240553659651414,0.9488919985621757,0.9118465316098148,1.0,0.8897187204356487,0.6593340665933406,0.9891010898910108,False,False,False,False,False
feature,TARGET__DELTA_OC_MINUS_OA__BAI__EEG12,DELTA_OC_MINUS_OA,BAI,STAI_Trait_Anxiety,AUDIT_LOG1P,AUDIT,continuous,mayor riesgo por alcohol,none,new_W_clinical,134,1,,,134,130,-0.0821956116283724,0.1008489638460709,-0.8150367489529222,0.4165419325658588,0.079629301944983,-1.0322282077163325,0.3038817435700078,0.048348362789658,0.0434855334458182,0.0048628293438397,0.0051098838626438,0.1243316370985349,-0.04005958615821,1.26449176584493,EEG12,F3,beta,W4,0.0478588951311882,4173,0.4173582641735826,1.0,0.936442424062965,0.9488919985621757,0.9245162440277712,1.0,0.8897187204356487,0.7104827978740588,0.9998000199980002,False,False,False,False,False
feature,TARGET__DELTA_OC_MINUS_OA__MSPSS__EEG36,DELTA_OC_MINUS_OA,MSPSS,MSPSS_total,AUDIT_LOG1P,AUDIT,continuous,mayor riesgo por alcohol,none,new_W_clinical,134,1,,,134,130,0.1151531439545236,0.0809627225561085,1.4222983160518174,0.1573346308997755,0.083325023952514,1.3819755277856036,0.1693492996314805,0.0370562256918812,0.0220718391028802,0.014984386589001,0.0155610192295675,-0.187538452456742,0.0427678354523052,1.4096519673607206,EEG36,O1,beta,W5,0.0490054593140692,1506,0.1506849315068493,1.0,0.9240553659651414,0.8910854983100159,0.9118465316098148,1.0,0.8897187204356487,0.5273972602739726,0.8835116488351165,False,False,False,False,False
feature,TARGET__DELTA_OC_MINUS_OA__MSPSS__EEG19,DELTA_OC_MINUS_OA,MSPSS,MSPSS_total,AUDIT_LOG1P,AUDIT,continuous,mayor riesgo por alcohol,none,new_W_clinical,134,1,,,134,130,-0.0507095089367118,0.1009766664279952,-0.5021903646707525,0.6163831765390854,0.132831347935649,-0.3817585963313296,0.7032637230766497,0.0781375751581633,0.076349196358824,0.0017883787993392,0.0019399627874474,-0.2087762756754052,-0.3101952935488288,1.2351563022547762,EEG19,C3,alpha,W3,0.0494633433241626,6148,0.6148385161483851,1.0,0.936442424062965,0.996296827095842,0.9311462016191544,1.0,0.9040762590407628,0.8465153484651535,1.0,False,False,False,False,False
feature,TARGET__OC__MSPSS__EEG62,OC,MSPSS,MSPSS_total,ALCOHOL_UNITS_LOG1P,Unidades estándar de alcohol en 28 días,continuous,mayor consumo,none,new_W_clinical,134,1,,,134,130,0.0886635575238257,0.0802625035189766,1.1046697229281277,0.2713431127078555,0.0805296674870491,1.101004887895318,0.2729289538612852,0.0632915127237939,0.054498736817779,0.0087927759060149,0.0093868861288775,0.1005248835882835,0.2778519986359351,1.2362237690146214,EEG62,P8,theta,W4,0.0301372372361042,2678,0.2678732126787321,1.0,0.9240553659651414,0.9488919985621757,0.9118465316098148,1.0,0.8090100080901,0.6250374962503751,0.9875012498750124,False,False,False,False,False
feature,TARGET__OC__MSPSS__EEG61,OC,MSPSS,MSPSS_total,ALCOHOL_UNITS_LOG1P,Unidades estándar de alcohol en 28 días,continuous,mayor consumo,none,new_W_clinical,134,1,,,134,130,0.0560066454027598,0.0768616581972243,0.7286681905697212,0.4675152790597915,0.079258453375495,0.7066330847691747,0.4810591406905493,0.0467616258434888,0.0428683265830831,0.0038932992604057,0.0040842871688319,0.086344324309089,0.1983576151146087,1.1929229009528073,EEG61,P8,delta,W4,0.0303231288881845,4668,0.4668533146685331,1.0,0.936442424062965,0.973689025705312,0.9275621110455328,1.0,0.8090100080901,0.8812755088127551,0.999900009999,False,False,False,False,False
feature,TARGET__OC__MSPSS__EEG5,OC,MSPSS,MSPSS_total,ALCOHOL_UNITS_LOG1P,Unidades estándar de alcohol en 28 días,continuous,mayor consumo,none,new_W_clinical,134,1,,,134,130,0.0431176911096858,0.0777934319116857,0.5542587600278998,0.5803539877818235,0.0837937628762543,0.514569218873265,0.6077277990747435,0.0276624406319012,0.0253647114427034,0.0022977291891977,0.0023630982543665,-0.0197827097639259,0.0664526724554456,1.2350104012087852,EEG5,Fp2,delta,W4,0.0308392371721907,5754,0.5754424557544245,1.0,0.936442424062965,0.9891728224328948,0.9275621110455328,1.0,0.8232033939463197,0.8417358264173583,1.0,False,False,False,False,False
feature,TARGET__OC__MSPSS__EEG6,OC,MSPSS,MSPSS_total,ALCOHOL_UNITS_LOG1P,Unidades estándar de alcohol en 28 días,continuous,mayor consumo,none,new_W_clinical,134,1,,,134,130,0.0871070592718243,0.0775054233991032,1.1238834064976178,0.2631335534549455,0.0736695474285273,1.1824025301137315,0.2392041460782311,0.0453687202011248,0.0360932736644155,0.0092754465367093,0.0097162608569284,0.0468136571130021,0.2210277756566507,1.3791319600881753,EEG6,Fp2,theta,W4,0.0341492186828345,2625,0.2625737426257374,1.0,0.9240553659651414,0.9184859084636012,0.9118465316098148,1.0,0.8090100080901,0.6411358864113589,0.9843015698430156,False,False,False,False,False
feature,TARGET__OC__MSPSS__EEG54,OC,MSPSS,MSPSS_total,ALCOHOL_UNITS_LOG1P,Unidades estándar de alcohol en 28 días,continuous,mayor consumo,none,new_W_clinical,134,1,,,134,130,0.0511545602325081,0.0766074232993485,0.6677493907165941,0.505477290590167,0.0817260734493218,0.625927052083678,0.53246019987168,0.0575104290874368,0.0542777678045269,0.0032326612829098,0.0034299172984798,0.1313137944300226,0.233622914895039,1.2804069766304909,EEG54,T8,theta,W4,0.0343992826654235,5037,0.5037496250374962,1.0,0.936442424062965,0.9782461183923752,0.9275621110455328,1.0,0.8090100080901,0.7342804181120349,0.999900009999,False,False,False,False,False
feature,TARGET__OC__MSPSS__EEG58,OC,MSPSS,MSPSS_total,ALCOHOL_UNITS_LOG1P,Unidades estándar de alcohol en 28 días,continuous,mayor consumo,none,new_W_clinical,134,1,,,134,130,0.0610566104504636,0.0803053893430286,0.7603052665576052,0.4484488582534034,0.0779121552072333,0.7836596265122334,0.4346653076911856,0.0533054400406629,0.0490958236005037,0.0042096164401591,0.0044466469104248,0.1134464255948946,0.235559646495822,1.3497572842268837,EEG58,P7,theta,W4,0.0345495111494009,4404,0.4404559544045595,1.0,0.936442424062965,0.97209493732853,0.9245162440277712,1.0,0.8090100080901,0.7972202779722029,0.999900009999,False,False,False,False,False
feature,TARGET__OC__MSPSS__EEG57,OC,MSPSS,MSPSS_total,ALCOHOL_UNITS_LOG1P,Unidades estándar de alcohol en 28 días,continuous,mayor consumo,none,new_W_clinical,134,1,,,134,130,0.0467872058537321,0.0758991769784755,0.6164389090411427,0.5386828503258673,0.0732522020522523,0.6387139846029174,0.5241327104075598,0.0408951675199117,0.0380916529773845,0.0028035145425271,0.0029230532967681,0.0776546796297855,0.1712290913372497,1.2543000698320088,EEG57,P7,delta,W4,0.0347741004973604,5324,0.5324467553244675,1.0,0.936442424062965,0.973689025705312,0.9275621110455328,1.0,0.8090100080901,0.752004799520048,1.0,False,False,False,False,False
feature,TARGET__OC__MSPSS__EEG13,OC,MSPSS,MSPSS_total,ALCOHOL_UNITS_LOG1P,Unidades estándar de alcohol en 28 días,continuous,mayor consumo,none,new_W_clinical,134,1,,,134,130,0.0397646248215727,0.0756804095295236,0.5254282458138677,0.600180567032875,0.0834429826994561,0.4765484590213708,0.6344837103890997,0.0835669510755325,0.0816207656237918,0.0019461854517407,0.0021236526269156,0.1992917020528688,0.2788209516960143,1.1988972587061826,EEG13,F4,delta,W4,0.0347749067907123,6064,0.6064393560643936,1.0,0.936442424062965,0.9891728224328948,0.9285534328663204,1.0,0.8414947978886321,0.9398660133986602,1.0,False,False,False,False,False
feature,TARGET__OC__MSPSS__EEG10,OC,MSPSS,MSPSS_total,ALCOHOL_UNITS_LOG1P,Unidades estándar de alcohol en 28 días,continuous,mayor consumo,none,new_W_clinical,134,1,,,134,130,0.0996341359945629,0.0769820365907326,1.2942517554355948,0.1978728828397405,0.0844291172579426,1.1800921202358052,0.2401184589269129,0.0762425384821428,0.0643396563655848,0.0119028821165579,0.0128852892803701,0.1300618627299827,0.3293301347191086,1.3769261061504698,EEG10,F3,theta,W4,0.0347846023678833,1982,0.1982801719828017,1.0,0.9240553659651414,0.9184859084636012,0.9118465316098148,1.0,0.8090100080901,0.7156784321567843,0.944005599440056,False,False,False,False,False
feature,TARGET__OC__MSPSS__EEG18,OC,MSPSS,MSPSS_total,ALCOHOL_UNITS_LOG1P,Unidades estándar de alcohol en 28 días,continuous,mayor consumo,none,new_W_clinical,134,1,,,134,130,0.0965557551365001,0.0749201590621026,1.2887820360400375,0.1997626173969161,0.0796111177253357,1.212842601577641,0.2273893348973688,0.0640728903014927,0.0521149158101355,0.0119579744913572,0.0127766087416885,0.0996116897614323,0.2927232000344325,1.4106865765444818,EEG18,C3,theta,W4,0.0358267801609531,1948,0.1948805119488051,1.0,0.9240553659651414,0.9094288929128624,0.9118465316098148,1.0,0.8090100080901,0.6498150184981502,0.9462053794620536,False,False,False,False,False
feature,TARGET__OC__MSPSS__EEG22,OC,MSPSS,MSPSS_total,ALCOHOL_UNITS_LOG1P,Unidades estándar de alcohol en 28 días,continuous,mayor consumo,none,new_W_clinical,134,1,,,134,130,0.0827947147120809,0.0765438094753271,1.081664412571061,0.2814040722393233,0.079789463281221,1.037664765587754,0.3013523838883066,0.0597158869615652,0.0512533451231342,0.0084625418384309,0.0089999838570973,0.1066396326650833,0.2722290620892453,1.3954508107589327,EEG22,C4,theta,W4,0.0364824153601674,2816,0.2816718328167183,1.0,0.9240553659651414,0.9488919985621757,0.9118465316098148,1.0,0.8090100080901,0.7549911675499117,0.9897010298970104,False,False,False,False,False
feature,TARGET__OC__MSPSS__EEG30,OC,MSPSS,MSPSS_total,ALCOHOL_UNITS_LOG1P,Unidades estándar de alcohol en 28 días,continuous,mayor consumo,none,new_W_clinical,134,1,,,134,130,0.0772661105508352,0.0740916708182452,1.0428447583585645,0.2989556208878115,0.0759355295610836,1.017522508863013,0.310794878431853,0.0514504835978156,0.0435153182664023,0.0079351653314133,0.0083655783848914,0.0836916421334665,0.2382238632351371,1.3978667620850729,EEG30,P4,theta,W4,0.0367556740163888,2984,0.2984701529847015,1.0,0.9240553659651414,0.9488919985621757,0.9118465316098148,1.0,0.8090100080901,0.6964303569643037,0.9926007399260074,False,False,False,False,False
feature,TARGET__OC__MSPSS__EEG53,OC,MSPSS,MSPSS_total,ALCOHOL_UNITS_LOG1P,Unidades estándar de alcohol en 28 días,continuous,mayor consumo,none,new_W_clinical,134,1,,,134,130,-0.0246668179918058,0.0777055446145127,-0.3174396127609005,0.7514193334939236,0.0822016225731903,-0.3000770206189428,0.7645977092050799,0.0360337917912109,0.0352865851916518,0.000747206599559,0.0007751377519213,0.1301291970799291,0.0807955610963175,1.170270617454868,EEG53,T8,delta,W4,0.0369640002416077,7536,0.7536246375362464,1.0,0.9798446861877692,0.996296827095842,0.9765811739993884,1.0,0.8763077180654029,0.8792287437922875,1.0,False,False,False,False,False
feature,TARGET__OC__MSPSS__EEG1,OC,MSPSS,MSPSS_total,ALCOHOL_UNITS_LOG1P,Unidades estándar de alcohol en 28 días,continuous,mayor consumo,none,new_W_clinical,134,1,,,134,130,0.01326656121902,0.083788770395723,0.1583334038244494,0.8744397789107017,0.0842975340122113,0.1573778091432461,0.8751912746716967,0.0362740997887366,0.0360882529085253,0.0001858468802112,0.0001928420520508,0.0927663252768367,0.1192994477148769,1.377573508595849,EEG1,Fp1,delta,W4,0.0371765040761449,8741,0.8741125887411259,1.0,0.9827782335685468,0.996296827095842,0.9805750194211348,1.0,0.9501223790664411,0.8741125887411259,1.0,False,False,False,False,False
feature,TARGET__OC__MSPSS__EEG46,OC,MSPSS,MSPSS_total,ALCOHOL_UNITS_LOG1P,Unidades estándar de alcohol en 28 días,continuous,mayor consumo,none,new_W_clinical,134,1,,,134,130,0.0866507064884624,0.0786469562782705,1.1017680860003387,0.2725981765077258,0.0894747111282998,0.968437957449363,0.3346239752113136,0.0792681566702085,0.070670696196857,0.0085974604733515,0.0093376378102218,0.1416594368312462,0.3149608498081711,1.2304998047475326,EEG46,F8,theta,W4,0.037300816525276,2700,0.2700729927007299,1.0,0.9240553659651414,0.9488919985621757,0.9118465316098148,1.0,0.8090100080901,0.8126965081269649,0.987901209879012,False,False,False,False,False
feature,TARGET__OC__MSPSS__EEG9,OC,MSPSS,MSPSS_total,ALCOHOL_UNITS_LOG1P,Unidades estándar de alcohol en 28 días,continuous,mayor consumo,none,new_W_clinical,134,1,,,134,130,0.0561834130644629,0.0765926113978063,0.733535677125014,0.464552569782607,0.0851800787356105,0.6595839531781841,0.5106876492040013,0.0649608552878121,0.0610906952565415,0.0038701600312706,0.0041390353047324,0.1385300929635262,0.2508969190924521,1.1869271975455922,EEG9,F3,delta,W4,0.0373805689785554,4609,0.460953904609539,1.0,0.936442424062965,0.973689025705312,0.9275621110455328,1.0,0.8090100080901,0.9167916541679164,0.999900009999,False,False,False,False,False
feature,TARGET__OC__MSPSS__EEG38,OC,MSPSS,MSPSS_total,ALCOHOL_UNITS_LOG1P,Unidades estándar de alcohol en 28 días,continuous,mayor consumo,none,new_W_clinical,134,1,,,134,130,0.0740533826280356,0.0833615128887413,0.8883401951554212,0.3759985022396754,0.0896111737709649,0.8263855891153369,0.4100995298286783,0.0659577795418835,0.060287796214361,0.0056699833275224,0.0060703715563751,0.1220627078434875,0.2701694730995588,1.1697175556168662,EEG38,O2,theta,W4,0.0381984113175509,3745,0.3745625437456254,1.0,0.9240553659651414,0.9594215456082604,0.9118465316098148,1.0,0.8090100080901,0.8739792687397927,0.9991000899910008,False,False,False,False,False
feature,TARGET__OC__MSPSS__EEG14,OC,MSPSS,MSPSS_total,ALCOHOL_UNITS_LOG1P,Unidades estándar de alcohol en 28 días,continuous,mayor consumo,none,new_W_clinical,134,1,,,134,130,0.0723862911884119,0.0789358418401717,0.917026910728066,0.3608266426379166,0.0772786781284482,0.9366916326919512,0.3506540661321839,0.0661539923643016,0.0601131698605784,0.0060408225037231,0.0064687565769192,0.1291040866478957,0.2738766690247196,1.241029909668469,EEG14,F4,theta,W4,0.0385821877448471,3606,0.3606639336066393,1.0,0.9240553659651414,0.9488919985621757,0.9118465316098148,1.0,0.8090100080901,0.653949989616423,0.9986001399860014,False,False,False,False,False
feature,TARGET__OC__MSPSS__EEG2,OC,MSPSS,MSPSS_total,ALCOHOL_UNITS_LOG1P,Unidades estándar de alcohol en 28 días,continuous,mayor consumo,none,new_W_clinical,134,1,,,134,130,0.0977295717927249,0.0764493663323785,1.278356858679856,0.2034012812505544,0.0663960088972093,1.4719193731060627,0.1434593989709461,0.0621109227033597,0.0503209625444155,0.0117899601589441,0.0125707404471831,0.0724321106908193,0.2678912542762692,1.1989481310173498,EEG2,Fp1,theta,W4,0.0390269244562189,2042,0.2042795720427957,1.0,0.9240553659651414,0.8856127534210265,0.9118465316098148,1.0,0.8090100080901,0.7414591874145919,0.9498050194980502,False,False,False,False,False
feature,TARGET__OC__MSPSS__EEG17,OC,MSPSS,MSPSS_total,ALCOHOL_UNITS_LOG1P,Unidades estándar de alcohol en 28 días,continuous,mayor consumo,none,new_W_clinical,134,1,,,134,130,0.0466347422524829,0.0752976514657922,0.6193386027938617,0.5367772239699696,0.0744041194363426,0.6267763479464581,0.5319050024815897,0.0435406950198808,0.0407185492365045,0.0028221457833763,0.0029506177300821,0.0849080070468254,0.1781774915517912,1.2027122644253638,EEG17,C3,delta,W4,0.0392538879333417,5306,0.5306469353064693,1.0,0.936442424062965,0.9782461183923752,0.9275621110455328,1.0,0.8090100080901,0.8490787284907874,1.0,False,False,False,False,False
feature,TARGET__OC__MSPSS__EEG21,OC,MSPSS,MSPSS_total,ALCOHOL_UNITS_LOG1P,Unidades estándar de alcohol en 28 días,continuous,mayor consumo,none,new_W_clinical,134,1,,,134,130,0.0028845763095535,0.0741328161700548,0.0389109231050462,0.9690210995363896,0.078356002167406,0.0368137249191286,0.9706900006169412,0.0394232038047263,0.0394120163366998,1.1187468026419012e-05,1.1646614899226377e-05,0.1195466206335981,0.1253157732527052,1.2482193269524695,EEG21,C4,delta,W4,0.0394069913028541,9701,0.97010298970103,1.0,0.994066804971526,0.9965523916828825,0.9947614316167211,1.0,0.9899010098990102,0.9931006899310068,1.0,False,False,False,False,False
feature,TARGET__OC__MSPSS__EEG50,OC,MSPSS,MSPSS_total,ALCOHOL_UNITS_LOG1P,Unidades estándar de alcohol en 28 días,continuous,mayor consumo,none,new_W_clinical,134,1,,,134,130,0.0716183212283276,0.0753512320019497,0.9504598574642344,0.3436423293644952,0.0860875266690809,0.831924484294076,0.4069771367412029,0.0718892778561512,0.0654398083144321,0.006449469541719,0.0069490303126995,0.1494989097844766,0.2927355522411319,1.3350493768039788,EEG50,T7,theta,W4,0.039647610447041,3383,0.3383661633836616,1.0,0.9240553659651414,0.9594215456082604,0.9118465316098148,1.0,0.8090100080901,0.692930706929307,0.9977002299770024,False,False,False,False,False
feature,TARGET__OC__MSPSS__EEG42,OC,MSPSS,MSPSS_total,ALCOHOL_UNITS_LOG1P,Unidades estándar de alcohol en 28 días,continuous,mayor consumo,none,new_W_clinical,134,1,,,134,130,0.0569952081979292,0.0763888252392853,0.7461197108267306,0.4569421924222076,0.0854546209014152,0.6669646134605381,0.5059768234474142,0.0698992484859435,0.0659163093543403,0.0039829391316031,0.0042822663298783,0.1605297734639679,0.2745201898598264,1.2971633861258969,EEG42,F7,theta,W4,0.0403006852011876,4541,0.4541545845415458,1.0,0.936442424062965,0.973689025705312,0.9245162440277712,1.0,0.8090100080901,0.9246075392460754,0.999900009999,False,False,False,False,False
feature,TARGET__OC__MSPSS__EEG26,OC,MSPSS,MSPSS_total,ALCOHOL_UNITS_LOG1P,Unidades estándar de alcohol en 28 días,continuous,mayor consumo,none,new_W_clinical,134,1,,,134,130,0.054326434274979,0.0764458736398127,0.710652278381263,0.4785727420900675,0.079011269841598,0.6875782959050367,0.4929432914225973,0.0449824778104706,0.0412724061934953,0.0037100716169752,0.0038848204674499,0.0913774176924046,0.2000302862423627,1.3874316714812838,EEG26,P3,theta,W4,0.0403167916358557,4736,0.4736526347365263,1.0,0.936442424062965,0.973689025705312,0.9275621110455328,1.0,0.8090100080901,0.7367929873679299,0.999900009999,False,False,False,False,False
feature,TARGET__OC__MSPSS__EEG34,OC,MSPSS,MSPSS_total,ALCOHOL_UNITS_LOG1P,Unidades estándar de alcohol en 28 días,continuous,mayor consumo,none,new_W_clinical,134,1,,,134,130,0.0541281270579844,0.0811486648743138,0.6670242466936469,0.5059388559898744,0.0818649212818657,0.6611882868807518,0.5096616883963717,0.0561159260876379,0.0528855093774194,0.0032304167102185,0.0034224718898249,0.1252450300839226,0.2335012841998914,1.2616780780641674,EEG34,O1,theta,W4,0.0410297253297877,5016,0.5016498350164984,1.0,0.936442424062965,0.973689025705312,0.9275621110455328,1.0,0.8090100080901,0.7384897873848979,0.999900009999,False,False,False,False,False
feature,TARGET__OC__MSPSS__EEG45,OC,MSPSS,MSPSS_total,ALCOHOL_UNITS_LOG1P,Unidades estándar de alcohol en 28 días,continuous,mayor consumo,none,new_W_clinical,134,1,,,134,130,0.0428006218390209,0.0773730556124732,0.5531721799044611,0.581095564288033,0.0691625830733032,0.6188407074625581,0.5371041877649622,0.0717934655249716,0.0696086139950213,0.0021848515299502,0.002353842004771,0.1645145169281702,0.2501157606062121,1.1942010103983645,EEG45,F8,delta,W4,0.0433332040268562,5762,0.5762423757624238,1.0,0.936442424062965,0.9782461183923752,0.9275621110455328,1.0,0.8232033939463197,0.9927007299270072,1.0,False,False,False,False,False
feature,TARGET__OC__MSPSS__EEG33,OC,MSPSS,MSPSS_total,ALCOHOL_UNITS_LOG1P,Unidades estándar de alcohol en 28 días,continuous,mayor consumo,none,new_W_clinical,134,1,,,134,130,0.0617145560818192,0.0770021182845068,0.8014656928501206,0.424324598638695,0.0839732521605224,0.7349311178736568,0.4637051552444152,0.0497146964627743,0.0450192106326247,0.0046954858301496,0.0049411327447365,0.0926034370114145,0.216032549175053,1.2323768803848012,EEG33,O1,delta,W4,0.044927486351673,4213,0.4213578642135786,1.0,0.936442424062965,0.973689025705312,0.9245162440277712,1.0,0.8090100080901,0.9883011698830118,0.999900009999,False,False,False,False,False
feature,TARGET__OC__MSPSS__EEG49,OC,MSPSS,MSPSS_total,ALCOHOL_UNITS_LOG1P,Unidades estándar de alcohol en 28 días,continuous,mayor consumo,none,new_W_clinical,134,1,,,134,130,0.0010334608154168,0.0732846961664678,0.0141020004104167,0.98877022367525,0.0787925910469002,0.01311621818353,0.9895551797004696,0.0453982874472763,0.0453968271532695,1.4602940068275672e-06,1.529741658353576e-06,0.1440438274270247,0.1461107490578583,1.3586223920928535,EEG49,T7,delta,W4,0.04614990038853,9902,0.9902009799020098,1.0,0.9957494258412956,0.9965523916828825,0.9965240958021508,1.0,0.9902009799020098,0.9902009799020098,1.0,False,False,False,False,False
feature,TARGET__OC__MSPSS__EEG25,OC,MSPSS,MSPSS_total,ALCOHOL_UNITS_LOG1P,Unidades estándar de alcohol en 28 días,continuous,mayor consumo,none,new_W_clinical,134,1,,,134,130,0.0125948063135464,0.0742694983008663,0.1695824881235201,0.865602101938061,0.0706161816200676,0.1783558105889895,0.8587211928722241,0.0289133612910574,0.0286985403413254,0.000214820949732,0.0002212170790627,0.0548136189617128,0.0800032315888057,1.325363850048408,EEG25,P3,delta,W4,0.0477275509808306,8648,0.8648135186481352,1.0,0.9827782335685468,0.996296827095842,0.9805750194211348,1.0,0.9501223790664411,0.9313376354672224,1.0,False,False,False,False,False
feature,TARGET__OC__MSPSS__EEG37,OC,MSPSS,MSPSS_total,ALCOHOL_UNITS_LOG1P,Unidades estándar de alcohol en 28 días,continuous,mayor consumo,none,new_W_clinical,134,1,,,134,130,0.0542958286980639,0.0806286304656131,0.6734063121811343,0.5018842859395883,0.1062994707885796,0.5107817404477363,0.6103702063162671,0.0610137281078706,0.0577382835218804,0.0032754445859901,0.0034882773945032,0.1301774749564098,0.2387691323525378,1.1153851663415872,EEG37,O2,delta,W4,0.0480635496317914,5012,0.5012498750124987,1.0,0.936442424062965,0.9891728224328948,0.9275621110455328,1.0,0.8090100080901,0.967903209679032,0.999900009999,False,False,False,False,False
feature,TARGET__OC__MSPSS__EEG29,OC,MSPSS,MSPSS_total,ALCOHOL_UNITS_LOG1P,Unidades estándar de alcohol en 28 días,continuous,mayor consumo,none,new_W_clinical,134,1,,,134,130,0.0487759739860777,0.0705879390225924,0.6909958650367521,0.4908001653861237,0.0708904089404055,0.6880475753367657,0.4926487104941353,0.0333566635107263,0.0298062919486892,0.003550371562037,0.003672886811522,0.0386169922847566,0.1361689402569122,1.4486265003506906,EEG29,P4,delta,W4,0.0493899977715527,4845,0.4845515448455154,1.0,0.936442424062965,0.973689025705312,0.9275621110455328,1.0,0.8090100080901,0.8344332233443322,0.999900009999,False,False,False,False,False
feature,TARGET__OA__MSPSS__EEG62,OA,MSPSS,MSPSS_total,ALCOHOL_UNITS_LOG1P,Unidades estándar de alcohol en 28 días,continuous,mayor consumo,none,new_W_clinical,134,1,,,134,130,0.0963409657998338,0.0760903894953183,1.2661384235096005,0.2077276918655164,0.0769267005422825,1.252373559774351,0.2126821180325886,0.0920531871770384,0.0808567606840466,0.0111964264929917,0.0123315885191338,0.1805047830528517,0.3731867146525195,1.4949951304410607,EEG62,P8,theta,W4,0.0492521790867692,2038,0.2038796120387961,1.0,0.9240553659651414,0.9094288929128624,0.9118465316098148,1.0,0.8090100080901,0.7135786421357865,0.9537046295370464,False,False,False,False,False
feature,TARGET__OA__MSPSS__EEG61,OA,MSPSS,MSPSS_total,ALCOHOL_UNITS_LOG1P,Unidades estándar de alcohol en 28 días,continuous,mayor consumo,none,new_W_clinical,134,1,,,134,130,0.028204881717047,0.0779265894143024,0.3619416931888773,0.7179832600228654,0.0685512503817847,0.4114422648743051,0.6814257884572699,0.0517927999134614,0.0508372857610879,0.0009555141523734,0.0010077060712956,0.1405566061450808,0.196966369579175,1.2821435129810677,EEG61,P8,delta,W4,0.0497293732930649,7094,0.7094290570942906,1.0,0.970198685312858,0.996296827095842,0.9612282533742786,1.0,0.8477723656205809,0.9777022297770224,1.0,False,False,False,False,False
feature,TARGET__DELTA_OC_MINUS_OA__MSPSS__EEG43,DELTA_OC_MINUS_OA,MSPSS,MSPSS_total,ALCOHOL_UNITS_LOG1P,Unidades estándar de alcohol en 28 días,continuous,mayor consumo,none,new_W_clinical,134,1,,,134,130,0.078477869296165,0.101151762182025,0.7758428286690869,0.4392509458109531,0.0968280246312031,0.810487145586933,0.4191414776011078,0.0515661910776903,0.0471747083901432,0.004391482687547,0.0046302468830556,-0.2329651422460501,-0.0760094036537199,1.246233956458762,EEG43,F7,alpha,W3,0.0076950147436451,4376,0.4376562343765623,1.0,0.936442424062965,0.9594215456082604,0.9245162440277712,1.0,0.8090100080901,0.6255974402559744,0.999900009999,False,False,False,False,False
feature,TARGET__DELTA_OC_MINUS_OA__MSPSS__EEG23,DELTA_OC_MINUS_OA,MSPSS,MSPSS_total,ALCOHOL_UNITS_LOG1P,Unidades estándar de alcohol en 28 días,continuous,mayor consumo,none,new_W_clinical,134,1,,,134,130,-0.0467648502963918,0.0981181779086317,-0.4766175982185442,0.6344346001281281,0.1166943164916923,-0.4007465976264673,0.6892645618334646,0.0555538804148999,0.0539035383023285,0.0016503421125714,0.0017474179610123,-0.1183875405823805,-0.2119172411751643,1.2515993388419486,EEG23,C4,alpha,W3 | W4,0.0084238953858853,6320,0.6320367963203679,1.0,0.9389095562149888,0.996296827095842,0.9369316232933668,1.0,0.8414947978886321,0.8465335284653354,1.0,False,False,False,False,False
feature,TARGET__DELTA_OC_MINUS_OA__MSPSS__EEG45,DELTA_OC_MINUS_OA,MSPSS,MSPSS_total,ALCOHOL_UNITS_LOG1P,Unidades estándar de alcohol en 28 días,continuous,mayor consumo,none,new_W_clinical,134,1,,,134,130,0.0448996821261781,0.0948527722651093,0.473361832806378,0.6367489661821361,0.0873803656424477,0.5138417743627148,0.6082349141714876,0.0274386186603683,0.0257622862420513,0.0016763324183169,0.0017236263442909,-0.0137010936445044,0.0760982706078517,1.1748914244896171,EEG45,F8,delta,W2,0.0094547706672181,6395,0.6395360463953604,1.0,0.9403465745305808,0.9891728224328948,0.94049418587553,1.0,0.8414947978886321,0.8139549681395497,1.0,False,False,False,False,False
feature,TARGET__DELTA_OC_MINUS_OA__MSPSS__EEG55,DELTA_OC_MINUS_OA,MSPSS,MSPSS_total,ALCOHOL_UNITS_LOG1P,Unidades estándar de alcohol en 28 días,continuous,mayor consumo,none,new_W_clinical,134,1,,,134,130,-0.009181490467717,0.0987897382121805,-0.0929397185768121,0.9260945296037396,0.1072794244021569,-0.08558482224232,0.931928134807438,0.1026440666422164,0.1025844422324903,5.9624409726177774e-05,6.644454837788988e-05,-0.2688114887537197,-0.2871744696891536,1.2821163820679475,EEG55,T8,alpha,W3,0.015348005968504,9220,0.922007799220078,1.0,0.9852069463869568,0.996296827095842,0.9844848848448488,1.0,0.9808593608724236,0.9558044195580442,1.0,False,False,False,False,False
feature,TARGET__DELTA_OC_MINUS_OA__MSPSS__EEG51,DELTA_OC_MINUS_OA,MSPSS,MSPSS_total,ALCOHOL_UNITS_LOG1P,Unidades estándar de alcohol en 28 días,continuous,mayor consumo,none,new_W_clinical,134,1,,,134,130,0.1443687291439657,0.1041436411582003,1.386246222413725,0.1680447522270504,0.0907498502296697,1.590842616032945,0.114073884822361,0.0533971513190888,0.0394043326518235,0.0139928186672653,0.0147821429935101,-0.2637640737165151,0.0249733845714164,1.296002429485925,EEG51,T7,alpha,W2,0.0328030420497389,1654,0.1654834516548345,1.0,0.9240553659651414,0.8179154363630071,0.9118465316098148,1.0,0.8090100080901,0.4633536646335366,0.9121087891210878,False,False,False,False,False
feature,TARGET__DELTA_OC_MINUS_OA__BAI__EEG8,DELTA_OC_MINUS_OA,BAI,STAI_Trait_Anxiety,ALCOHOL_UNITS_LOG1P,Unidades estándar de alcohol en 28 días,continuous,mayor consumo,none,new_W_clinical,134,1,,,134,130,-0.0312555179718437,0.0855148022869324,-0.3654983363812316,0.7153334677262329,0.097160111929501,-0.3216908394930897,0.7482035888378351,0.0393548225791814,0.0383676559547977,0.0009871666243836,0.0010276079530572,0.0830650736501096,0.0205540377064221,1.4528248890257685,EEG8,Fp2,beta,W4,0.0343388639933498,7076,0.7076292370762923,1.0,0.970198685312858,0.996296827095842,0.9612282533742786,1.0,0.8477723656205809,0.9868013198680132,1.0,False,False,False,False,False
feature,TARGET__DELTA_OC_MINUS_OA__MSPSS__EEG11,DELTA_OC_MINUS_OA,MSPSS,MSPSS_total,ALCOHOL_UNITS_LOG1P,Unidades estándar de alcohol en 28 días,continuous,mayor consumo,none,new_W_clinical,134,1,,,134,130,0.0606238188710629,0.0935198225295047,0.6482456577795224,0.5179694279187861,0.0878136079495125,0.6903692979557102,0.4911927002481114,0.0641065435926775,0.0610812864763606,0.0030252571163168,0.0032324802525386,-0.2482943646724974,-0.1270467269303715,1.1881455960251568,EEG11,F3,alpha,W3,0.0345540481569964,5153,0.5153484651534846,1.0,0.936442424062965,0.973689025705312,0.9275621110455328,1.0,0.8090100080901,0.7214878512148785,1.0,False,False,False,False,False
feature,TARGET__DELTA_OC_MINUS_OA__MSPSS__EEG7,DELTA_OC_MINUS_OA,MSPSS,MSPSS_total,ALCOHOL_UNITS_LOG1P,Unidades estándar de alcohol en 28 días,continuous,mayor consumo,none,new_W_clinical,134,1,,,134,130,-0.0227505689726398,0.0855757089988882,-0.2658531169509265,0.7907734916256527,0.079743471946701,-0.2852969455336221,0.7758706937885294,0.1003208210811719,0.0998316871053298,0.000489133975842,0.000543675998404,-0.2565461317744222,-0.302047269719702,1.2392192551038672,EEG7,Fp2,alpha,W2,0.0346170182546974,7869,0.7869213078692131,1.0,0.9827782335685468,0.996296827095842,0.9792965340144184,1.0,0.8942287589422876,0.8599447747532938,1.0,False,False,False,False,False
feature,TARGET__DELTA_OC_MINUS_OA__MSPSS__EEG59,DELTA_OC_MINUS_OA,MSPSS,MSPSS_total,ALCOHOL_UNITS_LOG1P,Unidades estándar de alcohol en 28 días,continuous,mayor consumo,none,new_W_clinical,134,1,,,134,130,-0.0047874738275336,0.0949251937799142,-0.0504341749212911,0.9598538121313868,0.0928307982215315,-0.0515720420297239,0.9589488566812354,0.0852270628124778,0.0852091641822343,1.7898630243484703e-05,1.9566199999875604e-05,-0.2415117725485691,-0.2510867202036364,1.1581154135842555,EEG59,P7,alpha,W3,0.0405515036123669,9552,0.9552044795520448,1.0,0.99246332125845,0.9965523916828825,0.988276357002409,1.0,0.9899010098990102,0.9552044795520448,1.0,False,False,False,False,False
feature,TARGET__DELTA_OC_MINUS_OA__MSPSS__EEG31,DELTA_OC_MINUS_OA,MSPSS,MSPSS_total,ALCOHOL_UNITS_LOG1P,Unidades estándar de alcohol en 28 días,continuous,mayor consumo,none,new_W_clinical,134,1,,,134,130,0.0353031416851875,0.0921460467910141,0.383121608735473,0.7022553568292351,0.0993768305273632,0.3552451964692799,0.7229816271581132,0.0730294268561517,0.0719827903211862,0.0010466365349655,0.0011290935929236,-0.2540132468407907,-0.1834069634704157,1.1380537299419895,EEG31,P4,alpha,W3,0.0409085023412764,6947,0.6947305269473053,1.0,0.9695833329003246,0.996296827095842,0.9591940214262598,1.0,0.8477723656205809,0.8801119888011198,1.0,False,False,False,False,False
feature,TARGET__DELTA_OC_MINUS_OA__BAI__EEG4,DELTA_OC_MINUS_OA,BAI,STAI_Trait_Anxiety,ALCOHOL_UNITS_LOG1P,Unidades estándar de alcohol en 28 días,continuous,mayor consumo,none,new_W_clinical,134,1,,,134,130,0.031695632006624,0.0870304403273056,0.3641901831982297,0.7163076747628174,0.1073026027443986,0.295385491087527,0.7681706740392246,0.0356845400209661,0.0347006824149056,0.0009838576060604,0.0010202653041379,-0.0388749309103229,0.0245163331029251,1.3999625861534215,EEG4,Fp1,beta,W4,0.0411042368767334,7121,0.7121287871212879,1.0,0.970198685312858,0.996296827095842,0.9612282533742786,1.0,0.8477723656205809,0.9363063693630636,1.0,False,False,False,False,False
feature,TARGET__DELTA_OC_MINUS_OA__BAI__EEG59,DELTA_OC_MINUS_OA,BAI,STAI_Trait_Anxiety,ALCOHOL_UNITS_LOG1P,Unidades estándar de alcohol en 28 días,continuous,mayor consumo,none,new_W_clinical,134,1,,,134,130,0.1000539900862956,0.0948888425957174,1.054433665215886,0.2936401944229116,0.1055279350028048,0.948128001212535,0.3448234588854725,0.0859275451850488,0.0781099028671266,0.0078176423179222,0.0085525411872354,0.1043060593533318,0.3044140395259231,1.1581154135842555,EEG59,P7,alpha,W4,0.0416182735950191,2944,0.2944705529447055,1.0,0.9240553659651414,0.9488919985621757,0.9118465316098148,1.0,0.8090100080901,0.6096390360963904,0.991900809919008,False,False,False,False,False
feature,TARGET__DELTA_OC_MINUS_OA__MSPSS__EEG39,DELTA_OC_MINUS_OA,MSPSS,MSPSS_total,ALCOHOL_UNITS_LOG1P,Unidades estándar de alcohol en 28 días,continuous,mayor consumo,none,new_W_clinical,134,1,,,134,130,0.1020791065872875,0.0916442570186204,1.1138625584202946,0.2673933390042073,0.0810278408318442,1.2598028719428762,0.2099974463921378,0.0759598008063967,0.0671409758136877,0.008818824992709,0.0095437676850044,-0.3050542086143264,-0.1008959954397512,1.1253862973649955,EEG39,O2,alpha,W3,0.0454113384125685,2593,0.2593740625937406,1.0,0.9240553659651414,0.9094288929128624,0.9118465316098148,1.0,0.8090100080901,0.6052061460520615,0.986101389861014,False,False,False,False,False
feature,TARGET__DELTA_OC_MINUS_OA__BAI__EEG3,DELTA_OC_MINUS_OA,BAI,STAI_Trait_Anxiety,ALCOHOL_UNITS_LOG1P,Unidades estándar de alcohol en 28 días,continuous,mayor consumo,none,new_W_clinical,134,1,,,134,130,0.11785714932477,0.0866447808024892,1.3602336832432036,0.1761100290907462,0.1031794256701772,1.1422543647559305,0.2554477594600012,0.082550697784814,0.0694930252682412,0.0130576725165728,0.0142325821002261,0.0924401374612852,0.3281544361108252,1.2395610140944635,EEG3,Fp1,alpha,W2,0.0459919248789558,1754,0.1754824517548245,1.0,0.9240553659651414,0.9360197031821096,0.9118465316098148,1.0,0.8090100080901,0.4913508649135086,0.9217078292170784,False,False,False,False,False
feature,TARGET__DELTA_OC_MINUS_OA__BAI__EEG12,DELTA_OC_MINUS_OA,BAI,STAI_Trait_Anxiety,ALCOHOL_UNITS_LOG1P,Unidades estándar de alcohol en 28 días,continuous,mayor consumo,none,new_W_clinical,134,1,,,134,130,-0.0850560169469987,0.1089814826232873,-0.7804630190342428,0.4365371737441493,0.1129019938614286,-0.7533615132731228,0.452594923241509,0.0422416681752284,0.0377540360787684,0.0044876320964599,0.0046855578775387,0.14074694449083,-0.0293650894031673,1.2793515861473832,EEG12,F3,beta,W4,0.0478588951311882,4336,0.4336566343365663,1.0,0.936442424062965,0.973689025705312,0.9245162440277712,1.0,0.8090100080901,0.7104827978740588,0.999900009999,False,False,False,False,False
feature,TARGET__DELTA_OC_MINUS_OA__MSPSS__EEG36,DELTA_OC_MINUS_OA,MSPSS,MSPSS_total,ALCOHOL_UNITS_LOG1P,Unidades estándar de alcohol en 28 días,continuous,mayor consumo,none,new_W_clinical,134,1,,,134,130,0.0768955770680991,0.0842777068121424,0.9124070881461188,0.363243386029637,0.0809339397427191,0.9501029767306824,0.3438229266547338,0.0449081205788564,0.0387919568739149,0.0061161637049415,0.0064037438038404,-0.1764033289421585,-0.0226121748059601,1.309246996517755,EEG36,O1,beta,W5,0.0490054593140692,3607,0.3607639236076392,1.0,0.9240553659651414,0.9488919985621757,0.9118465316098148,1.0,0.8090100080901,0.7517248275172482,0.9988001199880012,False,False,False,False,False
feature,TARGET__DELTA_OC_MINUS_OA__MSPSS__EEG19,DELTA_OC_MINUS_OA,MSPSS,MSPSS_total,ALCOHOL_UNITS_LOG1P,Unidades estándar de alcohol en 28 días,continuous,mayor consumo,none,new_W_clinical,134,1,,,134,130,0.0573693097043175,0.0938405157669115,0.6113490450842789,0.5420360946551801,0.0959654986743289,0.5978118229657472,0.5510054849035491,0.091671727660144,0.0890603002625324,0.0026114273976116,0.002874981960965,-0.3099534611414941,-0.1952148417328589,1.13874380733881,EEG19,C3,alpha,W3,0.0494633433241626,5339,0.533946605339466,1.0,0.936442424062965,0.9782461183923752,0.9275621110455328,1.0,0.8090100080901,0.8465153484651535,1.0,False,False,False,False,False
feature,TARGET__OC__MSPSS__EEG62,OC,MSPSS,MSPSS_total,FAMILY_ALCOHOL_DEPENDENCE,Dependencia de alcohol en familiar,binary,1=sí,none,new_W,130,5,109.0,21.0,130,126,0.4247172244331879,0.2322863713589501,1.8284207633381813,0.0698516938113434,0.1880444060683297,2.258600685408628,0.0256275009173326,0.0572134960929042,0.032198807502333,0.0250146885905712,0.0265327181571918,0.1052689659054473,0.5299861903386354,2.7781071210528574,EEG62,P8,theta,W4,0.0301372372361042,737,0.0737926207379262,1.0,0.7281246997117963,0.4173590321776692,0.7647764635301176,1.0,0.108518559908715,0.6250374962503751,0.6052394760523948,False,True,False,False,False
feature,TARGET__OC__MSPSS__EEG61,OC,MSPSS,MSPSS_total,FAMILY_ALCOHOL_DEPENDENCE,Dependencia de alcohol en familiar,binary,1=sí,none,new_W,130,5,109.0,21.0,130,126,0.7096799245728905,0.2424608725416239,2.926987423305003,0.0040619477834476,0.2156737607419454,3.290525106677329,0.0012971876905645,0.0796526276900604,0.0170744453616423,0.062578182328418,0.0679940902871877,0.0225220747408353,0.7322019993137259,2.906535249172483,EEG61,P8,delta,W4,0.0303231288881845,61,0.0061993800619938,0.6977302269773022,0.3554204310516717,0.090803138339517,0.4630306200149216,1.0,0.04999500049995,0.0867913208679132,0.0895910408959104,True,True,True,True,True
feature,TARGET__OC__MSPSS__EEG5,OC,MSPSS,MSPSS_total,FAMILY_ALCOHOL_DEPENDENCE,Dependencia de alcohol en familiar,binary,1=sí,none,new_W,130,5,109.0,21.0,130,126,0.4850325526002673,0.2319679506079726,2.0909464058678333,0.0385419904686617,0.2105686764838768,2.303441141861412,0.0228923456995528,0.0347459829846263,0.0012527650598491,0.0334932179247772,0.0346988640651715,-0.0848386712471774,0.4001938813530899,2.8239654189314045,EEG5,Fp2,delta,W4,0.0308392371721907,400,0.0400959904009599,0.9996000399960004,0.6153111028289624,0.4006160497421743,0.6460892372301231,1.0,0.0882604047287578,0.3744625537446255,0.4264573542645735,True,True,True,True,True
feature,TARGET__OC__MSPSS__EEG6,OC,MSPSS,MSPSS_total,FAMILY_ALCOHOL_DEPENDENCE,Dependencia de alcohol en familiar,binary,1=sí,none,new_W,130,5,109.0,21.0,130,126,0.3215583991667599,0.2588840061950366,1.24209449588209,0.2165086369457293,0.220233584048433,1.4600788547129304,0.1467572963651696,0.0231556219596145,0.0111947150358543,0.0119609069237601,0.0122444344182586,0.0567797127725337,0.3783381119392937,3.1345181336876093,EEG6,Fp2,theta,W4,0.0341492186828345,2125,0.2125787421257874,1.0,0.9240553659651414,0.8856127534210265,0.9118465316098148,1.0,0.2415667524156675,0.6411358864113589,0.9436056394360564,False,False,False,False,False
feature,TARGET__OC__MSPSS__EEG54,OC,MSPSS,MSPSS_total,FAMILY_ALCOHOL_DEPENDENCE,Dependencia de alcohol en familiar,binary,1=sí,none,new_W,130,5,109.0,21.0,130,126,0.5015748116020287,0.2471941791106007,2.029072097921901,0.0445578225223362,0.179601867129955,2.7927037709418845,0.0060427272752653,0.0649069410232543,0.0343521550534418,0.0305547859698125,0.0326756633219457,0.1109808493032645,0.6125556609052932,2.883044789751624,EEG54,T8,theta,W4,0.0343992826654235,494,0.0494950504949505,1.0,0.6153111028289624,0.1691963637074298,0.6486851314868514,1.0,0.0894738112395657,0.692930706929307,0.4645535446455354,True,True,True,True,True
feature,TARGET__OC__MSPSS__EEG58,OC,MSPSS,MSPSS_total,FAMILY_ALCOHOL_DEPENDENCE,Dependencia de alcohol en familiar,binary,1=sí,none,new_W,130,5,109.0,21.0,130,126,0.5575390298973508,0.2708202777955683,2.058704888849628,0.0415834041177899,0.1911779371781704,2.916335630181772,0.004194009651024,0.0595273804162574,0.027892674403255,0.0316347060130024,0.033637030312487,0.0991114408331763,0.6566504707305272,3.1574296221083755,EEG58,P7,theta,W4,0.0345495111494009,439,0.043995600439956,0.9997000299970004,0.6153111028289624,0.1545161450377284,0.6460892372301231,1.0,0.0882604047287578,0.6159384061593841,0.4480551944805519,True,True,True,True,True
feature,TARGET__OC__MSPSS__EEG57,OC,MSPSS,MSPSS_total,FAMILY_ALCOHOL_DEPENDENCE,Dependencia de alcohol en familiar,binary,1=sí,none,new_W,130,5,109.0,21.0,130,126,0.8320097864930138,0.2818562318281309,2.951894237344211,0.0037679231575588,0.2962852935860792,2.8081373071974345,0.0057770168760899,0.0782788203038271,0.0145360978452929,0.0637427224585341,0.0691561872100473,0.029842634875611,0.8618524213686249,3.3372738399765844,EEG57,P7,delta,W4,0.0347741004973604,69,0.006999300069993,0.6759324067593241,0.3554204310516717,0.1684963255526239,0.4630306200149216,1.0,0.04999500049995,0.097990200979902,0.0847915208479152,True,True,True,True,True
feature,TARGET__OC__MSPSS__EEG13,OC,MSPSS,MSPSS_total,FAMILY_ALCOHOL_DEPENDENCE,Dependencia de alcohol en familiar,binary,1=sí,none,new_W,130,5,109.0,21.0,130,126,0.8374802817584347,0.2395300400450444,3.496347604671814,0.0006519877862814,0.2504368586696016,3.3440775699207776,0.0010876905079186,0.1324086770632885,0.0482354725063595,0.084173204556929,0.097019417243606,0.0999409469014419,0.9374212286598766,2.924506380396566,EEG13,F4,delta,W4,0.0347749067907123,9,0.000999900009999,0.2491750824917508,0.3382500034538266,0.084598150615892,0.27997200279972,1.0,0.024997500249975,0.013998600139986,0.0233976602339766,True,True,True,True,True
feature,TARGET__OC__MSPSS__EEG10,OC,MSPSS,MSPSS_total,FAMILY_ALCOHOL_DEPENDENCE,Dependencia de alcohol en familiar,binary,1=sí,none,new_W,130,5,109.0,21.0,130,126,0.4493469798697231,0.2577141928813192,1.7435864701353616,0.0836703171448888,0.275348226312174,1.631922550902069,0.1051926440105431,0.0625557321054388,0.0399373314162749,0.0226184006891638,0.024127728403485,0.1389428205912953,0.5882898004610185,3.017428902922255,EEG10,F3,theta,W4,0.0347846023678833,849,0.084991500849915,1.0,0.8488293043684373,0.8003788131236982,0.8574142585741427,1.0,0.1214164297855928,0.7156784321567843,0.6625337466253375,False,False,False,False,False
feature,TARGET__OC__MSPSS__EEG18,OC,MSPSS,MSPSS_total,FAMILY_ALCOHOL_DEPENDENCE,Dependencia de alcohol en familiar,binary,1=sí,none,new_W,130,5,109.0,21.0,130,126,0.3707545515031993,0.247165386614432,1.5000261832032389,0.1361091915546368,0.2156950280615922,1.7188831603356642,0.0880915399092359,0.0461478736729502,0.0291142053427754,0.0170336683301748,0.0178577662721846,0.1132009342039327,0.4839554857071321,2.8756590537635818,EEG18,C3,theta,W4,0.0358267801609531,1358,0.1358864113588641,1.0,0.9240553659651414,0.7526967281455017,0.9118465316098148,1.0,0.1657151358034928,0.6498150184981502,0.8284171582841716,False,False,False,False,False
feature,TARGET__OC__MSPSS__EEG22,OC,MSPSS,MSPSS_total,FAMILY_ALCOHOL_DEPENDENCE,Dependencia de alcohol en familiar,binary,1=sí,none,new_W,130,5,109.0,21.0,130,126,0.5047546741394716,0.2522036850306051,2.0013770777307207,0.0475000955864025,0.2223957386768542,2.2696238567452545,0.0249298462030865,0.057699068133627,0.0277435443169048,0.0299555238167221,0.0317897635497299,0.0940677670484296,0.5988224411879013,2.9512144527333595,EEG22,C4,theta,W4,0.0364824153601674,518,0.0518948105189481,1.0,0.6222928504780144,0.4173590321776692,0.6486851314868514,1.0,0.0894738112395657,0.4628870446288705,0.4853514648535146,True,True,False,False,False
feature,TARGET__OC__MSPSS__EEG30,OC,MSPSS,MSPSS_total,FAMILY_ALCOHOL_DEPENDENCE,Dependencia de alcohol en familiar,binary,1=sí,none,new_W,130,5,109.0,21.0,130,126,0.5395567204457506,0.2713644712088077,1.988310105749165,0.0489447339065808,0.2478497707599277,2.1769506535811,0.0313481239365728,0.0502579930062544,0.020458879679618,0.0297991133266364,0.0313760085446369,0.0761310409791915,0.6156877614249423,3.1483863548756634,EEG30,P4,theta,W4,0.0367556740163888,516,0.0516948305169483,1.0,0.6229329769928468,0.4519523143130599,0.6486851314868514,1.0,0.0894738112395657,0.6964303569643037,0.4937506249375062,True,True,False,False,False
feature,TARGET__OC__MSPSS__EEG53,OC,MSPSS,MSPSS_total,FAMILY_ALCOHOL_DEPENDENCE,Dependencia de alcohol en familiar,binary,1=sí,none,new_W,130,5,109.0,21.0,130,126,0.6248939356302379,0.2526709758052536,2.473152817171512,0.0147247785325354,0.2106862183253379,2.965993412370655,0.0036102873156765,0.0569386325477243,0.0111591041880244,0.0457795283596998,0.0485435306117728,0.0146973767562145,0.6395913123864524,2.985714972235055,EEG53,T8,delta,W4,0.0369640002416077,186,0.0186981301869813,0.9647035296470352,0.5424918406723584,0.1404000622763088,0.5812462232037666,1.0,0.066779036382076,0.2022797720227977,0.2235776422357764,True,True,True,True,True
feature,TARGET__OC__MSPSS__EEG1,OC,MSPSS,MSPSS_total,FAMILY_ALCOHOL_DEPENDENCE,Dependencia de alcohol en familiar,binary,1=sí,none,new_W,130,5,109.0,21.0,130,126,0.3940943445429542,0.2629597870313993,1.498686734545828,0.1364561727382808,0.2789871034673774,1.4125898281496605,0.1602416339837133,0.0230003440876556,0.0055844573328105,0.017415886754845,0.0178258883198702,0.0149903961407875,0.4090847406837418,3.1045562003573712,EEG1,Fp1,delta,W4,0.0371765040761449,1398,0.1398860113988601,1.0,0.9240553659651414,0.8910854983100159,0.9118465316098148,1.0,0.1665309659510239,0.6250374962503751,0.829017098290171,False,False,False,False,False
feature,TARGET__OC__MSPSS__EEG46,OC,MSPSS,MSPSS_total,FAMILY_ALCOHOL_DEPENDENCE,Dependencia de alcohol en familiar,binary,1=sí,none,new_W,130,5,109.0,21.0,130,126,0.3872913432449691,0.2427099012163759,1.5956965138381347,0.1130617538248435,0.2235068324541884,1.732794201377943,0.0855789569325849,0.0694907832422938,0.0506867622851265,0.0188040209571672,0.0202083124148824,0.1655416003628859,0.552832943607855,2.9347635308073223,EEG46,F8,theta,W4,0.037300816525276,1153,0.1153884611538846,1.0,0.9240553659651414,0.7526967281455017,0.9118465316098148,1.0,0.1492158476460046,0.6154717861547179,0.7668233176682332,False,False,False,False,False
feature,TARGET__OC__MSPSS__EEG9,OC,MSPSS,MSPSS_total,FAMILY_ALCOHOL_DEPENDENCE,Dependencia de alcohol en familiar,binary,1=sí,none,new_W,130,5,109.0,21.0,130,126,0.8890995774605498,0.2630723910777856,3.3796764982367904,0.0009664285812966,0.2396464915385185,3.710046292572759,0.0003095080904601,0.1114730390881931,0.0309258612265435,0.0805471778616496,0.0906524859740802,0.069870057623311,0.9589696350838608,3.1551307393062467,EEG9,F3,delta,W4,0.0373805689785554,9,0.000999900009999,0.3182681731826817,0.3382500034538266,0.0503542654166508,0.27997200279972,1.0,0.024997500249975,0.013998600139986,0.02999700029997,True,True,True,True,True
feature,TARGET__OC__MSPSS__EEG38,OC,MSPSS,MSPSS_total,FAMILY_ALCOHOL_DEPENDENCE,Dependencia de alcohol en familiar,binary,1=sí,none,new_W,130,5,109.0,21.0,130,126,0.551161620779615,0.2627697771674749,2.0975076613484926,0.0379470459703826,0.1735467089844729,3.175869044159904,0.0018785257966141,0.0687435670089583,0.036226912823765,0.0325166541851933,0.0349169713445685,0.1198306910123612,0.6709923117919762,3.07103331376792,EEG38,O2,theta,W4,0.0381984113175509,419,0.041995800419958,0.9995000499950004,0.6153111028289624,0.0959256594333131,0.6460892372301231,1.0,0.0882604047287578,0.5879412058794121,0.4232576742325767,True,True,True,True,True
feature,TARGET__OC__MSPSS__EEG14,OC,MSPSS,MSPSS_total,FAMILY_ALCOHOL_DEPENDENCE,Dependencia de alcohol en familiar,binary,1=sí,none,new_W,130,5,109.0,21.0,130,126,0.6396042139255469,0.2684722334640627,2.3823849702176494,0.0186959678618389,0.3224912637934493,1.983322606640295,0.0495058912082121,0.0808950910421696,0.0394933674363033,0.0414017236058662,0.0450456995739599,0.1224887574701741,0.7620929713957211,3.1822418751060635,EEG14,F4,theta,W4,0.0385821877448471,235,0.0235976402359764,0.9823017698230176,0.559280633066787,0.6300749790136088,0.6149385061493851,1.0,0.0737426257374262,0.3303669633036696,0.2644735526447355,True,True,True,True,True
feature,TARGET__OC__MSPSS__EEG2,OC,MSPSS,MSPSS_total,FAMILY_ALCOHOL_DEPENDENCE,Dependencia de alcohol en familiar,binary,1=sí,none,new_W,130,5,109.0,21.0,130,126,0.3252081529028751,0.2831918308917071,1.148366998719095,0.2529925837750817,0.2847662253726161,1.1420179920471287,0.2556121331106138,0.0320538561611959,0.0219230954892204,0.0101307606719754,0.010466244156723,0.1090682406058193,0.4342763935086945,3.359987808411814,EEG2,Fp1,theta,W4,0.0390269244562189,2481,0.2481751824817518,1.0,0.9240553659651414,0.9360197031821096,0.9118465316098148,1.0,0.275750202757502,0.7414591874145919,0.9662033796620338,False,False,False,False,False
feature,TARGET__OC__MSPSS__EEG17,OC,MSPSS,MSPSS_total,FAMILY_ALCOHOL_DEPENDENCE,Dependencia de alcohol en familiar,binary,1=sí,none,new_W,130,5,109.0,21.0,130,126,0.710591729861317,0.2815832050188039,2.5235586398480843,0.0128609692309554,0.2224446461878081,3.1944654188771557,0.0017701530600986,0.06345314715136,0.016117778320004,0.047335368831356,0.0505424461012055,0.0475116572403102,0.7581033871016273,3.294681649343349,EEG17,C3,delta,W4,0.0392538879333417,165,0.0165983401659834,0.9482051794820516,0.5155525445795017,0.0959256594333131,0.5812462232037666,1.0,0.0642243467960896,0.2323767623237676,0.2023797620237976,True,True,True,True,True
feature,TARGET__OC__MSPSS__EEG21,OC,MSPSS,MSPSS_total,FAMILY_ALCOHOL_DEPENDENCE,Dependencia de alcohol en familiar,binary,1=sí,none,new_W,130,5,109.0,21.0,130,126,0.8439224609371557,0.273945652059542,3.080620022958895,0.0025368904848235,0.2129193586060091,3.9635778844269822,0.0001229430464353,0.0834439517349453,0.0144096795992549,0.0690342721356903,0.0753192041734546,0.0229088813131926,0.8668313422503484,3.237125607437062,EEG21,C4,delta,W4,0.0394069913028541,35,0.0035996400359964,0.5647435256474352,0.3554204310516717,0.0286867108349181,0.41995800419958,1.0,0.04999500049995,0.0503949605039496,0.0638936106389361,True,True,True,True,True
feature,TARGET__OC__MSPSS__EEG50,OC,MSPSS,MSPSS_total,FAMILY_ALCOHOL_DEPENDENCE,Dependencia de alcohol en familiar,binary,1=sí,none,new_W,130,5,109.0,21.0,130,126,0.5757507683552242,0.25232182691519,2.281811190867544,0.0241779353166325,0.1816673441040396,3.1692584663179515,0.0019185131886662,0.0755366524876951,0.0373353154307183,0.0382013370569768,0.0413227167521299,0.1134371257184448,0.6891878940736691,2.958555449229956,EEG50,T7,theta,W4,0.039647610447041,292,0.0292970702929707,0.993900609939006,0.6044483829158129,0.0959256594333131,0.6460892372301231,1.0,0.086167853802855,0.4101589841015898,0.3161683831616838,True,True,True,True,True
feature,TARGET__OC__MSPSS__EEG42,OC,MSPSS,MSPSS_total,FAMILY_ALCOHOL_DEPENDENCE,Dependencia de alcohol en familiar,binary,1=sí,none,new_W,130,5,109.0,21.0,130,126,0.3806338915325876,0.2323823413586599,1.6379639231929226,0.1039241610069171,0.2083218180859112,1.827143671411391,0.0700447242697071,0.0605980079103986,0.0405952630373744,0.0200027448730241,0.0212930620133454,0.1354205446816021,0.5160544362141898,2.815833035590999,EEG42,F7,theta,W4,0.0403006852011876,1025,0.1025897410258974,1.0,0.9240553659651414,0.7428985907393186,0.9118465316098148,1.0,0.1386347851701316,0.9246075392460754,0.7372262773722628,False,False,False,False,False
feature,TARGET__OC__MSPSS__EEG26,OC,MSPSS,MSPSS_total,FAMILY_ALCOHOL_DEPENDENCE,Dependencia de alcohol en familiar,binary,1=sí,none,new_W,130,5,109.0,21.0,130,126,0.5116127155173913,0.2593107564059177,1.9729714363122184,0.0506879746465863,0.2134892949077954,2.3964326442614063,0.0180251733035743,0.0478926054388689,0.0184784089906654,0.0294141964482035,0.030893780067491,0.0652391025928298,0.5768518181102211,3.0031996448565565,EEG26,P3,theta,W4,0.0403167916358557,541,0.0541945805419458,1.0,0.6335996830823298,0.3699930459813318,0.6540725237821046,1.0,0.090324300903243,0.6344865513448655,0.5026497350264973,False,True,False,False,False
feature,TARGET__OC__MSPSS__EEG34,OC,MSPSS,MSPSS_total,FAMILY_ALCOHOL_DEPENDENCE,Dependencia de alcohol en familiar,binary,1=sí,none,new_W,130,5,109.0,21.0,130,126,0.5391991936167192,0.2568935628566087,2.098920609846834,0.0378199656979876,0.1739658120995131,3.099454928007825,0.0023917996895644,0.0630235104472564,0.0302630367555303,0.032760473691726,0.0349640295749191,0.1005389078048698,0.639738101421589,3.0113716430662136,EEG34,O1,theta,W4,0.0410297253297877,420,0.0420957904209579,0.9995000499950004,0.6153111028289624,0.1046412364184449,0.6460892372301231,1.0,0.0882604047287578,0.5893410658934106,0.4222577742225777,True,True,True,True,True
feature,TARGET__OC__MSPSS__EEG45,OC,MSPSS,MSPSS_total,FAMILY_ALCOHOL_DEPENDENCE,Dependencia de alcohol en familiar,binary,1=sí,none,new_W,130,5,109.0,21.0,130,126,0.343426345420219,0.2070123660821377,1.6589653648224827,0.0996099926045767,0.1807533017545988,1.8999727367994328,0.0597219490967857,0.0607369771690682,0.0402210419848452,0.020515935184223,0.0218425879498461,0.1203885150952488,0.4638148605154678,2.7368919284084687,EEG45,F8,delta,W4,0.0433332040268562,984,0.0984901509849015,1.0,0.9174604582000492,0.7179965664132157,0.9118465316098148,1.0,0.1367918763679187,0.6894310568943106,0.7216278372162783,False,False,False,False,False
feature,TARGET__OC__MSPSS__EEG33,OC,MSPSS,MSPSS_total,FAMILY_ALCOHOL_DEPENDENCE,Dependencia de alcohol en familiar,binary,1=sí,none,new_W,130,5,109.0,21.0,130,126,0.6580915115689806,0.2516780002383439,2.6148154027994317,0.0100165669916386,0.2052629678387494,3.2060898197962544,0.0017053949137704,0.0681158793972896,0.0175481520875443,0.0505677273097453,0.0542639650056918,0.0388077442624859,0.6968992558314666,2.956271918129236,EEG33,O1,delta,W4,0.044927486351673,147,0.0147985201479852,0.9146085391460854,0.4402796391582658,0.0959256594333131,0.5812462232037666,1.0,0.0642243467960896,0.2071792820717928,0.1710828917108289,True,True,True,True,True
feature,TARGET__OC__MSPSS__EEG49,OC,MSPSS,MSPSS_total,FAMILY_ALCOHOL_DEPENDENCE,Dependencia de alcohol en familiar,binary,1=sí,none,new_W,130,5,109.0,21.0,130,126,0.7354494804627583,0.254788814243936,2.886506154695768,0.0045850887757738,0.2090921567375869,3.5173460924493485,0.0006067951031118,0.0756098607114664,0.0144833318367963,0.06112652887467,0.0661263315960041,0.0194426196192149,0.7548921000819733,3.0234220938255683,EEG49,T7,delta,W4,0.04614990038853,67,0.0067993200679932,0.7323267673232676,0.3566180158935195,0.0647904320684343,0.4630306200149216,1.0,0.04999500049995,0.0951904809519048,0.0976902309769023,True,True,True,True,True
feature,TARGET__OC__MSPSS__EEG25,OC,MSPSS,MSPSS_total,FAMILY_ALCOHOL_DEPENDENCE,Dependencia de alcohol en familiar,binary,1=sí,none,new_W,130,5,109.0,21.0,130,126,0.7832294638181346,0.2761481825561279,2.8362651405787944,0.0053200115425322,0.2238957794058639,3.4981877099092,0.0006479043206843,0.0638285488608282,0.0040592030469629,0.0597693458138652,0.063844444029067,-0.0327372100405955,0.7504922537775391,3.233449898615771,EEG25,P3,delta,W4,0.0477275509808306,69,0.006999300069993,0.7732226777322267,0.3724008079772584,0.0647904320684343,0.4630306200149216,1.0,0.04999500049995,0.097990200979902,0.107989201079892,True,True,True,True,True
feature,TARGET__OC__MSPSS__EEG37,OC,MSPSS,MSPSS_total,FAMILY_ALCOHOL_DEPENDENCE,Dependencia de alcohol en familiar,binary,1=sí,none,new_W,130,5,109.0,21.0,130,126,0.6491127196827752,0.2583714592028067,2.512323619975607,0.0132570654320443,0.18807372468388,3.4513737672491107,0.000759650282587,0.0740490859647301,0.0276650448990233,0.0463840410657068,0.0500934124721216,0.0807671920265475,0.7298799117093228,3.0299673303641894,EEG37,O2,delta,W4,0.0480635496317914,162,0.0162983701629837,0.9524047595240476,0.5155525445795017,0.066469399726365,0.5812462232037666,1.0,0.0642243467960896,0.2281771822817718,0.2063793620637936,True,True,True,True,True
feature,TARGET__OC__MSPSS__EEG29,OC,MSPSS,MSPSS_total,FAMILY_ALCOHOL_DEPENDENCE,Dependencia de alcohol en familiar,binary,1=sí,none,new_W,130,5,109.0,21.0,130,126,0.7085399875003929,0.2711462471796446,2.613128504894845,0.0100635346093317,0.3189739316979513,2.221310010284278,0.028115867258968,0.0559346915654368,0.0047720418415823,0.0511626497238545,0.0541939728816979,-0.0222883763740304,0.6862516111263625,3.1540750219814084,EEG29,P4,delta,W4,0.0493899977715527,121,0.0121987801219878,0.9156084391560844,0.4402796391582658,0.4278501539408177,0.569276405692764,1.0,0.0642243467960896,0.1707829217078292,0.1718828117188281,True,True,True,True,True
feature,TARGET__OA__MSPSS__EEG62,OA,MSPSS,MSPSS_total,FAMILY_ALCOHOL_DEPENDENCE,Dependencia de alcohol en familiar,binary,1=sí,none,new_W,130,5,109.0,21.0,130,126,0.4940532198760223,0.2316117392312897,2.1331095803510034,0.0348548062634257,0.2211079774154928,2.2344432148082443,0.0272164484126256,0.0913412757976485,0.058527471165426,0.0328138046322225,0.0361123530300415,0.1602509186368403,0.6543041385128627,2.73797305288658,EEG62,P8,theta,W4,0.0492521790867692,376,0.0376962303769623,0.9986001399860014,0.6153111028289624,0.4233669753075106,0.6460892372301231,1.0,0.0882604047287578,0.5277472252774723,0.4004599540045995,True,True,True,True,True
feature,TARGET__OA__MSPSS__EEG61,OA,MSPSS,MSPSS_total,FAMILY_ALCOHOL_DEPENDENCE,Dependencia de alcohol en familiar,binary,1=sí,none,new_W,130,5,109.0,21.0,130,126,0.5490687935366654,0.2569809298121031,2.136612992793389,0.0345626225036533,0.2333124008435329,2.353363094081266,0.0201521641658856,0.056510001550299,0.0223263474179942,0.0341836541323048,0.0362310720712183,0.073576371433557,0.6226451649702224,2.9919961174960186,EEG61,P8,delta,W4,0.0497293732930649,381,0.0381961803819618,0.9986001399860014,0.6153111028289624,0.3872189024034364,0.6460892372301231,1.0,0.0882604047287578,0.426957304269573,0.397960203979602,True,True,True,True,True
feature,TARGET__DELTA_OC_MINUS_OA__MSPSS__EEG43,DELTA_OC_MINUS_OA,MSPSS,MSPSS_total,FAMILY_ALCOHOL_DEPENDENCE,Dependencia de alcohol en familiar,binary,1=sí,none,new_W,130,5,109.0,21.0,130,126,-0.2397555191805971,0.235756646864331,-1.0169618645728675,0.3111203432345102,0.3291585164670237,-0.7283892325010425,0.4677269173472813,0.0333473809020129,0.0254130698593711,0.0079343110426417,0.0082080272539327,-0.1160819348128518,-0.355837453993449,2.982681974783135,EEG43,F7,alpha,W3,0.0076950147436451,2989,0.298970102989701,1.0,0.9240553659651414,0.973689025705312,0.9118465316098148,1.0,0.3114271906142719,0.5349215078492151,0.9867013298670132,False,False,False,False,False
feature,TARGET__DELTA_OC_MINUS_OA__MSPSS__EEG23,DELTA_OC_MINUS_OA,MSPSS,MSPSS_total,FAMILY_ALCOHOL_DEPENDENCE,Dependencia de alcohol en familiar,binary,1=sí,none,new_W,130,5,109.0,21.0,130,126,-0.4993033828937878,0.24571431416852,-2.03204841599642,0.0442510846128995,0.2707806585788118,-1.8439403519969784,0.0675410460193957,0.0706263914925977,0.0401693375033231,0.0304570539892745,0.0327715933726473,-0.1261462457396617,-0.6254496286334496,2.8832918632091933,EEG23,C4,alpha,W3 | W4,0.0084238953858853,458,0.0458954104589541,1.0,0.6153111028289624,0.7387301908371406,0.6460892372301231,1.0,0.0882604047287578,0.3212678732126787,0.4633536646335366,True,False,True,True,False
feature,TARGET__DELTA_OC_MINUS_OA__MSPSS__EEG45,DELTA_OC_MINUS_OA,MSPSS,MSPSS_total,FAMILY_ALCOHOL_DEPENDENCE,Dependencia de alcohol en familiar,binary,1=sí,none,new_W,130,5,109.0,21.0,130,126,0.1912224018591376,0.2603707361893612,0.734423555648997,0.4640552064019169,0.2914075398144872,0.65620265687316,0.5128903022311069,0.0070159525335987,0.0027652088119048,0.0042507437216938,0.0042807774531118,0.0132282920882422,0.2044506939473799,2.9513805327706764,EEG45,F8,delta,W2,0.0094547706672181,4500,0.4500549945005499,1.0,0.936442424062965,0.973689025705312,0.9245162440277712,1.0,0.4592397903066836,0.7000855470008553,0.9998000199980002,False,False,False,False,False
feature,TARGET__DELTA_OC_MINUS_OA__MSPSS__EEG55,DELTA_OC_MINUS_OA,MSPSS,MSPSS_total,FAMILY_ALCOHOL_DEPENDENCE,Dependencia de alcohol en familiar,binary,1=sí,none,new_W,130,5,109.0,21.0,130,126,-0.4345888306250207,0.2267405905938509,-1.916678568609173,0.0575432458608786,0.2806922489207964,-1.5482751386827556,0.1240641590693664,0.1149231956863979,0.0891178912143138,0.0258053044720841,0.0291560058362356,-0.2255490981128401,-0.6601379287378608,2.8180469166555557,EEG55,T8,alpha,W3,0.015348005968504,580,0.0580941905809419,1.0,0.6620176660270362,0.8431544791121992,0.6777100067771001,1.0,0.0937003073886159,0.4066593340665933,0.5415458454154585,False,False,False,False,False
feature,TARGET__DELTA_OC_MINUS_OA__MSPSS__EEG51,DELTA_OC_MINUS_OA,MSPSS,MSPSS_total,FAMILY_ALCOHOL_DEPENDENCE,Dependencia de alcohol en familiar,binary,1=sí,none,new_W,130,5,109.0,21.0,130,126,-0.39285414735964,0.2479214707249341,-1.584591065109915,0.1155659642594764,0.2807732332728415,-1.3991866061459066,0.1642139721792901,0.0392521102892724,0.0201063199104817,0.0191457903787907,0.0199280066954457,-0.0803055352636944,-0.4731596826233345,2.888725539027236,EEG51,T7,alpha,W2,0.0328030420497389,1163,0.1163883611638836,1.0,0.9240553659651414,0.8910854983100159,0.9118465316098148,1.0,0.1492158476460046,0.4073592640735927,0.7741225877412259,False,False,False,False,False
feature,TARGET__DELTA_OC_MINUS_OA__BAI__EEG8,DELTA_OC_MINUS_OA,BAI,STAI_Trait_Anxiety,FAMILY_ALCOHOL_DEPENDENCE,Dependencia de alcohol en familiar,binary,1=sí,none,new_W,130,5,109.0,21.0,130,126,0.4872839545019466,0.2338633549449984,2.083626802568318,0.0392151478605445,0.1999980592759225,2.4364434148317256,0.0162300568983867,0.0462956874453024,0.0134345136743908,0.0328611737709115,0.0344563543839767,-0.0214323133435673,0.4658516411583793,2.773457821747079,EEG8,Fp2,beta,W4,0.0343388639933498,406,0.0406959304069593,0.9996000399960004,0.6153111028289624,0.3550324946522107,0.6460892372301231,1.0,0.0882604047287578,0.2848715128487151,0.4307569243075692,True,True,True,True,True
feature,TARGET__DELTA_OC_MINUS_OA__MSPSS__EEG11,DELTA_OC_MINUS_OA,MSPSS,MSPSS_total,FAMILY_ALCOHOL_DEPENDENCE,Dependencia de alcohol en familiar,binary,1=sí,none,new_W,130,5,109.0,21.0,130,126,-0.3261220916149592,0.233254726690864,-1.398137119198333,0.1645281521408274,0.2365652336617835,-1.3785715109821028,0.1704696151061168,0.0554001287891698,0.040745430930926,0.0146546978582438,0.0155141857466683,-0.1450145417484339,-0.4711366333633932,2.8555589065466447,EEG11,F3,alpha,W3,0.0345540481569964,1566,0.1566843315668433,1.0,0.9240553659651414,0.8910854983100159,0.9118465316098148,1.0,0.1821910832172596,0.4387161283871612,0.882011798820118,False,False,False,False,False
feature,TARGET__DELTA_OC_MINUS_OA__MSPSS__EEG7,DELTA_OC_MINUS_OA,MSPSS,MSPSS_total,FAMILY_ALCOHOL_DEPENDENCE,Dependencia de alcohol en familiar,binary,1=sí,none,new_W,130,5,109.0,21.0,130,126,-0.2337145058424879,0.2074907521390197,-1.1263851686551225,0.2621432379424137,0.2097039595733461,-1.1144973433882344,0.2671872204515203,0.0936584880323253,0.0845321789391174,0.0091263090932078,0.0100693932394143,-0.2392750865073967,-0.4729895923498847,2.770767560275655,EEG7,Fp2,alpha,W2,0.0346170182546974,2561,0.2561743825617438,1.0,0.9240553659651414,0.9488919985621757,0.9118465316098148,1.0,0.2784504158279824,0.7494850514948505,0.96990300969903,False,False,False,False,False
feature,TARGET__DELTA_OC_MINUS_OA__MSPSS__EEG59,DELTA_OC_MINUS_OA,MSPSS,MSPSS_total,FAMILY_ALCOHOL_DEPENDENCE,Dependencia de alcohol en familiar,binary,1=sí,none,new_W,130,5,109.0,21.0,130,126,-0.2466630570360469,0.2308353223085961,-1.068567213064087,0.2873076556936511,0.2632631689060007,-0.9369447996127366,0.3505793626499409,0.0745807085082761,0.066194383434895,0.0083863250733811,0.0090621895939329,-0.2142193078488193,-0.4608823648848663,2.8036765391201937,EEG59,P7,alpha,W3,0.0405515036123669,2806,0.2806719328067193,1.0,0.9240553659651414,0.9488919985621757,0.9118465316098148,1.0,0.2985871625603397,0.7497250274972502,0.9802019798020198,False,False,False,False,False
feature,TARGET__DELTA_OC_MINUS_OA__MSPSS__EEG31,DELTA_OC_MINUS_OA,MSPSS,MSPSS_total,FAMILY_ALCOHOL_DEPENDENCE,Dependencia de alcohol en familiar,binary,1=sí,none,new_W,130,5,109.0,21.0,130,126,-0.4008590086342539,0.2180212119576671,-1.8386238890924436,0.0683253213146809,0.1792393713752097,-2.2364450709611,0.0270815828407392,0.0766397176619093,0.0518662704985815,0.0247734471633278,0.0268296651233445,-0.1486388865549618,-0.5494978951892158,2.7175067519743776,EEG31,P4,alpha,W3,0.0409085023412764,689,0.068993100689931,1.0,0.7246624987920706,0.4233669753075106,0.73174500731745,1.0,0.10453500104535,0.321967803219678,0.599040095990401,False,True,False,False,False
feature,TARGET__DELTA_OC_MINUS_OA__BAI__EEG4,DELTA_OC_MINUS_OA,BAI,STAI_Trait_Anxiety,FAMILY_ALCOHOL_DEPENDENCE,Dependencia de alcohol en familiar,binary,1=sí,none,new_W,130,5,109.0,21.0,130,126,0.3831056863186757,0.2533340040337881,1.5122552844014554,0.1329730651169387,0.2613707653812605,1.4657556890872665,0.1452059532509037,0.0278848442641613,0.0102408303956335,0.0176440138685278,0.0181501273428581,-0.0721060520860052,0.3109996342326705,2.924913112981726,EEG4,Fp1,beta,W4,0.0411042368767334,1307,0.1307869213078692,1.0,0.9240553659651414,0.8856127534210265,0.9118465316098148,1.0,0.1634836516348365,0.4577542245775422,0.8206179382061793,False,False,False,False,False
feature,TARGET__DELTA_OC_MINUS_OA__BAI__EEG59,DELTA_OC_MINUS_OA,BAI,STAI_Trait_Anxiety,FAMILY_ALCOHOL_DEPENDENCE,Dependencia de alcohol en familiar,binary,1=sí,none,new_W,130,5,109.0,21.0,130,126,0.6213784215509969,0.2257232918452311,2.7528325343449693,0.0067815220864175,0.1293897479798321,4.802377555042851,4.368080695617413e-06,0.1151151312865519,0.0618950163135395,0.0532201149730123,0.0601435473186361,0.1254256018974509,0.7468040234484479,2.8036765391201937,EEG59,P7,alpha,W4,0.0416182735950191,81,0.0081991800819918,0.8343165683431657,0.4315514054992993,0.0030576564869321,0.4630306200149216,1.0,0.0512448755124487,0.1147885211478852,0.1293870612938706,True,True,True,True,True
feature,TARGET__DELTA_OC_MINUS_OA__MSPSS__EEG39,DELTA_OC_MINUS_OA,MSPSS,MSPSS_total,FAMILY_ALCOHOL_DEPENDENCE,Dependencia de alcohol en familiar,binary,1=sí,none,new_W,130,5,109.0,21.0,130,126,-0.461665630261323,0.2443885006966208,-1.8890644565736985,0.061181604010478,0.2801945220662395,-1.647661156459664,0.1019138140194877,0.0750569366490863,0.0488607541101777,0.0261961825389085,0.0283219406435723,-0.1520015075482078,-0.6136671378095309,2.932802874309394,EEG39,O2,alpha,W3,0.0454113384125685,606,0.0606939306069393,1.0,0.6620176660270362,0.7923279381621363,0.6777100067771001,1.0,0.0948342665733426,0.2832383428323834,0.5616438356164384,False,False,False,False,False
feature,TARGET__DELTA_OC_MINUS_OA__BAI__EEG3,DELTA_OC_MINUS_OA,BAI,STAI_Trait_Anxiety,FAMILY_ALCOHOL_DEPENDENCE,Dependencia de alcohol en familiar,binary,1=sí,none,new_W,130,5,109.0,21.0,130,126,0.4626899678373626,0.2242755813115468,2.0630421070880134,0.0411626510539193,0.1474845012364003,3.137210784580849,0.0021238248831359,0.0761074762764151,0.0448993933134147,0.0312080829630003,0.0337789106001439,0.1051102243639726,0.5678001922013354,2.7399565520972957,EEG3,Fp1,alpha,W2,0.0459919248789558,442,0.0442955704429557,0.9997000299970004,0.6153111028289624,0.0991118278796754,0.6460892372301231,1.0,0.0882604047287578,0.4241575842415759,0.4451554844515548,True,True,True,True,True
feature,TARGET__DELTA_OC_MINUS_OA__BAI__EEG12,DELTA_OC_MINUS_OA,BAI,STAI_Trait_Anxiety,FAMILY_ALCOHOL_DEPENDENCE,Dependencia de alcohol en familiar,binary,1=sí,none,new_W,130,5,109.0,21.0,130,126,0.597256338537329,0.254465017013597,2.3471058833419733,0.0204789454514237,0.1438405712181357,4.152210558393732,6.022270366184132e-05,0.0546799628406995,0.0133491751364501,0.0413307877042493,0.0437214764096706,-0.0211678936173092,0.5760884449200198,2.9651807441668248,EEG12,F3,beta,W4,0.0478588951311882,166,0.0166983301669833,0.9871012898710128,0.5734104726398659,0.0210779462816444,0.5812462232037666,1.0,0.0642243467960896,0.2337766223377662,0.2838716128387161,True,True,True,True,True
feature,TARGET__DELTA_OC_MINUS_OA__MSPSS__EEG36,DELTA_OC_MINUS_OA,MSPSS,MSPSS_total,FAMILY_ALCOHOL_DEPENDENCE,Dependencia de alcohol en familiar,binary,1=sí,none,new_W,130,5,109.0,21.0,130,126,0.0166940873890177,0.222840100367517,0.0749150954495406,0.9404010760939028,0.2818905026564443,0.059221886625119,0.9528692013165104,0.0176136026608008,0.0175698453655189,4.375729528183214e-05,4.454183750950654e-05,-0.1314506827839703,-0.1147565953949526,2.8410480146495094,EEG36,O1,beta,W5,0.0490054593140692,9393,0.9393060693930608,1.0,0.9869678345794248,0.996296827095842,0.9844848848448488,1.0,0.9393060693930608,0.954104589541046,1.0,False,False,False,False,False
feature,TARGET__DELTA_OC_MINUS_OA__MSPSS__EEG19,DELTA_OC_MINUS_OA,MSPSS,MSPSS_total,FAMILY_ALCOHOL_DEPENDENCE,Dependencia de alcohol en familiar,binary,1=sí,none,new_W,130,5,109.0,21.0,130,126,-0.5427365926596657,0.2284561182567444,-2.375671077671579,0.0190243002284622,0.2274243083337113,-2.386449349395318,0.0184996522990665,0.1222460824266946,0.0829295821757697,0.0393165002509249,0.0447921672165495,-0.1997244237496867,-0.7424610164093524,2.809007842570087,EEG19,C3,alpha,W3,0.0494633433241626,235,0.0235976402359764,0.9835016498350164,0.559280633066787,0.3699930459813318,0.6149385061493851,1.0,0.0737426257374262,0.1651834816518348,0.267973202679732,True,True,True,True,True
feature,TARGET__OC__MSPSS__EEG62,OC,MSPSS,MSPSS_total,RELATIONSHIP_NO_PARTNER,Sin pareja vs con pareja,binary,1=sin pareja,W4 LIVING_ALONE,conceptual_not_equivalent,133,2,80.0,53.0,133,129,-0.120220582321908,0.1696150877448414,-0.7087847190973983,0.4797370116784616,0.1358275084336418,-0.885097457122549,0.3777508909047478,0.0971542405030094,0.093638210728864,0.0035160297741454,0.0038943858761704,0.2484842904697526,0.1282637081478446,2.088794335747792,EEG62,P8,theta,W4,0.0301372372361042,4761,0.4761523847615238,1.0,0.936442424062965,0.9580638537439256,0.9275621110455328,1.0,0.8093238295218098,0.8332666733326668,1.0,False,False,False,False,False
feature,TARGET__OC__MSPSS__EEG61,OC,MSPSS,MSPSS_total,RELATIONSHIP_NO_PARTNER,Sin pareja vs con pareja,binary,1=sin pareja,W4 LIVING_ALONE,conceptual_not_equivalent,133,2,80.0,53.0,133,129,-0.1788042661302528,0.1689254124956628,-1.058480565408379,0.2918144075606318,0.1310169748331142,-1.3647412204258935,0.1747101565052105,0.0831552837907887,0.0751923729503862,0.0079629108404024,0.0086851248631566,0.2283180978693265,0.0495138317390736,2.0588144416827414,EEG61,P8,delta,W4,0.0303231288881845,2843,0.2843715628437156,1.0,0.9240553659651414,0.8992434526003481,0.9118465316098148,1.0,0.8093238295218098,0.8812755088127551,0.994000599940006,False,False,False,False,False
feature,TARGET__OC__MSPSS__EEG5,OC,MSPSS,MSPSS_total,RELATIONSHIP_NO_PARTNER,Sin pareja vs con pareja,binary,1=sin pareja,W4 LIVING_ALONE,conceptual_not_equivalent,133,2,80.0,53.0,133,129,-0.1127869168575391,0.1714017168385894,-0.6580267627292882,0.5116935126848463,0.201977967544969,-0.5584119804177546,0.5775310481993637,0.0591029402555185,0.0559447410817975,0.0031581991737209,0.0033565831044031,0.0683292847522568,-0.0444576321052822,2.0444321796431173,EEG5,Fp2,delta,W4,0.0308392371721907,5080,0.508049195080492,1.0,0.936442424062965,0.9886247647640076,0.9275621110455328,1.0,0.8093238295218098,0.8417358264173583,1.0,False,False,False,False,False
feature,TARGET__OC__MSPSS__EEG6,OC,MSPSS,MSPSS_total,RELATIONSHIP_NO_PARTNER,Sin pareja vs con pareja,binary,1=sin pareja,W4 LIVING_ALONE,conceptual_not_equivalent,133,2,80.0,53.0,133,129,-0.094489773803369,0.1720801694773825,-0.5491032121268821,0.5838838505702069,0.1516857409689621,-0.6229311548980959,0.5344294772700178,0.0714403928023451,0.0692700514468672,0.0021703413554778,0.0023373204462639,0.1566536526973485,0.0621638788939795,2.0645325714886287,EEG6,Fp2,theta,W4,0.0341492186828345,5796,0.5796420357964204,1.0,0.936442424062965,0.9782461183923752,0.9275621110455328,1.0,0.8093238295218098,0.8505549445055494,1.0,False,False,False,False,False
feature,TARGET__OC__MSPSS__EEG54,OC,MSPSS,MSPSS_total,RELATIONSHIP_NO_PARTNER,Sin pareja vs con pareja,binary,1=sin pareja,W4 LIVING_ALONE,conceptual_not_equivalent,133,2,80.0,53.0,133,129,-0.1419462216361742,0.1738400118654335,-0.8165336628373694,0.4157002966705063,0.1533968567634522,-0.9253528698770168,0.3565102294040707,0.0991788122045691,0.0945229826809259,0.0046558295236431,0.0051684280817565,0.2504632722261324,0.1085170505899581,2.127599671833396,EEG54,T8,theta,W4,0.0343992826654235,4076,0.4076592340765923,1.0,0.936442424062965,0.9488919985621757,0.9245162440277712,1.0,0.8093238295218098,0.7134036596340366,0.999900009999,False,False,False,False,False
feature,TARGET__OC__MSPSS__EEG58,OC,MSPSS,MSPSS_total,RELATIONSHIP_NO_PARTNER,Sin pareja vs con pareja,binary,1=sin pareja,W4 LIVING_ALONE,conceptual_not_equivalent,133,2,80.0,53.0,133,129,-0.1299440589445616,0.1704525759610025,-0.7623472875780487,0.4472444343592452,0.1412257179363409,-0.9201161151337562,0.3592294968388521,0.0892189502852783,0.0851156812359246,0.0041032690493537,0.0045052200533146,0.2276065581997828,0.0976624992552212,2.0767629793442177,EEG58,P7,theta,W4,0.0345495111494009,4404,0.4404559544045595,1.0,0.936442424062965,0.9488919985621757,0.9245162440277712,1.0,0.8093238295218098,0.7972202779722029,1.0,False,False,False,False,False
feature,TARGET__OC__MSPSS__EEG57,OC,MSPSS,MSPSS_total,RELATIONSHIP_NO_PARTNER,Sin pareja vs con pareja,binary,1=sin pareja,W4 LIVING_ALONE,conceptual_not_equivalent,133,2,80.0,53.0,133,129,-0.1650374084908184,0.1696953579320322,-0.972551108657436,0.3325965542915372,0.1554480702876896,-1.0616883708197966,0.2903607763887112,0.0772090233671709,0.0704429220704506,0.0067661012967202,0.0073322144104714,0.2003963053798815,0.0353588968890631,2.0588257093169338,EEG57,P7,delta,W4,0.0347741004973604,3317,0.3317668233176682,1.0,0.9240553659651414,0.9488919985621757,0.9118465316098148,1.0,0.8093238295218098,0.752004799520048,0.9976002399760024,False,False,False,False,False
feature,TARGET__OC__MSPSS__EEG13,OC,MSPSS,MSPSS_total,RELATIONSHIP_NO_PARTNER,Sin pareja vs con pareja,binary,1=sin pareja,W4 LIVING_ALONE,conceptual_not_equivalent,133,2,80.0,53.0,133,129,-0.1958122654412102,0.1711303565086672,-1.1442287004836162,0.2546475180621829,0.2040625184875731,-0.95956997342035,0.3390667513839484,0.1150536777166921,0.1060720946215492,0.0089815830951429,0.0101492970465926,0.2981553686820384,0.1023431032408282,2.0825335682573103,EEG13,F4,delta,W4,0.0347749067907123,2471,0.2471752824717528,1.0,0.9240553659651414,0.9488919985621757,0.9118465316098148,1.0,0.8093238295218098,0.710848915108489,0.9852014798520148,False,False,False,False,False
feature,TARGET__OC__MSPSS__EEG10,OC,MSPSS,MSPSS_total,RELATIONSHIP_NO_PARTNER,Sin pareja vs con pareja,binary,1=sin pareja,W4 LIVING_ALONE,conceptual_not_equivalent,133,2,80.0,53.0,133,129,-0.1081856201925426,0.1735644747177669,-0.6233166111236946,0.5341769938696642,0.2006469170378081,-0.5391840641745677,0.5906892205124881,0.1015586820073972,0.0988527467113408,0.0027059352960564,0.003011810834905,0.2476011316420983,0.1394155114495556,2.104588058433307,EEG10,F3,theta,W4,0.0347846023678833,5290,0.529047095290471,1.0,0.936442424062965,0.9886247647640076,0.9275621110455328,1.0,0.8093238295218098,0.7406659334066594,1.0,False,False,False,False,False
feature,TARGET__OC__MSPSS__EEG18,OC,MSPSS,MSPSS_total,RELATIONSHIP_NO_PARTNER,Sin pareja vs con pareja,binary,1=sin pareja,W4 LIVING_ALONE,conceptual_not_equivalent,133,2,80.0,53.0,133,129,-0.1039152861269207,0.1741808483473955,-0.5965942129278562,0.5518238775228141,0.156447463025565,-0.664218416312318,0.5077360282197316,0.0945615810241353,0.0920633805837763,0.0024982004403589,0.0027591058519304,0.231262220083978,0.1273469339570572,2.143573060500087,EEG18,C3,theta,W4,0.0358267801609531,5466,0.5466453354664533,1.0,0.936442424062965,0.973689025705312,0.9275621110455328,1.0,0.8093238295218098,0.6957304269573042,1.0,False,False,False,False,False
feature,TARGET__OC__MSPSS__EEG22,OC,MSPSS,MSPSS_total,RELATIONSHIP_NO_PARTNER,Sin pareja vs con pareja,binary,1=sin pareja,W4 LIVING_ALONE,conceptual_not_equivalent,133,2,80.0,53.0,133,129,-0.102239337101649,0.1716446149798953,-0.5956454684793012,0.5524556943470672,0.1470621509382464,-0.6952117621656492,0.4881730131840291,0.0910455594964816,0.0885456281072513,0.0024999313892303,0.0027503373962786,0.2232213057011348,0.1209819685994858,2.0891291675671,EEG22,C4,theta,W4,0.0364824153601674,5478,0.5478452154784521,1.0,0.936442424062965,0.973689025705312,0.9275621110455328,1.0,0.8093238295218098,0.8051194880511949,1.0,False,False,False,False,False
feature,TARGET__OC__MSPSS__EEG30,OC,MSPSS,MSPSS_total,RELATIONSHIP_NO_PARTNER,Sin pareja vs con pareja,binary,1=sin pareja,W4 LIVING_ALONE,conceptual_not_equivalent,133,2,80.0,53.0,133,129,-0.1256686802253805,0.1698906264016596,-0.7397034367762675,0.4608239665200457,0.140395540707797,-0.8951044997001197,0.3723983618688249,0.0855905642161455,0.0817120421948559,0.0038785220212895,0.0042415594913068,0.2193667835037198,0.0936981032783393,2.078602981470405,EEG30,P4,theta,W4,0.0367556740163888,4507,0.4507549245075492,1.0,0.936442424062965,0.9558285858859924,0.9245162440277712,1.0,0.8093238295218098,0.8988851114888512,1.0,False,False,False,False,False
feature,TARGET__OC__MSPSS__EEG53,OC,MSPSS,MSPSS_total,RELATIONSHIP_NO_PARTNER,Sin pareja vs con pareja,binary,1=sin pareja,W4 LIVING_ALONE,conceptual_not_equivalent,133,2,80.0,53.0,133,129,-0.1951154613059458,0.1733828685417457,-1.1253445219068308,0.2625324636649756,0.1617734544366524,-1.206103077822014,0.2299851543921872,0.0758842030172606,0.0668121059936042,0.0090720970236564,0.009817056534773,0.1825794032869122,-0.0125360580190335,2.073054482643528,EEG53,T8,delta,W4,0.0369640002416077,2603,0.2603739626037396,1.0,0.9240553659651414,0.9094288929128624,0.9118465316098148,1.0,0.8093238295218098,0.7165533446655334,0.987901209879012,False,False,False,False,False
feature,TARGET__OC__MSPSS__EEG1,OC,MSPSS,MSPSS_total,RELATIONSHIP_NO_PARTNER,Sin pareja vs con pareja,binary,1=sin pareja,W4 LIVING_ALONE,conceptual_not_equivalent,133,2,80.0,53.0,133,129,-0.0755552159188597,0.1752386531891455,-0.4311561093619485,0.6670744957622738,0.1993622245960324,-0.3789846149237013,0.7053223516492062,0.061080098544882,0.059727066997248,0.0013530315476339,0.0014410510902336,0.0933835706335253,0.0178283547146655,2.0897229138399736,EEG1,Fp1,delta,W4,0.0371765040761449,6652,0.6652334766523348,1.0,0.95686915375736,0.996296827095842,0.9505274372161178,1.0,0.8093238295218098,0.8741125887411259,1.0,False,False,False,False,False
feature,TARGET__OC__MSPSS__EEG46,OC,MSPSS,MSPSS_total,RELATIONSHIP_NO_PARTNER,Sin pareja vs con pareja,binary,1=sin pareja,W4 LIVING_ALONE,conceptual_not_equivalent,133,2,80.0,53.0,133,129,-0.1201186148550307,0.1742393763907132,-0.6893884570940931,0.4918170353447673,0.1779045117379379,-0.6751858830425354,0.5007661039719865,0.1162360724408609,0.112980146066971,0.0032559263738899,0.0036841584866248,0.283113525252248,0.1629949103972173,2.162126502496889,EEG46,F8,theta,W4,0.037300816525276,4927,0.4927507249275072,1.0,0.936442424062965,0.973689025705312,0.9275621110455328,1.0,0.8093238295218098,0.8126965081269649,1.0,False,False,False,False,False
feature,TARGET__OC__MSPSS__EEG9,OC,MSPSS,MSPSS_total,RELATIONSHIP_NO_PARTNER,Sin pareja vs con pareja,binary,1=sin pareja,W4 LIVING_ALONE,conceptual_not_equivalent,133,2,80.0,53.0,133,129,-0.0710097300209091,0.1722750226845128,-0.4121881913836644,0.6808856448791591,0.2126983054610034,-0.333851884090013,0.7390334188834299,0.0863719431024437,0.0851686517127081,0.0012032913897356,0.0013170473264817,0.1996851280915944,0.1286753980706853,2.055467194705209,EEG9,F3,delta,W4,0.0373805689785554,6762,0.6762323767623237,1.0,0.9570681755329546,0.996296827095842,0.9505274372161178,1.0,0.8093238295218098,0.9167916541679164,1.0,False,False,False,False,False
feature,TARGET__OC__MSPSS__EEG38,OC,MSPSS,MSPSS_total,RELATIONSHIP_NO_PARTNER,Sin pareja vs con pareja,binary,1=sin pareja,W4 LIVING_ALONE,conceptual_not_equivalent,133,2,80.0,53.0,133,129,-0.0604979767390905,0.1715809037976055,-0.3525915495261239,0.7249700977976565,0.1565624935040187,-0.386414238717638,0.6998265267055023,0.0958525644843478,0.0949812130640217,0.0008713514203261,0.000963727137963,0.2225992464805843,0.1621012697414938,2.0832569609788525,EEG38,O2,theta,W4,0.0381984113175509,7210,0.7210278972102789,1.0,0.970198685312858,0.996296827095842,0.9639643246301556,1.0,0.8384045316398593,0.944005599440056,1.0,False,False,False,False,False
feature,TARGET__OC__MSPSS__EEG14,OC,MSPSS,MSPSS_total,RELATIONSHIP_NO_PARTNER,Sin pareja vs con pareja,binary,1=sin pareja,W4 LIVING_ALONE,conceptual_not_equivalent,133,2,80.0,53.0,133,129,-0.2048492603300038,0.1739362369185758,-1.1777261826464551,0.2410739690957732,0.1589667994203986,-1.2886292048207242,0.1998333144019922,0.1109139518561614,0.1013542852769697,0.0095596665791917,0.0107522400100075,0.2887986771453845,0.0839494168153807,2.1522959217215445,EEG14,F4,theta,W4,0.0385821877448471,2336,0.2336766323367663,1.0,0.9240553659651414,0.9094288929128624,0.9118465316098148,1.0,0.8093238295218098,0.653949989616423,0.9806019398060194,False,False,False,False,False
feature,TARGET__OC__MSPSS__EEG2,OC,MSPSS,MSPSS_total,RELATIONSHIP_NO_PARTNER,Sin pareja vs con pareja,binary,1=sin pareja,W4 LIVING_ALONE,conceptual_not_equivalent,133,2,80.0,53.0,133,129,-0.0717568730044838,0.175042185567004,-0.4099404539085591,0.6825296057389468,0.1573205771911251,-0.4561188007676078,0.6490715065779447,0.0783491804014663,0.0771485253327437,0.0012006550687225,0.0013027222926417,0.1731320514963476,0.1013751784918637,2.080536575045275,EEG2,Fp1,theta,W4,0.0390269244562189,6798,0.6798320167983202,1.0,0.9574563607560376,0.9932928151720596,0.9507614975554236,1.0,0.8093238295218098,0.7931373529313736,1.0,False,False,False,False,False
feature,TARGET__OC__MSPSS__EEG17,OC,MSPSS,MSPSS_total,RELATIONSHIP_NO_PARTNER,Sin pareja vs con pareja,binary,1=sin pareja,W4 LIVING_ALONE,conceptual_not_equivalent,133,2,80.0,53.0,133,129,-0.1712695326676953,0.1754753108574456,-0.9760320801302524,0.3308753366323023,0.1413359843997307,-1.2117900009335598,0.2278077347710013,0.0819061099583374,0.0751261743167491,0.0067799356415882,0.007384795515065,0.2025482941981343,0.031278761530439,2.1120999308939346,EEG17,C3,delta,W4,0.0392538879333417,3251,0.3251674832516748,1.0,0.9240553659651414,0.9094288929128624,0.9118465316098148,1.0,0.8093238295218098,0.8490787284907874,0.9975002499750024,False,False,False,False,False
feature,TARGET__OC__MSPSS__EEG21,OC,MSPSS,MSPSS_total,RELATIONSHIP_NO_PARTNER,Sin pareja vs con pareja,binary,1=sin pareja,W4 LIVING_ALONE,conceptual_not_equivalent,133,2,80.0,53.0,133,129,-0.193142858607084,0.1699377382170812,-1.136550719301443,0.2578330654505763,0.1513795246649871,-1.275884958910539,0.2042887542710635,0.0780552938835533,0.0688233574193811,0.0092319364641721,0.0100135468026714,0.2017461319003516,0.0086032732932675,2.0445012459741574,EEG21,C4,delta,W4,0.0394069913028541,2492,0.2492750724927507,1.0,0.9240553659651414,0.9094288929128624,0.9118465316098148,1.0,0.8093238295218098,0.8879778688797786,0.9863013698630136,False,False,False,False,False
feature,TARGET__OC__MSPSS__EEG50,OC,MSPSS,MSPSS_total,RELATIONSHIP_NO_PARTNER,Sin pareja vs con pareja,binary,1=sin pareja,W4 LIVING_ALONE,conceptual_not_equivalent,133,2,80.0,53.0,133,129,-0.1559493223896318,0.1683248946881837,-0.9264780630252152,0.3559276723548473,0.1594277547200982,-0.978181764294596,0.3298153104762933,0.1038779019657187,0.0979151360820024,0.0059627658837163,0.0066539659012942,0.2736072648467954,0.1176579424571635,2.056436757172936,EEG50,T7,theta,W4,0.039647610447041,3464,0.3464653534646535,1.0,0.9240553659651414,0.9488919985621757,0.9118465316098148,1.0,0.8093238295218098,0.692930706929307,0.9989001099890013,False,False,False,False,False
feature,TARGET__OC__MSPSS__EEG42,OC,MSPSS,MSPSS_total,RELATIONSHIP_NO_PARTNER,Sin pareja vs con pareja,binary,1=sin pareja,W4 LIVING_ALONE,conceptual_not_equivalent,133,2,80.0,53.0,133,129,0.0286295167157686,0.1702047547191776,0.1682063275083281,0.8666843975877201,0.1641897373859297,0.1743684908178802,0.8618492323064708,0.0951483704122744,0.0949499107169506,0.0001984596953237,0.0002193284388669,0.1864100768392965,0.2150395935550651,2.042606323842304,EEG42,F7,theta,W4,0.0403006852011876,8694,0.8694130586941305,1.0,0.9827782335685468,0.996296827095842,0.9805750194211348,1.0,0.9095965403459656,0.9246075392460754,1.0,False,False,False,False,False
feature,TARGET__OC__MSPSS__EEG26,OC,MSPSS,MSPSS_total,RELATIONSHIP_NO_PARTNER,Sin pareja vs con pareja,binary,1=sin pareja,W4 LIVING_ALONE,conceptual_not_equivalent,133,2,80.0,53.0,133,129,-0.1569098814568393,0.1712307164004701,-0.9163652687749224,0.3611852658422106,0.1361295415701229,-1.1526512147696617,0.2511850378007001,0.0850007816588507,0.079044595624403,0.0059561860344476,0.0065094984947047,0.2203975959229458,0.0634877144661065,2.0905357607011967,EEG26,P3,theta,W4,0.0403167916358557,3560,0.3560643935606439,1.0,0.9240553659651414,0.9360197031821096,0.9118465316098148,1.0,0.8093238295218098,0.7367929873679299,0.9991000899910008,False,False,False,False,False
feature,TARGET__OC__MSPSS__EEG34,OC,MSPSS,MSPSS_total,RELATIONSHIP_NO_PARTNER,Sin pareja vs con pareja,binary,1=sin pareja,W4 LIVING_ALONE,conceptual_not_equivalent,133,2,80.0,53.0,133,129,-0.0986206786221759,0.1721040321220941,-0.5730294485617418,0.5676222685506255,0.1463642008729005,-0.673803279996151,0.5016419255248656,0.0902618351339333,0.0879461442454687,0.0023156908884646,0.0025454476660386,0.2188151169735481,0.1201944383513722,2.0785242742292027,EEG34,O1,theta,W4,0.0410297253297877,5669,0.5669433056694331,1.0,0.936442424062965,0.973689025705312,0.9275621110455328,1.0,0.8093238295218098,0.7384897873848979,1.0,False,False,False,False,False
feature,TARGET__OC__MSPSS__EEG45,OC,MSPSS,MSPSS_total,RELATIONSHIP_NO_PARTNER,Sin pareja vs con pareja,binary,1=sin pareja,W4 LIVING_ALONE,conceptual_not_equivalent,133,2,80.0,53.0,133,129,-0.1265809237231387,0.1810751696473256,-0.6990518024623494,0.4857781327623071,0.1751071433177082,-0.7228769844841494,0.471064042083881,0.103739377614647,0.1003441935385522,0.0033951840760947,0.003788166066092,0.2510057880477988,0.12442486432466,2.221103020425793,EEG45,F8,delta,W4,0.0433332040268562,4872,0.4872512748725127,1.0,0.936442424062965,0.973689025705312,0.9275621110455328,1.0,0.8093238295218098,0.9927007299270072,1.0,False,False,False,False,False
feature,TARGET__OC__MSPSS__EEG33,OC,MSPSS,MSPSS_total,RELATIONSHIP_NO_PARTNER,Sin pareja vs con pareja,binary,1=sin pareja,W4 LIVING_ALONE,conceptual_not_equivalent,133,2,80.0,53.0,133,129,-0.12471015652576,0.1723940763804798,-0.7234016338851479,0.4707428493244611,0.1568169855943836,-0.7952592383603792,0.4279235368955467,0.0783318486696829,0.0745929487461104,0.0037388999235724,0.0040566660768041,0.1877708604520738,0.0630607039263137,2.053555640871845,EEG33,O1,delta,W4,0.044927486351673,4663,0.4663533646635336,1.0,0.936442424062965,0.966726382407614,0.9275621110455328,1.0,0.8093238295218098,0.9883011698830118,1.0,False,False,False,False,False
feature,TARGET__OC__MSPSS__EEG49,OC,MSPSS,MSPSS_total,RELATIONSHIP_NO_PARTNER,Sin pareja vs con pareja,binary,1=sin pareja,W4 LIVING_ALONE,conceptual_not_equivalent,133,2,80.0,53.0,133,129,-0.2648163287646513,0.168717538174265,-1.5695838833964475,0.1189616202380111,0.1574760212131268,-1.6816295377837298,0.0950600943453032,0.088802868774421,0.0714011680707584,0.0174017007036625,0.019097624550526,0.2465405661367945,-0.0182757626278566,2.043319048908668,EEG49,T7,delta,W4,0.04614990038853,1156,0.1156884311568843,1.0,0.9240553659651414,0.7815271047854544,0.9118465316098148,1.0,0.8093238295218098,0.5398793453987935,0.8384161583841616,False,False,False,False,False
feature,TARGET__OC__MSPSS__EEG25,OC,MSPSS,MSPSS_total,RELATIONSHIP_NO_PARTNER,Sin pareja vs con pareja,binary,1=sin pareja,W4 LIVING_ALONE,conceptual_not_equivalent,133,2,80.0,53.0,133,129,-0.1633534769486099,0.1709304555830024,-0.9556721556228864,0.3410253881236834,0.1440249328597431,-1.1342027640984196,0.2588127769639993,0.0677407267890143,0.0611404086854059,0.0066003181036083,0.0070799168142086,0.1494667989956677,-0.0138866779529421,2.0610288251805,EEG25,P3,delta,W4,0.0477275509808306,3364,0.3364663533646635,1.0,0.9240553659651414,0.9360197031821096,0.9118465316098148,1.0,0.8093238295218098,0.8677732226777323,0.9983001699830018,False,False,False,False,False
feature,TARGET__OC__MSPSS__EEG37,OC,MSPSS,MSPSS_total,RELATIONSHIP_NO_PARTNER,Sin pareja vs con pareja,binary,1=sin pareja,W4 LIVING_ALONE,conceptual_not_equivalent,133,2,80.0,53.0,133,129,-0.0724170978032334,0.1707517743129914,-0.424107439554282,0.6721938581360613,0.1814595079837943,-0.3990813080442212,0.6904931783906929,0.0891463144233599,0.0878762940402132,0.0012700203831467,0.0013943187619015,0.2096302725738861,0.1372131747706527,2.060575691195349,EEG37,O2,delta,W4,0.0480635496317914,6688,0.6688331166883311,1.0,0.9570681755329546,0.996296827095842,0.9505274372161178,1.0,0.8093238295218098,0.967903209679032,1.0,False,False,False,False,False
feature,TARGET__OC__MSPSS__EEG29,OC,MSPSS,MSPSS_total,RELATIONSHIP_NO_PARTNER,Sin pareja vs con pareja,binary,1=sin pareja,W4 LIVING_ALONE,conceptual_not_equivalent,133,2,80.0,53.0,133,129,-0.2106089453406113,0.1697740590077774,-1.2405248868495469,0.2170327997212561,0.1478181870281426,-1.4247837128493142,0.1566345613474456,0.0730719795700551,0.062014216936242,0.011057762633813,0.0119294728286281,0.1869373535164489,-0.0236715918241623,2.058510472908008,EEG29,P4,delta,W4,0.0493899977715527,2072,0.2072792720727927,1.0,0.9240553659651414,0.8910854983100159,0.9118465316098148,1.0,0.8093238295218098,0.7401759824017599,0.9695030496950304,False,False,False,False,False
feature,TARGET__OA__MSPSS__EEG62,OA,MSPSS,MSPSS_total,RELATIONSHIP_NO_PARTNER,Sin pareja vs con pareja,binary,1=sin pareja,W4 LIVING_ALONE,conceptual_not_equivalent,133,2,80.0,53.0,133,129,-0.1162348357465797,0.1677426376598934,-0.6929355432114502,0.4895956357951365,0.1601509587483281,-0.725782952877846,0.4692865332583209,0.1193160386656795,0.1160379850405104,0.003278053625169,0.0037221679615948,0.2942978380609682,0.1780630023143884,2.057546409459011,EEG62,P8,theta,W4,0.0492521790867692,4825,0.4825517448255174,1.0,0.936442424062965,0.973689025705312,0.9275621110455328,1.0,0.8093238295218098,0.8444655534446556,1.0,False,False,False,False,False
feature,TARGET__OA__MSPSS__EEG61,OA,MSPSS,MSPSS_total,RELATIONSHIP_NO_PARTNER,Sin pareja vs con pareja,binary,1=sin pareja,W4 LIVING_ALONE,conceptual_not_equivalent,133,2,80.0,53.0,133,129,-0.1599790959286805,0.168795069584736,-0.9477711423814434,0.3450180515049046,0.1510439507444894,-1.0591559287224024,0.2915079532670076,0.0835162780896959,0.0771344954566842,0.0063817826330117,0.0069633344056669,0.2305462365740774,0.0705671406453969,2.056423272029801,EEG61,P8,delta,W4,0.0497293732930649,3381,0.3381661833816618,1.0,0.9240553659651414,0.9488919985621757,0.9118465316098148,1.0,0.8093238295218098,0.6911308869113089,0.9987001299870012,False,False,False,False,False
feature,TARGET__DELTA_OC_MINUS_OA__MSPSS__EEG43,DELTA_OC_MINUS_OA,MSPSS,MSPSS_total,RELATIONSHIP_NO_PARTNER,Sin pareja vs con pareja,binary,1=sin pareja,W4 LIVING_ALONE,conceptual_not_equivalent,133,2,80.0,53.0,133,129,-0.0797941648587631,0.1723926199508285,-0.4628629977404064,0.644242434687602,0.1918457918665188,-0.4159286689711793,0.6781533164552996,0.073216545687575,0.0716773512366362,0.0015391944509388,0.0016607918967228,-0.0862947123380716,-0.1660888771968347,2.125746840099771,EEG43,F7,alpha,W3,0.0076950147436451,6497,0.6497350264973503,1.0,0.9434512641868648,0.996296827095842,0.9455603296219234,1.0,0.8093238295218098,0.758024197580242,1.0,False,False,False,False,False
feature,TARGET__DELTA_OC_MINUS_OA__MSPSS__EEG23,DELTA_OC_MINUS_OA,MSPSS,MSPSS_total,RELATIONSHIP_NO_PARTNER,Sin pareja vs con pareja,binary,1=sin pareja,W4 LIVING_ALONE,conceptual_not_equivalent,133,2,80.0,53.0,133,129,-0.0944412586028204,0.1677251986736599,-0.5630713771672028,0.5743636373557958,0.1859561406285469,-0.5078684591086975,0.6124128792972126,0.0963862412531999,0.0941653871589255,0.0022208540942744,0.0024577470991084,-0.1501327046913559,-0.2445739632941763,2.0588580994480896,EEG23,C4,alpha,W3 | W4,0.0084238953858853,5694,0.5694430556944305,1.0,0.936442424062965,0.9891728224328948,0.9275621110455328,1.0,0.8093238295218098,0.8465335284653354,1.0,False,False,False,False,False
feature,TARGET__DELTA_OC_MINUS_OA__MSPSS__EEG45,DELTA_OC_MINUS_OA,MSPSS,MSPSS_total,RELATIONSHIP_NO_PARTNER,Sin pareja vs con pareja,binary,1=sin pareja,W4 LIVING_ALONE,conceptual_not_equivalent,133,2,80.0,53.0,133,129,-0.2197616232947991,0.1768125183752883,-1.2429076024376873,0.2161562728208027,0.1594750495057023,-1.378031384695956,0.170579223962203,0.0736258105397534,0.0625321614351495,0.0110936491046039,0.0119753434743985,0.17102433608681,-0.0487372872079891,2.2013640064505147,EEG45,F8,delta,W2,0.0094547706672181,2145,0.2145785421457854,1.0,0.9240553659651414,0.8910854983100159,0.9118465316098148,1.0,0.8093238295218098,0.7000855470008553,0.969003099690031,False,False,False,False,False
feature,TARGET__DELTA_OC_MINUS_OA__MSPSS__EEG55,DELTA_OC_MINUS_OA,MSPSS,MSPSS_total,RELATIONSHIP_NO_PARTNER,Sin pareja vs con pareja,binary,1=sin pareja,W4 LIVING_ALONE,conceptual_not_equivalent,133,2,80.0,53.0,133,129,0.1002667811188698,0.167001297369279,0.6003952226619919,0.5492962001519166,0.1983570507160215,0.5054863477599142,0.6140798870012928,0.1331173987532141,0.1306950033591373,0.0024223953940768,0.0027943753751579,-0.3310966604857699,-0.2308298793669001,2.1348835121266148,EEG55,T8,alpha,W3,0.015348005968504,5546,0.5546445355464453,1.0,0.936442424062965,0.9891728224328948,0.9275621110455328,1.0,0.8093238295218098,0.7542700275427002,1.0,False,False,False,False,False
feature,TARGET__DELTA_OC_MINUS_OA__MSPSS__EEG51,DELTA_OC_MINUS_OA,MSPSS,MSPSS_total,RELATIONSHIP_NO_PARTNER,Sin pareja vs con pareja,binary,1=sin pareja,W4 LIVING_ALONE,conceptual_not_equivalent,133,2,80.0,53.0,133,129,-0.0844005835801863,0.1728574205480784,-0.4882670545040979,0.6261896330002595,0.1930240140517964,-0.4372543177842016,0.6626580468212226,0.0705925735954937,0.068874937052718,0.0017176365427756,0.0018480985776286,-0.0800900837901564,-0.1644906673703428,2.0910387267962367,EEG51,T7,alpha,W2,0.0328030420497389,6243,0.6243375662433757,1.0,0.936442424062965,0.9937311736429768,0.931847113796083,1.0,0.8093238295218098,0.6536346365363463,1.0,False,False,False,False,False
feature,TARGET__DELTA_OC_MINUS_OA__BAI__EEG8,DELTA_OC_MINUS_OA,BAI,STAI_Trait_Anxiety,RELATIONSHIP_NO_PARTNER,Sin pareja vs con pareja,binary,1=sin pareja,W4 LIVING_ALONE,conceptual_not_equivalent,133,2,80.0,53.0,133,129,-0.0115744995958499,0.1734622364482217,-0.0667263367107853,0.9469028729590748,0.1985270638515639,-0.0583018726580472,0.9535983916488774,0.0303623362492936,0.0303288694382616,3.346681103200133e-05,3.451475977381757e-05,0.0417509889150376,0.0301764893191877,2.0499796298295765,EEG8,Fp2,beta,W4,0.0343388639933498,9443,0.9443055694430555,1.0,0.987827140195756,0.996296827095842,0.9844848848448488,1.0,0.9635771116765874,0.9868013198680132,1.0,False,False,False,False,False
feature,TARGET__DELTA_OC_MINUS_OA__MSPSS__EEG11,DELTA_OC_MINUS_OA,MSPSS,MSPSS_total,RELATIONSHIP_NO_PARTNER,Sin pareja vs con pareja,binary,1=sin pareja,W4 LIVING_ALONE,conceptual_not_equivalent,133,2,80.0,53.0,133,129,-0.0853529125310361,0.1708450338989674,-0.4995925874059132,0.6182130228621071,0.1701418803134036,-0.5016572778778212,0.6167637103562255,0.0862884420146324,0.0845205677234487,0.0017678742911837,0.0019348275456662,-0.128123887301838,-0.2134767998328741,2.1212849931036817,EEG11,F3,alpha,W3,0.0345540481569964,6216,0.6216378362163784,1.0,0.936442424062965,0.9891728224328948,0.9311462016191544,1.0,0.8093238295218098,0.7911754279117543,1.0,False,False,False,False,False
feature,TARGET__DELTA_OC_MINUS_OA__MSPSS__EEG7,DELTA_OC_MINUS_OA,MSPSS,MSPSS_total,RELATIONSHIP_NO_PARTNER,Sin pareja vs con pareja,binary,1=sin pareja,W4 LIVING_ALONE,conceptual_not_equivalent,133,2,80.0,53.0,133,129,0.0448645127005633,0.1669324703324782,0.2687584543091407,0.7885449122655465,0.1724826310439731,0.2601103220017874,0.7951933831849479,0.1281279369369298,0.1276397486883216,0.0004881882486081,0.0005599310601753,-0.2956967053315493,-0.250832192630986,2.1114048929524905,EEG7,Fp2,alpha,W2,0.0346170182546974,7849,0.7849215078492151,1.0,0.9827782335685468,0.996296827095842,0.9792965340144184,1.0,0.8721350087213501,0.8599447747532938,1.0,False,False,False,False,False
feature,TARGET__DELTA_OC_MINUS_OA__MSPSS__EEG59,DELTA_OC_MINUS_OA,MSPSS,MSPSS_total,RELATIONSHIP_NO_PARTNER,Sin pareja vs con pareja,binary,1=sin pareja,W4 LIVING_ALONE,conceptual_not_equivalent,133,2,80.0,53.0,133,129,-0.0552448832120117,0.1673200097178771,-0.3301749940438185,0.7418033362122135,0.1929082519578112,-0.2863790566309921,0.7750472265432539,0.1170725523581391,0.1163264066160048,0.0007461457421343,0.0008450816022621,-0.2229374622862296,-0.2781823454982413,2.087575660105319,EEG59,P7,alpha,W3,0.0405515036123669,7418,0.7418258174182581,1.0,0.9767511278031308,0.996296827095842,0.9760866018661292,1.0,0.8429838834298388,0.8654634536546345,1.0,False,False,False,False,False
feature,TARGET__DELTA_OC_MINUS_OA__MSPSS__EEG31,DELTA_OC_MINUS_OA,MSPSS,MSPSS_total,RELATIONSHIP_NO_PARTNER,Sin pareja vs con pareja,binary,1=sin pareja,W4 LIVING_ALONE,conceptual_not_equivalent,133,2,80.0,53.0,133,129,-0.1120330735735188,0.169005545233597,-0.6628958441491865,0.5085800020518116,0.1646109535005518,-0.680593066202871,0.4973487671195228,0.100547918566041,0.0974839880402849,0.0030639305257561,0.0034064410867463,-0.1489569723658567,-0.2609900459393756,2.108506558334393,EEG31,P4,alpha,W3,0.0409085023412764,5089,0.5089491050894911,1.0,0.936442424062965,0.973689025705312,0.9275621110455328,1.0,0.8093238295218098,0.7125287471252875,1.0,False,False,False,False,False
feature,TARGET__DELTA_OC_MINUS_OA__BAI__EEG4,DELTA_OC_MINUS_OA,BAI,STAI_Trait_Anxiety,RELATIONSHIP_NO_PARTNER,Sin pareja vs con pareja,binary,1=sin pareja,W4 LIVING_ALONE,conceptual_not_equivalent,133,2,80.0,53.0,133,129,0.2805723140006728,0.1736806574134438,1.615449401096952,0.1086565834029218,0.1508144362078003,1.8603810156083795,0.0651087477159361,0.050051946096392,0.0308344471304355,0.0192174989659564,0.0202300524612754,-0.1619825850216515,0.1185897289790212,2.0545033705724083,EEG4,Fp1,beta,W4,0.0411042368767334,1117,0.1117888211178882,1.0,0.9240553659651414,0.7387301908371406,0.9118465316098148,1.0,0.8093238295218098,0.4577542245775422,0.8121187881211879,False,False,False,False,False
feature,TARGET__DELTA_OC_MINUS_OA__BAI__EEG59,DELTA_OC_MINUS_OA,BAI,STAI_Trait_Anxiety,RELATIONSHIP_NO_PARTNER,Sin pareja vs con pareja,binary,1=sin pareja,W4 LIVING_ALONE,conceptual_not_equivalent,133,2,80.0,53.0,133,129,0.0359888235604274,0.1719282044046526,0.209324721822393,0.8345249577241077,0.1724758330352384,0.208660094154029,0.8350427080703537,0.0677690643650194,0.067452417752831,0.0003166466121883,0.0003396654198915,0.1810213197322829,0.2170101432927103,2.087575660105319,EEG59,P7,alpha,W4,0.0416182735950191,8311,0.8311168883111689,1.0,0.9827782335685468,0.996296827095842,0.9805750194211348,1.0,0.9033879220773576,0.8950489566427973,1.0,False,False,False,False,False
feature,TARGET__DELTA_OC_MINUS_OA__MSPSS__EEG39,DELTA_OC_MINUS_OA,MSPSS,MSPSS_total,RELATIONSHIP_NO_PARTNER,Sin pareja vs con pareja,binary,1=sin pareja,W4 LIVING_ALONE,conceptual_not_equivalent,133,2,80.0,53.0,133,129,0.0038997666056013,0.1704762799415365,0.0228757138936791,0.9817847598943286,0.171066646587826,0.0227967677123967,0.981847611361892,0.0903805273336165,0.0903768373932203,3.6899403962342703e-06,4.056575861791837e-06,-0.1909823382478359,-0.1870825716422346,2.1250404956954383,EEG39,O2,alpha,W3,0.0454113384125685,9785,0.9785021497850216,1.0,0.9957494258412956,0.9965523916828825,0.9956707817590332,1.0,0.9785021497850216,0.9785021497850216,1.0,False,False,False,False,False
feature,TARGET__DELTA_OC_MINUS_OA__BAI__EEG3,DELTA_OC_MINUS_OA,BAI,STAI_Trait_Anxiety,RELATIONSHIP_NO_PARTNER,Sin pareja vs con pareja,binary,1=sin pareja,W4 LIVING_ALONE,conceptual_not_equivalent,133,2,80.0,53.0,133,129,0.1420328980875145,0.1741930412376273,0.8153764184744832,0.4163597811523535,0.1947262344149049,0.729397857018504,0.4670806327490309,0.0552337124812823,0.0503645869464614,0.0048691255348209,0.0051537884015834,0.0697531138223252,0.2117860119098397,2.121021377712432,EEG3,Fp1,alpha,W2,0.0459919248789558,4250,0.4250574942505749,1.0,0.936442424062965,0.973689025705312,0.9245162440277712,1.0,0.8093238295218098,0.6593340665933406,0.999900009999,False,False,False,False,False
feature,TARGET__DELTA_OC_MINUS_OA__BAI__EEG12,DELTA_OC_MINUS_OA,BAI,STAI_Trait_Anxiety,RELATIONSHIP_NO_PARTNER,Sin pareja vs con pareja,binary,1=sin pareja,W4 LIVING_ALONE,conceptual_not_equivalent,133,2,80.0,53.0,133,129,0.0807681985372811,0.1731851761820104,0.4663690063888439,0.6417379857428439,0.1791586807864644,0.4508193417295087,0.6528766088311678,0.0337123805865466,0.0320831743411754,0.0016292062453712,0.001686046900156,0.0160229845848812,0.0967911831221623,2.045804632477995,EEG12,F3,beta,W4,0.0478588951311882,6462,0.6462353764623537,1.0,0.9417538574842572,0.9932928151720596,0.9446138719461388,1.0,0.8093238295218098,0.7104827978740588,1.0,False,False,False,False,False
feature,TARGET__DELTA_OC_MINUS_OA__MSPSS__EEG36,DELTA_OC_MINUS_OA,MSPSS,MSPSS_total,RELATIONSHIP_NO_PARTNER,Sin pareja vs con pareja,binary,1=sin pareja,W4 LIVING_ALONE,conceptual_not_equivalent,133,2,80.0,53.0,133,129,-0.0273571387509472,0.1738926066713232,-0.1573220349882694,0.875237030159355,0.1805540891453722,-0.1515176913491049,0.8798040541254033,0.0672871076377702,0.067108155298278,0.0001789523394921,0.0001918621914177,-0.0962512889184155,-0.1236084276693628,2.0890021443830364,EEG36,O1,beta,W5,0.0490054593140692,8732,0.8732126787321268,1.0,0.9827782335685468,0.996296827095842,0.9805750194211348,1.0,0.9095965403459656,0.954104589541046,1.0,False,False,False,False,False
feature,TARGET__DELTA_OC_MINUS_OA__MSPSS__EEG19,DELTA_OC_MINUS_OA,MSPSS,MSPSS_total,RELATIONSHIP_NO_PARTNER,Sin pareja vs con pareja,binary,1=sin pareja,W4 LIVING_ALONE,conceptual_not_equivalent,133,2,80.0,53.0,133,129,-0.0973887085209771,0.1665265006093664,-0.5848240860439929,0.5596875040736331,0.1795379409719082,-0.5424408233366969,0.5884507404799243,0.127741371541241,0.1254287420185141,0.0023126295227268,0.0026513117179627,-0.2207940325032411,-0.3181827410242182,2.1103557163294515,EEG19,C3,alpha,W3,0.0494633433241626,5598,0.5598440155984401,1.0,0.936442424062965,0.9886247647640076,0.9275621110455328,1.0,0.8093238295218098,0.8465153484651535,1.0,False,False,False,False,False
